system,chain,triple,tag,err_lucj,full_capture,n_unique_alpha,n_unique_beta,depth,status,err_sqd,captured,retained_J,retained_J_samespin,retained_J_oppspin,entropy_alpha,gini_alpha,top15_mass_alpha,w16_w15_alpha,S0,S1,S2,S3,S4
H10,identity,"(0, 1, 6)",identity_0-1-6,491.1771192923107,1.000000000000403,252,252,3232,OK,287.9825389173369,0.5885763371019783,0.2445971400200526,0.3930745534684346,0.0961197265716705,1.9134891868728157,0.9403410833333332,0.8590045,0.9907705516205194,8.23207604480229,51.84613669806938,7.971890495640298,454.2843195829651,413.31172437900693
H10,identity,"(0, 1, 7)",identity_0-1-7,479.6226885678667,1.0000000000004,252,252,3232,OK,225.95309927133388,0.6256356334818867,0.2455465690749904,0.3930745534684346,0.0980185846815462,1.9271639107248408,0.9390557182539684,0.8551945,0.9357735746360047,8.606656673386103,53.53198902735182,8.369447032967402,469.707119973546,448.0331467338132
H10,identity,"(0, 1, 4)",identity_0-1-4,495.9167643847708,1.000000000000401,252,252,3232,OK,225.9529912288274,0.6356385055764427,0.2441999962788572,0.3930745534684346,0.0953254390892798,1.890115189261512,0.9416222063492063,0.862191,0.9590846549351872,7.954731276678526,50.60552144834372,7.617729304213286,443.24477808249594,385.499163692042
H10,identity,"(0, 1, 5)",identity_0-1-5,495.82634686413394,1.0000000000003966,252,252,3232,OK,225.9529912288274,0.6356385055764427,0.2441999962788572,0.3930745534684346,0.0953254390892798,1.8948412820570495,0.9412620476190476,0.8618395,0.960475741533106,7.954731276678526,50.60552144834372,7.662480263796756,443.240964493848,387.76380933707725
H10,identity,"(0, 1, 8)",identity_0-1-8,487.0496842892686,1.0000000000003988,252,252,3232,OK,237.40961119760317,0.6136709749648273,0.2591494578177232,0.3930745534684346,0.1252243621670118,2.207599870122,0.9233613095238096,0.8122425,0.9785893471792776,11.2695437397008,72.66678684729858,11.048797057285551,636.7929459314156,802.880580680829
H10,identity,"(0, 1, 2)",identity_0-1-2,496.03208162255544,1.00000000000041,252,252,3232,OK,224.59889961938285,0.6282143489644749,0.2455465690749904,0.3930745534684346,0.0980185846815462,1.9938689463900845,0.9358114444444444,0.848487,0.980041342932497,8.606656673386103,53.53198902735182,8.12003673834106,469.92644685982395,434.6817175785673
H10,identity,"(0, 1, 3)",identity_0-1-3,496.0783809389557,1.0000000000004046,252,252,3232,OK,225.9529912288274,0.6356385055764429,0.2445971400200526,0.3930745534684346,0.0961197265716705,1.9036887007188044,0.9407955238095238,0.860301,0.982733604178758,8.23207604480229,51.84613669806938,7.832619077107833,454.3723472792451,406.09103937563873
H10,identity,"(0, 1, 9)",identity_0-1-9,465.0262831240566,1.000000000000404,252,252,3232,OK,247.27858328064744,0.6375995619759883,0.2763446571138613,0.3930745534684346,0.159614760759288,2.663545636624043,0.9039573373015872,0.757625,0.9498135813329982,12.151581760149767,78.55769957612875,11.942631302608653,686.4032017184663,938.1856420188018
H10,identity,"(0, 2, 4)",identity_0-2-4,494.8106077309147,1.0000000000003977,252,252,3182,OK,233.2070232490526,0.6329303916639428,0.2305971075361244,0.3930745534684346,0.0681196616038142,1.8465241780214332,0.9447646468253968,0.8678715,0.9931491032253098,5.291844210363828,31.470723628396957,4.9692363663186,274.3019601525495,156.3854643285922
H10,identity,"(0, 2, 5)",identity_0-2-5,495.6278187479928,1.000000000000406,252,252,3232,OK,294.25998017798884,0.5757256819880452,0.2305971075361244,0.3930745534684346,0.0681196616038142,1.850807212911546,0.9445925555555555,0.867148,0.934038489789922,5.291844210363828,31.470723628396957,5.0243011696034285,274.2981465639016,158.11839353442107
H10,identity,"(0, 2, 3)",identity_0-2-3,491.4806864689707,1.0000000000004057,252,252,3232,OK,233.2070232490526,0.6329303916639427,0.2309942512773198,0.3930745534684346,0.0689139490862049,1.84987718892325,0.944611007936508,0.866739,0.9840769230769232,5.56918897848759,32.71133887812261,5.169732010793134,285.42952934929866,169.10885571413243
H10,identity,"(0, 2, 6)",identity_0-2-6,492.0593372179187,1.0000000000004017,252,252,3182,OK,294.25998017798884,0.5757256819880452,0.2309942512773198,0.3930745534684346,0.0689139490862049,1.870800899690233,0.9436437896825396,0.8653655,0.9633725940821602,5.569188978487591,32.71133887812261,5.341101593391358,285.34150165301867,174.71458420390536
H10,identity,"(0, 2, 7)",identity_0-2-7,484.534736524088,1.0000000000003952,252,252,3232,OK,295.8198576831057,0.5749080116609866,0.2319436803322576,0.3930745534684346,0.0708128071960806,1.908814772455374,0.9409388611111112,0.856511,0.9806102081551183,5.943769607071405,34.39719120740505,5.743953434637765,300.76430204359957,197.57586457766618
H10,identity,"(0, 3, 4)",identity_0-3-4,502.3437463768481,1.0000000000003992,252,252,3232,OK,233.2070232490526,0.6329303916639429,0.2296476784811865,0.3930745534684346,0.0662208034939385,1.7903221239470046,0.9478941865079366,0.8757125,0.9837326885029676,4.917263581780013,29.784871299114517,4.580261609314773,258.7478605719707,136.42250254971566
H10,identity,"(0, 2, 8)",identity_0-2-8,472.76989256416704,1.0000000000004037,252,252,3182,OK,303.8089550003589,0.552231926660376,0.2455465690749904,0.3930745534684346,0.0980185846815462,2.0705253777776003,0.9327570873015874,0.836432,0.9681014347681014,8.606656673386103,53.53198902735181,8.427097710013102,467.8501280014692,451.119302144843
H10,identity,"(0, 2, 9)",identity_0-2-9,487.2541096978864,1.0000000000004017,252,252,3182,OK,247.27858328064744,0.6375995619759883,0.2627417683711285,0.3930745534684346,0.1324089832738224,2.7066803550849774,0.902242738095238,0.751797,0.9255641910145048,9.488694693835068,59.422901756181986,9.323650655018852,517.46038378852,554.0383768821471
H10,identity,"(0, 3, 5)",identity_0-3-5,502.1327165142839,1.000000000000398,252,252,3232,OK,233.2070232490526,0.6329303916639428,0.2296476784811865,0.3930745534684346,0.0662208034939385,1.7917989883745682,0.9478071984126984,0.874836,0.9740557039297978,4.917263581780013,29.784871299114517,4.649720541019613,258.7440469833228,138.49132789111832
H10,identity,"(0, 4, 6)",identity_0-4-6,501.63496461475887,1.0000000000003983,251,252,3182,OK,295.8198576831057,0.5749080116609866,0.2296476784811865,0.3930745534684346,0.0662208034939385,1.8093927060657728,0.94716409561753,0.874842,0.8802039082412915,4.917263581780014,29.784871299114517,4.689176196683781,258.6598328756907,139.66650951709772
H10,identity,"(0, 4, 7)",identity_0-4-7,491.8506385829078,1.0000000000003977,252,251,3232,OK,295.8198576831057,0.5749080116609866,0.2305971075361244,0.3930745534684346,0.0681196616038142,1.830936329929692,0.9452073095238096,0.868927,0.8659990126243036,5.291844210363828,31.470723628396957,5.109732073575934,274.0826332662716,160.80696590266393
H10,identity,"(0, 3, 6)",identity_0-3-6,497.9087696589479,1.000000000000402,252,252,3232,OK,295.8198576831057,0.5749080116609866,0.2300448222223819,0.3930745534684346,0.0670150909763292,1.8150117600702451,0.9469552222222222,0.8729485,0.9573592118806058,5.194608349903776,31.02548654884017,4.976834808508902,269.7874020724399,154.40872140719247
H10,identity,"(0, 4, 5)",identity_0-4-5,507.37888900637176,1.0000000000004057,252,252,3232,OK,295.8198576831057,0.5749080116609866,0.2292505347399912,0.3930745534684346,0.0654265160115478,1.7935964410950318,0.9479152182539684,0.875861,0.9586497255845424,4.639918813656251,28.544256049388864,4.347667800774481,247.61647778657363,124.10094292299016
H10,identity,"(0, 3, 7)",identity_0-3-7,488.4993240064803,1.0000000000004043,252,252,3232,OK,295.8198576831057,0.5749080116609866,0.2309942512773198,0.3930745534684346,0.0689139490862049,1.834996791658445,0.9449503452380952,0.8670905,0.9597835624451594,5.56918897848759,32.71133887812261,5.387076841699696,285.2102024630208,176.21849613132522
H10,identity,"(0, 3, 8)",identity_0-3-8,482.0882508525921,1.0000000000004108,252,252,3232,OK,306.0917193849022,0.5500036044192987,0.2445971400200526,0.3930745534684346,0.0961197265716705,2.014645588391304,0.9364335793650792,0.845926,0.9534591194968554,8.232076044802287,51.84613669806937,8.075516420994337,452.29602842089037,418.68432827037634
H10,identity,"(0, 3, 9)",identity_0-3-9,493.0284419537516,1.000000000000404,252,252,3232,OK,247.27858328064744,0.6375995619759882,0.2617923393161906,0.3930745534684346,0.1305101251639467,2.6571064089275103,0.9077972063492064,0.762318,0.909255898366606,9.114114065251254,57.737049426899546,8.975863617057275,501.90628420794116,518.2398813071452
H10,identity,"(0, 4, 8)",identity_0-4-8,486.45040599536935,1.000000000000404,252,252,3182,OK,300.31919403956664,0.5554887797095325,0.2441999962788572,0.3930745534684346,0.0953254390892798,2.0125674116597363,0.9366000198412698,0.844925,0.983419689119171,7.954731276678526,50.60552144834372,7.805561844814962,441.1684592241412,395.00452735415695
H10,identity,"(0, 4, 9)",identity_0-4-9,497.717474328427,1.0000000000004057,252,252,3182,OK,247.27858328064744,0.6375995619759884,0.2613951955749953,0.3930745534684346,0.129715837681556,2.658516564741835,0.907071873015873,0.7617675,0.9205038547415428,8.836769297127493,56.496434177173896,8.711204344797205,490.778715011192,492.1519828697465
H10,identity,"(0, 5, 6)",identity_0-5-6,502.03949755075337,1.0000000000004028,252,252,3232,OK,295.8198576831057,0.5749080116609866,0.2296476784811865,0.3930745534684346,0.0662208034939385,1.8123104467770088,0.94716125,0.873859,0.9686988847583644,4.917263581780014,29.784871299114517,4.657078032618022,258.6560192870428,138.71046983146124
H10,identity,"(0, 5, 7)",identity_0-5-7,491.24879544774024,1.000000000000399,252,252,3232,OK,295.8198576831057,0.5749080116609866,0.2305971075361244,0.3930745534684346,0.0681196616038142,1.8305027220810952,0.945239011904762,0.868644,0.8560665292487029,5.291844210363828,31.470723628396957,5.092028037930188,274.0788196776237,160.24980708974937
H10,identity,"(0, 5, 8)",identity_0-5-8,486.4407790371281,1.0000000000004006,252,252,3232,OK,374.3630554883097,0.4943643243316059,0.2441999962788572,0.3930745534684346,0.0953254390892798,2.0126238869442523,0.9365701746031746,0.845508,0.9766777408637872,7.954731276678526,50.60552144834372,7.7981716528705745,441.1646456354933,394.6305428372079
H10,identity,"(0, 5, 9)",identity_0-5-9,497.71747432850066,1.0000000000004134,252,252,3232,OK,247.27858328064744,0.6375995619759884,0.2613951955749953,0.3930745534684346,0.129715837681556,2.6594218729678816,0.9068897857142856,0.761775,0.9140150085943068,8.836769297127493,56.496434177173896,8.711204344797205,490.7749014225441,492.1519828697465
H10,identity,"(0, 6, 7)",identity_0-6-7,487.79015163836,1.000000000000402,252,252,3232,OK,295.8198576831057,0.5749080116609865,0.2309942512773198,0.3930745534684346,0.0689139490862049,1.8504842598042832,0.944452996031746,0.867483,0.8613477924089853,5.569188978487591,32.71133887812261,5.331979338068889,285.1221747667408,174.4161830187193
H10,identity,"(0, 6, 8)",identity_0-6-8,486.55486483324495,1.0000000000004063,252,252,3182,OK,372.931064268756,0.4962774758602947,0.2445971400200526,0.3930745534684346,0.0961197265716705,2.043662748797429,0.9349005277777778,0.8430355,0.8703874822891641,8.23207604480229,51.84613669806937,8.052517081429288,452.20800072461043,417.4919013673215
H10,identity,"(0, 6, 9)",identity_0-6-9,491.9770508179244,1.0000000000004026,252,252,3182,OK,247.27858328064744,0.6375995619759882,0.2617923393161907,0.3930745534684346,0.1305101251639467,2.6715023060101277,0.9063955436507936,0.761006,0.9161975972443922,9.114114065251254,57.737049426899546,8.975863617057275,501.81825651166116,518.2398813071452
H10,identity,"(0, 7, 8)",identity_0-7-8,483.11733698523176,1.0000000000003977,252,252,3232,OK,300.31919403956664,0.5554887797095325,0.2455465690749904,0.3930745534684346,0.0980185846815462,2.0901207768577494,0.9316167777777776,0.835959,0.9833289577316882,8.606656673386103,53.53198902735181,8.385909990970854,467.6308011151913,448.9144416210117
H10,identity,"(0, 7, 9)",identity_0-7-9,486.786296091978,1.0000000000003997,252,252,3232,OK,247.27858328064744,0.6375995619759884,0.2627417683711285,0.3930745534684346,0.1324089832738224,2.6965265473355178,0.9032334761904762,0.752811,0.9231187745877626,9.488694693835068,59.422901756181986,9.323650655018852,517.241056902242,554.0383768821471
H10,identity,"(1, 2, 4)",identity_1-2-4,559.4266088877324,1.000000000000407,252,252,3232,OK,294.5243494375287,0.5732385911630595,0.2134019082399863,0.3930745534684346,0.0337292630115381,1.5802291616968862,0.9560906428571428,0.906391,0.9198664440734556,4.409806189914862,25.57981089956679,4.010349222220406,227.31707324557817,102.58397474562275
H10,identity,"(0, 8, 9)",identity_0-8-9,450.533798639567,1.0000000000003937,252,252,3182,OK,257.11435362020563,0.6288742346048453,0.2763446571138613,0.3930745534684346,0.159614760759288,2.7342630259603684,0.8998328492063492,0.7441695,0.9973942429054192,12.151581760149767,78.55769957612875,11.942631302608653,684.3268828601117,938.1856420188018
H10,identity,"(1, 2, 5)",identity_1-2-5,560.0498839605326,1.0000000000004057,252,252,3232,OK,365.3931112773181,0.5176330377054383,0.2134019082399863,0.3930745534684346,0.0337292630115381,1.5859943033302095,0.9557817857142856,0.905365,0.9480422622747048,4.409806189914862,25.57981089956679,4.072804217449622,227.31325965693023,104.18156171331944
H10,identity,"(1, 2, 3)",identity_1-2-3,560.3751655731584,1.000000000000402,252,252,3232,OK,365.3931112773181,0.5176330377054384,0.2137990519811817,0.3930745534684346,0.0345235504939288,1.6000650922280786,0.9549564087301587,0.9037015,0.9284328273028192,4.687150958038624,26.820426149292445,4.200531022993582,238.4446424423273,112.66003209001121
H10,identity,"(1, 2, 6)",identity_1-2-6,558.061885492827,1.0000000000004046,252,252,3232,OK,365.3931112773181,0.5176330377054383,0.2137990519811817,0.3930745534684346,0.0345235504939288,1.608695897805242,0.9545472976190476,0.9010945,0.9781040059716348,4.687150958038625,26.820426149292445,4.394899945156856,238.35661474604734,117.87308941260886
H10,identity,"(1, 2, 7)",identity_1-2-7,546.2033076698782,1.0000000000004097,252,252,3232,OK,365.3931112773181,0.5176330377054384,0.2147484810361196,0.3930745534684346,0.0364224086038045,1.6468385463426898,0.952572630952381,0.894533,0.9430961573818716,5.0617315866224395,28.506278478574885,4.801546037460448,253.77941513662822,136.8742084715453
H10,identity,"(1, 2, 8)",identity_1-2-8,577.2854788098903,1.000000000000402,252,252,3232,OK,240.1625352889134,0.6137443107057516,0.2283513697788523,0.3930745534684346,0.0636281860892701,2.037003146564639,0.932500011904762,0.833447,0.8734638424010375,7.724618652937137,47.641076298521654,7.487409012518435,420.86524109449783,356.7082240436294
H10,identity,"(1, 2, 9)",identity_1-2-9,486.32667028443154,1.000000000000406,252,252,3232,OK,233.34141210869143,0.6168087900914776,0.2455465690749904,0.3930745534684346,0.0980185846815463,1.955129992867968,0.9375150753968254,0.847988,0.9989535057557184,8.606656673386103,53.53198902735182,8.385909990970854,470.47549688154857,448.91444162101175
H10,identity,"(1, 3, 4)",identity_1-3-4,564.46222868278,1.0000000000004057,252,252,3232,OK,365.3773667024529,0.5188705860538558,0.2124524791850485,0.3930745534684346,0.0318304049016624,1.4905450036767312,0.9601639047619048,0.9185255,0.9871180842279108,4.035225561331047,23.89395857028435,3.635768593636591,211.76297366499932,86.87290414749371
H10,identity,"(1, 3, 5)",identity_1-3-5,564.0533523285916,1.0000000000004046,252,252,3232,OK,365.4335079906108,0.5175877685217029,0.2124524791850485,0.3930745534684346,0.0318304049016624,1.492135874780652,0.96014826984127,0.9185265,0.9061371841155236,4.035225561331047,23.89395857028435,3.7126177172858195,211.75916007635138,88.70913392413102
H10,identity,"(1, 3, 6)",identity_1-3-6,561.6485988556237,1.0000000000003952,252,252,3232,OK,365.4504865056092,0.5174272757180145,0.2128496229262439,0.3930745534684346,0.0326246923840531,1.5179630133391768,0.9587366944444444,0.914148,0.9487672110150496,4.31257032945481,25.134573820010004,4.045027288694411,222.8025151654685,101.67003699164458
H10,identity,"(1, 3, 7)",identity_1-3-7,547.7107979882971,1.0000000000004057,252,252,3232,OK,365.4335079906108,0.5175877685217027,0.2137990519811817,0.3930745534684346,0.0345235504939288,1.537884185045141,0.9573740833333332,0.9098805,0.9589508196721312,4.687150958038625,26.820426149292445,4.459063572942393,238.22531555604937,119.59398525310155
H10,identity,"(1, 3, 8)",identity_1-3-8,583.8429223898673,1.0000000000004077,252,252,3232,OK,296.5457231982533,0.5775381093186457,0.2274019407239145,0.3930745534684346,0.0617293279793944,1.9622216477077632,0.937059753968254,0.8428505,0.9928677353294258,7.3500380243533225,45.95522396923921,7.1502218519196825,405.311141513919,328.5900466347174
H10,identity,"(1, 4, 6)",identity_1-4-6,560.9308518479885,1.0000000000004114,252,252,3232,OK,365.4504865056092,0.5174272757180144,0.2124524791850485,0.3930745534684346,0.0318304049016624,1.493952341112203,0.9600998412698412,0.918126,0.8001125334083556,4.035225561331047,23.89395857028435,3.767682520570648,211.67494596871936,90.02485005249959
H10,identity,"(1, 4, 7)",identity_1-4-7,546.812813851047,1.000000000000414,252,252,3232,OK,294.5243494375287,0.5732385911630595,0.2134019082399863,0.3930745534684346,0.0337292630115381,1.5165617112214542,0.9586561904761904,0.912789,0.9932061289389996,4.409806189914862,25.57981089956679,4.192032648519988,227.09774635930023,107.23140243395143
H10,identity,"(1, 4, 5)",identity_1-4-5,565.0408631486865,1.0000000000004048,252,252,3232,OK,365.3773667024529,0.5188705860538558,0.2120553354438532,0.3930745534684346,0.0310361174192717,1.4787558808063586,0.9607758095238096,0.920014,0.9861505681818182,3.7578807932072844,22.653343320558697,3.4208788207420446,200.63159087960224,77.49434238429751
H10,identity,"(1, 3, 9)",identity_1-3-9,488.2740544528162,1.0000000000004063,252,252,3232,OK,295.92940093880316,0.5734402956236083,0.2445971400200526,0.3930745534684346,0.0961197265716706,1.88792749523469,0.9408389563492064,0.8554655,0.947389885807504,8.23207604480229,51.84613669806938,8.052517081429288,454.9213973009697,417.49190136732153
H10,identity,"(1, 4, 8)",identity_1-4-8,584.1618795127914,1.0000000000004063,252,252,3232,OK,296.56640998204864,0.5760241298828297,0.2270047969827191,0.3930745534684346,0.0609350404970037,1.9454119380572223,0.9380200277777778,0.845717,0.9770931496919174,7.0726932562295595,44.714608719513556,6.8905811194416655,394.1835723171698,308.1096386059018
H10,identity,"(1, 4, 9)",identity_1-4-9,488.8009651316905,1.0000000000003983,252,252,3232,OK,295.92940093880316,0.5734402956236082,0.2441999962788572,0.3930745534684346,0.0953254390892799,1.8679171556767409,0.9421692976190476,0.8591405,0.9504797528053344,7.954731276678526,50.60552144834372,7.7981716528705745,443.7938281042206,394.6305428372079
H10,identity,"(1, 5, 6)",identity_1-5-6,561.1955870000518,1.0000000000003986,252,252,3232,OK,365.4504865056092,0.5174272757180144,0.2124524791850485,0.3930745534684346,0.0318304049016624,1.4982572261110718,0.9598548888888888,0.9172675,0.8476916438947217,4.035225561331048,23.89395857028435,3.7429745484492782,211.6711323800714,89.43447879027583
H10,identity,"(1, 5, 7)",identity_1-5-7,546.0847367918423,1.0000000000004037,252,252,3232,OK,365.4335079906108,0.5175877685217027,0.2134019082399863,0.3930745534684346,0.0337292630115381,1.5135642917765804,0.9589188174603176,0.913436,0.9537540047360356,4.409806189914862,25.57981089956679,4.18171880481863,227.0939327706523,106.967576262423
H10,identity,"(1, 5, 8)",identity_1-5-8,584.1618795127523,1.000000000000403,252,252,3232,OK,296.56640998204773,0.5760241298828006,0.2270047969827191,0.3930745534684346,0.0609350404970037,1.945657230707499,0.9380254682539684,0.845624,0.9833502980950996,7.0726932562295595,44.714608719513556,6.8905811194416655,394.1797587285219,308.1096386059018
H10,identity,"(1, 5, 9)",identity_1-5-9,488.9572222500247,1.0000000000003972,252,252,3232,OK,295.92940093880316,0.5734402956236082,0.2441999962788572,0.3930745534684346,0.0953254390892799,1.8673146675877512,0.9421145833333332,0.859454,0.9674822923374116,7.954731276678526,50.60552144834372,7.805561844814962,443.7900145155727,395.00452735415695
H10,identity,"(1, 6, 7)",identity_1-6-7,544.3809363233801,1.0000000000004017,251,252,3232,OK,458.2753501346808,0.4588397102591525,0.2137990519811817,0.3930745534684346,0.0345235504939288,1.5386135524069164,0.9573332868525896,0.909321,0.987374461979914,4.687150958038625,26.820426149292445,4.426965408876634,238.1372878597694,118.733098814248
H10,identity,"(1, 6, 8)",identity_1-6-8,585.564134664561,1.0000000000003997,252,252,3232,OK,303.7640003041826,0.5596740718651256,0.2274019407239145,0.3930745534684346,0.0617293279793944,1.976857900226639,0.9360551388888888,0.8405145,0.998998139401746,7.3500380243533225,45.95522396923921,7.1502218519196825,405.22311381763905,328.5900466347174
H10,identity,"(1, 6, 9)",identity_1-6-9,484.8996585090717,1.000000000000402,252,252,3232,OK,300.6037081154602,0.5634385197749637,0.2445971400200526,0.3930745534684346,0.0961197265716706,1.8820594234389625,0.9416376031746032,0.8584775,0.931523288082202,8.23207604480229,51.84613669806938,8.075516420994338,454.8333696046898,418.68432827037645
H10,identity,"(1, 7, 8)",identity_1-7-8,577.9300398812346,1.0000000000004077,252,252,3232,OK,240.1625352889134,0.6137443107057515,0.2283513697788523,0.3930745534684346,0.0636281860892701,2.0245987735373565,0.9334803174603176,0.835523,0.8735915276152946,7.724618652937137,47.641076298521654,7.487409012518435,420.6459142082199,356.7082240436294
H10,identity,"(1, 7, 9)",identity_1-7-9,474.67299515584216,1.000000000000402,252,252,3232,OK,230.3124333400728,0.6258653439561566,0.2455465690749904,0.3930745534684346,0.0980185846815462,1.9134479499966417,0.9392440992063492,0.8513795,0.9939642497872012,8.606656673386103,53.53198902735182,8.427097710013102,470.2561699952706,451.11930214484306
H10,identity,"(1, 8, 9)",identity_1-8-9,486.22364910041506,1.0000000000004068,252,252,3232,OK,238.4666851471939,0.6131574261325994,0.2591494578177232,0.3930745534684346,0.1252243621670119,2.1561965512289443,0.9258987817460318,0.8183695,0.9463766430150052,11.2695437397008,72.6667868472986,11.048797057285551,637.3419959531402,802.8805806808291
H10,identity,"(2, 3, 4)",identity_2-3-4,540.6851205638086,1.0000000000003992,250,247,3232,OK,458.6996615694874,0.470193930372267,0.1988495904423157,0.3930745534684346,0.0046246274161968,1.2297681560769207,0.972194044,0.9530635,0.7831806436457599,1.3723384950163493,4.759160750337581,0.8857185599713067,42.82015573505291,4.2152770064609655
H10,identity,"(2, 3, 5)",identity_2-3-5,541.0026169440396,1.0000000000004077,249,248,3232,OK,458.6996615694874,0.470193930372267,0.1988495904423157,0.3930745534684346,0.0046246274161968,1.232501576396761,0.972101108433735,0.952445,0.7671071260028315,1.3723384950163493,4.759160750337582,0.9728815273218934,42.81634214640497,4.630099579558835
H10,identity,"(2, 3, 6)",identity_2-3-6,539.6067880171182,1.0000000000004028,250,251,3232,OK,458.6996615694874,0.470193930372267,0.1992467341835111,0.3930745534684346,0.0054189148985875,1.2666492956086164,0.970415776,0.947409,0.8848528015194682,1.6496832631401122,5.999776000063237,1.3126812906748726,53.859697235522084,7.875793703523135
H10,identity,"(2, 3, 7)",identity_2-3-7,530.0189981918413,1.0000000000004146,249,249,3232,OK,458.549396056509,0.4730280434619366,0.2001961632384489,0.3930745534684346,0.0073177730084632,1.3188126124504325,0.967724875502008,0.9392955,0.9522191548099384,2.024263891723927,7.6856283293456755,1.7320128788421576,69.28249762610297,13.311607248420845
H10,identity,"(2, 3, 8)",identity_2-3-8,547.5086243016101,1.0000000000004057,252,252,3232,OK,458.3386915538306,0.4590415324649288,0.2137990519811817,0.3930745534684346,0.0345235504939288,1.648750490568232,0.9531632857142858,0.8978045,0.9841901728844404,4.687150958038624,26.82042614929244,4.426965408876633,236.36832358397257,118.73309881424795
H10,identity,"(2, 4, 5)",identity_2-4-5,545.2776097498262,1.0000000000004003,247,250,3232,OK,458.6996615694874,0.470193930372267,0.1984524467011203,0.3930745534684346,0.0038303399338061,1.232982769411945,0.9721139554655872,0.9523835,0.774063537221432,1.0949937268925867,3.518545500611926,0.6955367591981307,31.68877294965582,2.4472777345867835
H10,identity,"(2, 3, 9)",identity_2-3-9,486.4930198325359,1.0000000000004066,252,252,3232,OK,301.5627342514975,0.5700632483773542,0.2309942512773198,0.3930745534684346,0.068913949086205,1.7967127703447958,0.9465328055555556,0.87157,0.956771201760591,5.569188978487591,32.71133887812261,5.331979338068889,285.97857937102333,174.4161830187193
H10,identity,"(2, 4, 6)",identity_2-4-6,542.2122562598126,1.000000000000398,249,250,3182,OK,458.6996615694874,0.470193930372267,0.1988495904423157,0.3930745534684346,0.0046246274161968,1.255823214813964,0.9711472690763052,0.949106,0.9945754716981132,1.3723384950163493,4.759160750337581,1.0497306509711217,42.732128038772935,4.995836912528081
H10,identity,"(2, 4, 7)",identity_2-4-7,532.3435046244614,1.0000000000004068,252,251,3232,OK,458.69520919153393,0.4700962892052299,0.1997990194972535,0.3930745534684346,0.0065234855260725,1.3098016073885348,0.9686132103174604,0.9405815,0.998116317400518,1.746919123600164,6.44501307962002,1.479376082839765,58.15492842935382,9.534598203579316
H10,identity,"(2, 4, 8)",identity_2-4-8,550.75311593738,1.0000000000004017,252,252,3182,OK,446.27385466703015,0.4726305812957362,0.2134019082399863,0.3930745534684346,0.0337292630115381,1.6444184028305604,0.953367123015873,0.8981105,0.8780053428317008,4.409806189914862,25.579810899566787,4.18171880481863,225.24075438722343,106.96757626242298
H10,identity,"(2, 4, 9)",identity_2-4-9,490.8176562598747,1.000000000000406,252,252,3182,OK,301.5627342514975,0.5700632483773542,0.2305971075361244,0.3930745534684346,0.0681196616038142,1.7903240870395334,0.9468328293650794,0.8720855,0.9487776484284052,5.291844210363828,31.470723628396957,5.092028037930188,274.85101017427417,160.24980708974937
H10,identity,"(2, 5, 7)",identity_2-5-7,532.3435046244169,1.000000000000406,251,250,3232,OK,458.62551271719366,0.4714804052538836,0.1997990194972535,0.3930745534684346,0.0065234855260725,1.3100991184656492,0.968426390438247,0.940426,0.9983396584440228,1.746919123600164,6.44501307962002,1.479376082839765,58.15111484070588,9.534598203579316
H10,identity,"(2, 5, 6)",identity_2-5-6,543.1771423041924,1.0000000000004046,250,252,3232,OK,457.9529596286971,0.4704020787680804,0.1988495904423157,0.3930745534684346,0.0046246274161968,1.259222170854699,0.971278708,0.9485805,0.9728224548897304,1.3723384950163495,4.759160750337582,1.03533652255111,42.728314450125,4.9273329415162435
H10,identity,"(2, 5, 8)",identity_2-5-8,551.4698100513806,1.0000000000004012,252,252,3232,OK,446.27385466703015,0.4726305812957362,0.2134019082399863,0.3930745534684346,0.0337292630115381,1.6451197534229125,0.9533690873015872,0.898256,0.9505183788878416,4.409806189914862,25.579810899566787,4.192032648519988,225.2369407985755,107.23140243395142
H10,identity,"(2, 5, 9)",identity_2-5-9,491.50023303505463,1.0000000000004052,252,252,3232,OK,238.28833543724937,0.6275684925998496,0.2305971075361244,0.3930745534684346,0.0681196616038142,1.7914850197333012,0.9467510753968252,0.8725415,0.9457099769823002,5.291844210363828,31.470723628396957,5.109732073575934,274.84719658562625,160.80696590266393
H10,identity,"(2, 6, 7)",identity_2-6-7,531.6427135952173,1.0000000000004026,249,248,3232,OK,458.549396056509,0.4730280434619365,0.2001961632384489,0.3930745534684346,0.0073177730084632,1.3377647039765528,0.9668451526104418,0.93688,0.9437472955430548,2.024263891723927,7.6856283293456755,1.7320128788421576,69.19446992982299,13.311607248420845
H10,identity,"(2, 6, 8)",identity_2-6-8,553.8632310039402,1.0000000000004117,252,252,3182,OK,446.27385466703015,0.4726305812957362,0.2137990519811817,0.3930745534684346,0.0345235504939288,1.679059429533256,0.9516731865079364,0.8938495,0.9144658189327248,4.687150958038624,26.82042614929244,4.459063572942392,236.2802958876926,119.59398525310151
H10,identity,"(2, 6, 9)",identity_2-6-9,488.5840816896678,1.000000000000406,252,252,3182,OK,238.28833543724937,0.6275684925998497,0.2309942512773198,0.3930745534684346,0.068913949086205,1.8091809581023952,0.9459378134920636,0.870543,0.8954248366013072,5.569188978487591,32.71133887812261,5.387076841699697,285.8905516747434,176.21849613132525
H10,identity,"(2, 7, 8)",identity_2-7-8,550.1193139525977,1.0000000000003992,252,252,3232,OK,365.3359286769646,0.5176993128688027,0.2147484810361196,0.3930745534684346,0.0364224086038045,1.7573043373385415,0.9478215317460318,0.882248,0.9831575214963212,5.0617315866224395,28.50627847857488,4.801546037460448,251.70309627827348,136.87420847154527
H10,identity,"(3, 4, 6)",identity_3-4-6,553.4540947178695,1.0000000000003992,247,246,3232,OK,458.6996615694874,0.470193930372267,0.1979001613873779,0.3930745534684346,0.0027257693063211,1.193150451663052,0.9742353603238868,0.958445,0.7481498612395929,0.9977578664325344,3.073308421055142,0.5983008987380785,27.178028458194092,1.8387631904165962
H10,identity,"(3, 4, 5)",identity_3-4-5,557.0073591449445,1.0000000000004023,245,243,3232,OK,458.6996615694874,0.470193930372267,0.1975030176461825,0.3930745534684346,0.0019314818239304,1.169110596835305,0.9754093673469388,0.9615255,0.7857478833490122,0.7204130983087715,1.8326931713294865,0.2337931632637289,16.134673369076978,0.42847113381695573
H10,identity,"(2, 7, 9)",identity_2-7-9,482.54092677266146,1.0000000000003944,252,252,3232,OK,236.38581837080696,0.6297827813983574,0.2319436803322576,0.3930745534684346,0.0708128071960806,1.86230637918274,0.9427073174603174,0.860571,0.955250504110439,5.943769607071405,34.39719120740505,5.743953434637765,301.31335206532424,197.57586457766618
H10,identity,"(2, 8, 9)",identity_2-8-9,472.41898156670106,1.0000000000004066,252,252,3182,OK,293.95766463686533,0.5643467347777683,0.2455465690749904,0.3930745534684346,0.0980185846815462,1.989010610088181,0.9360137261904762,0.8463295,0.974493176096462,8.606656673386103,53.53198902735181,8.369447032967402,468.3991780231938,448.03314673381317
H10,identity,"(3, 4, 7)",identity_3-4-7,541.5446224819824,1.000000000000397,248,244,3232,OK,458.6996615694874,0.470193930372267,0.1988495904423157,0.3930745534684346,0.0046246274161968,1.2241589025152642,0.9723903548387096,0.953175,0.750712927756654,1.3723384950163489,4.75916075033758,1.0353365225511093,42.600828848774974,4.927332941516238
H10,identity,"(3, 4, 8)",identity_3-4-8,565.5018429449194,1.0000000000004037,252,252,3232,OK,458.3386915538306,0.4590415324649288,0.2124524791850485,0.3930745534684346,0.0318304049016624,1.5971925867505576,0.956247996031746,0.906233,0.9854508196721312,4.035225561331047,23.893958570284347,3.7429745484492773,209.68665480664458,89.43447879027579
H10,identity,"(3, 4, 9)",identity_3-4-9,500.5664767903282,1.0000000000004086,252,252,3232,OK,236.38581837080696,0.6297827813983574,0.2296476784811866,0.3930745534684346,0.0662208034939386,1.7481337915577906,0.949361992063492,0.878274,0.9254231744214572,4.917263581780013,29.784871299114517,4.6570780326180214,259.2969105936953,138.7104698314612
H10,identity,"(3, 5, 7)",identity_3-5-7,540.5769523617865,1.000000000000394,246,247,3232,OK,458.6996615694874,0.470193930372267,0.1988495904423157,0.3930745534684346,0.0046246274161968,1.219156198718956,0.9723963577235772,0.9540145,0.755581947743468,1.372338495016349,4.75916075033758,1.0497306509711213,42.59701526012704,4.995836912528078
H10,identity,"(3, 5, 6)",identity_3-5-6,553.454094717849,1.000000000000402,247,248,3232,OK,458.6996615694874,0.470193930372267,0.1979001613873779,0.3930745534684346,0.0027257693063211,1.1927473448907089,0.974259068825911,0.9583865,0.7614721639878873,0.9977578664325344,3.073308421055142,0.5983008987380785,27.17421486954615,1.8387631904165962
H10,identity,"(3, 5, 9)",identity_3-5-9,500.25944676279187,1.0000000000004026,252,252,3232,OK,236.38581837080696,0.6297827813983574,0.2296476784811866,0.3930745534684346,0.0662208034939386,1.7426141675311155,0.9498312857142858,0.8797375,0.8718432853434034,4.917263581780013,29.784871299114517,4.68917619668378,259.2930970050474,139.6665095170977
H10,identity,"(3, 5, 8)",identity_3-5-8,565.201136334216,1.0000000000004023,252,252,3232,OK,458.35173990481337,0.4590313394325113,0.2124524791850485,0.3930745534684346,0.0318304049016624,1.5926334807152005,0.9566033174603176,0.907499,0.9959536922558164,4.035225561331047,23.893958570284347,3.767682520570648,209.68284121799664,90.02485005249957
H10,identity,"(3, 6, 7)",identity_3-6-7,539.3711060573256,1.0000000000004057,251,249,3232,OK,458.6996615694874,0.470193930372267,0.1992467341835111,0.3930745534684346,0.0054189148985875,1.2487717558749631,0.9712958964143428,0.9499005,0.7946280009507963,1.649683263140112,5.999776000063235,1.3126812906748724,53.64037034924415,7.875793703523131
H10,identity,"(3, 6, 8)",identity_3-6-8,567.1426743153676,1.0000000000004114,252,252,3232,OK,458.3452761510429,0.459059116929777,0.2128496229262439,0.3930745534684346,0.0326246923840531,1.6296775332778717,0.954660261904762,0.9015605,0.9884871960404562,4.312570329454809,25.13457382001,4.04502728869441,220.72619630711375,101.67003699164455
H10,identity,"(3, 6, 9)",identity_3-6-9,496.8874054361265,1.0000000000004048,252,252,3232,OK,236.38581837080696,0.6297827813983575,0.230044822222382,0.3930745534684346,0.0670150909763293,1.7627098071299288,0.9488804166666668,0.8773965,0.8404921535401164,5.194608349903776,31.02548654884017,4.976834808508902,270.33645209416454,154.40872140719247
H10,identity,"(3, 7, 8)",identity_3-7-8,561.4996559537894,1.0000000000004037,252,252,3232,OK,458.2881897578508,0.459357921052832,0.2137990519811817,0.3930745534684346,0.0345235504939288,1.6893959546864747,0.951744623015873,0.894648,0.988989990900819,4.687150958038624,26.82042614929244,4.394899945156855,236.14899669769466,117.87308941260882
H10,identity,"(4, 5, 6)",identity_4-5-6,558.0968137061868,1.0000000000004106,245,242,3232,OK,458.6996615694874,0.470193930372267,0.1975030176461825,0.3930745534684346,0.0019314818239304,1.188882892195377,0.974690048979592,0.9587525,0.7834319526627219,0.7204130983087718,1.8326931713294865,0.23379316326372912,16.046645672797005,0.4284711338169561
H10,identity,"(4, 5, 7)",identity_4-5-7,544.946579989209,1.0000000000003986,248,246,3232,OK,458.6996615694874,0.470193930372267,0.1984524467011203,0.3930745534684346,0.0038303399338061,1.218364879827887,0.9727450483870967,0.9544725,0.7434456928838952,1.0949937268925862,3.5185455006119253,0.6955367591981303,31.469446063377887,2.4472777345867813
H10,identity,"(3, 7, 9)",identity_3-7-9,488.66257223161114,1.0000000000004023,252,252,3232,OK,236.38581837080696,0.6297827813983575,0.2309942512773198,0.3930745534684346,0.068913949086205,1.7990821928475127,0.9463656984126984,0.870515,0.9869246062089004,5.56918897848759,32.71133887812261,5.3411015933913575,285.7592524847454,174.71458420390533
H10,identity,"(3, 8, 9)",identity_3-8-9,483.352752545243,1.0000000000004017,252,252,3232,OK,294.8068205631822,0.5735870187954646,0.2445971400200526,0.3930745534684346,0.0961197265716706,1.9528855978057376,0.9382025317460316,0.8492535,0.9829771821803694,8.232076044802287,51.84613669806937,7.971890495640296,452.845078442615,413.3117243790068
H10,identity,"(4, 5, 8)",identity_4-5-8,570.4812612901807,1.0000000000004068,252,252,3232,OK,458.3452761510429,0.459059116929777,0.2120553354438532,0.3930745534684346,0.0310361174192717,1.5949648378284729,0.9563732341269842,0.906494,0.9679841024508722,3.757880793207284,22.65334332055869,3.420878820742044,198.5552720212475,77.49434238429748
H10,identity,"(4, 5, 9)",identity_4-5-9,506.6369116046303,1.0000000000004023,252,252,3232,OK,236.38581837080696,0.6297827813983574,0.2292505347399912,0.3930745534684346,0.0654265160115479,1.7442535916306936,0.949565734126984,0.8792555,0.8914066175317548,4.639918813656251,28.54425604938886,4.347667800774481,248.16552780829826,124.10094292299014
H10,identity,"(4, 6, 7)",identity_4-6-7,542.0729876263124,1.0000000000004023,250,250,3232,OK,458.6996615694874,0.470193930372267,0.1988495904423157,0.3930745534684346,0.0046246274161968,1.2373364167171566,0.972034284,0.951844,0.7703281027104137,1.372338495016349,4.75916075033758,0.9728815273218931,42.512801152495,4.630099579558832
H10,identity,"(4, 6, 8)",identity_4-6-8,570.7414890433693,1.0000000000004046,252,252,3182,OK,365.4517569539335,0.517642676055443,0.2124524791850485,0.3930745534684346,0.0318304049016624,1.6222716612821004,0.9550159047619048,0.903293,0.9135218608242448,4.035225561331047,23.893958570284347,3.7126177172858195,209.59862711036462,88.70913392413101
H10,identity,"(4, 6, 9)",identity_4-6-9,501.6909540244754,1.0000000000004066,252,252,3182,OK,236.38581837080696,0.6297827813983573,0.2296476784811866,0.3930745534684346,0.0662208034939386,1.756072928423265,0.9490160793650794,0.8783965,0.8955429621687854,4.917263581780013,29.784871299114517,4.649720541019613,259.2088828974154,138.49132789111832
H10,identity,"(4, 7, 8)",identity_4-7-8,564.8098887030768,1.0000000000004077,252,252,3232,OK,365.0589076076844,0.518163284684482,0.2134019082399863,0.3930745534684346,0.0337292630115381,1.6829620498054962,0.9521872976190476,0.8967905,0.8465383039737813,4.409806189914861,25.579810899566784,4.0728042174496215,225.0214275009455,104.1815617133194
H10,identity,"(4, 7, 9)",identity_4-7-9,493.12499741593376,1.0000000000004037,252,252,3232,OK,236.38581837080696,0.6297827813983574,0.2305971075361244,0.3930745534684346,0.0681196616038142,1.7919466899563246,0.9467659007936507,0.871669,0.9189881524175472,5.291844210363828,31.470723628396954,5.0243011696034285,274.6316832879962,158.11839353442107
H10,identity,"(4, 8, 9)",identity_4-8-9,489.0113889032852,1.0000000000004037,252,252,3182,OK,294.5982984505724,0.5738656579728079,0.2441999962788572,0.3930745534684346,0.0953254390892798,1.9441000067283276,0.9390719087301588,0.851642,0.9854797519153592,7.954731276678525,50.60552144834372,7.6624802637967555,441.71750924586587,387.7638093370772
H10,identity,"(5, 6, 7)",identity_5-6-7,541.7645566288201,1.0000000000004057,249,251,3232,OK,458.6996615694874,0.470193930372267,0.1988495904423157,0.3930745534684346,0.0046246274161968,1.2338289664519684,0.9719368232931728,0.9526905,0.7617807246033625,1.3723384950163493,4.75916075033758,0.8857185599713067,42.508987563847064,4.215277006460965
H10,identity,"(5, 6, 8)",identity_5-6-8,571.1225565093488,1.0000000000004066,252,252,3232,OK,365.4517569539335,0.5176426760554429,0.2124524791850485,0.3930745534684346,0.0318304049016624,1.6209711288730624,0.9551215674603176,0.9032065,0.9565938050347044,4.035225561331047,23.893958570284347,3.635768593636591,209.59481352171667,86.8729041474937
H10,identity,"(5, 6, 9)",identity_5-6-9,501.96925772790826,1.000000000000396,252,252,3232,OK,236.38581837080696,0.6297827813983574,0.2296476784811866,0.3930745534684346,0.0662208034939386,1.752049430010964,0.9494964126984128,0.879365,0.9103120648701776,4.917263581780013,29.784871299114517,4.580261609314773,259.2050693087674,136.42250254971566
H10,identity,"(5, 7, 8)",identity_5-7-8,564.1432761711078,1.0000000000004037,252,252,3232,OK,365.0589076076844,0.518163284684482,0.2134019082399863,0.3930745534684346,0.0337292630115381,1.675869310965919,0.9526185912698412,0.8971705,0.9109686609686608,4.409806189914861,25.579810899566787,4.010349222220405,225.01761391229755,102.58397474562271
H10,identity,"(5, 8, 9)",identity_5-8-9,489.0626742584745,1.0000000000004088,252,252,3232,OK,231.5027027367096,0.6306276897312906,0.2441999962788572,0.3930745534684346,0.0953254390892799,1.9422425362111688,0.9390846706349206,0.8518955,0.9891988555078683,7.954731276678526,50.60552144834372,7.617729304213286,441.71369565721795,385.499163692042
H10,identity,"(5, 7, 9)",identity_5-7-9,492.4005382871979,1.0000000000004088,252,252,3232,OK,236.38581837080696,0.6297827813983574,0.2305971075361244,0.3930745534684346,0.0681196616038142,1.7857985236925933,0.9471372817460316,0.8732585,0.850964891885608,5.291844210363828,31.470723628396954,4.9692363663186,274.6278696993483,156.38546432859218
H10,identity,"(6, 7, 8)",identity_6-7-8,566.5868313190527,1.000000000000397,252,252,3232,OK,365.0589076076844,0.5181632846844821,0.2137990519811817,0.3930745534684346,0.0345235504939288,1.7114166487342417,0.9506402777777778,0.8931925,0.8617265714754636,4.687150958038624,26.82042614929244,4.200531022993582,236.06096900141466,112.6600320900112
H10,identity,"(6, 7, 9)",identity_6-7-9,489.737505837744,1.000000000000403,252,252,3232,OK,236.38581837080696,0.6297827813983574,0.2309942512773198,0.3930745534684346,0.068913949086205,1.8032012586759412,0.9463636944444443,0.871276,0.8874110007041702,5.56918897848759,32.71133887812261,5.169732010793134,285.67122478846545,169.10885571413243
H10,identity,"(6, 8, 9)",identity_6-8-9,489.91002699465633,1.000000000000402,252,252,3182,OK,230.86586030434563,0.6258450900157321,0.2445971400200526,0.3930745534684346,0.0961197265716706,1.9675966829283569,0.9376586944444444,0.848869,0.9912336968141972,8.232076044802287,51.84613669806937,7.8326190771078315,452.75705074633504,406.0910393756386
H10,identity,"(7, 8, 9)",identity_7-8-9,486.8114958338241,1.0000000000004086,252,252,3232,OK,230.2839613082117,0.6230070889245248,0.2455465690749904,0.3930745534684346,0.0980185846815462,2.0295169054943987,0.9338759325396824,0.8388365,0.9940221452346988,8.606656673386102,53.53198902735181,8.120036738341058,468.1798511369159,434.68171757856715
H10,physical,"(1, 4, 7)",physical_1-4-7,573.5291565729196,1.0000000000003997,252,251,3282,OK,268.87516285398937,0.5780884770024218,0.1761779371310149,0.3186266112504917,0.0337292630115381,0.9373997322421136,0.9725963650793652,0.9367335,0.9669445242885888,4.409806189914862,39.65981199549029,4.192032648519988,354.6751698145722,166.25522671925995
H10,physical,"(2, 4, 6)",physical_2-4-6,543.5469793089061,1.000000000000403,245,245,3232,OK,297.572227797807,0.5516742832724483,0.1616256193333442,0.3186266112504917,0.0046246274161968,0.6238367450933137,0.9798905142857144,0.9590295,0.8794326241134752,1.3723384950163493,3.9292329070435645,1.215778871208398,35.02432546159973,4.777078348440317
H10,physical,"(1, 6, 8)",physical_1-6-8,627.8038481413378,1.000000000000402,252,252,3282,OK,183.58452992042817,0.6894747491861564,0.190177969614943,0.3186266112504917,0.0617293279793944,1.4375705751877492,0.9580615912698413,0.895968,0.9646236116824352,7.3500380243533225,72.85793402805541,7.1128283839346205,651.5012882102699,518.2259811495885
H10,physical,"(0, 2, 7)",physical_0-2-7,569.2231987578032,1.0000000000004026,252,252,3232,OK,221.6289189077152,0.65710199899811,0.1947197092232861,0.3186266112504917,0.0708128071960806,1.3610630717967451,0.9622105515873016,0.909575,0.9716900444748546,5.943769607071405,66.63920830632665,5.6515185941896355,602.8244997008853,376.6127248452815
H10,physical,"(1, 2, 6)",physical_1-2-6,571.9299272141676,1.0000000000004006,251,252,3282,OK,220.4397209424638,0.6397214424179712,0.1765750808722102,0.3186266112504917,0.0345235504939288,0.9722741128069352,0.972039844621514,0.936233,0.9732194557035322,4.687150958038625,40.325756437509305,4.507591994665623,360.66076211317574,181.77205689655267
H10,physical,"(1, 6, 7)",physical_1-6-7,572.0075332408144,1.000000000000404,251,252,3282,OK,270.74337446453,0.578889164121683,0.1765750808722102,0.3186266112504917,0.0345235504939288,0.9624425569029758,0.9718008844621514,0.9351115,0.9772027972027972,4.687150958038625,40.12473900910265,4.548900509844645,358.7619701593591,182.52344573589036
H10,physical,"(3, 6, 9)",physical_3-6-9,547.2182783110471,1.0000000000004017,251,251,3280,OK,269.1237568078595,0.5923666542545941,0.1928208511134105,0.3186266112504917,0.0670150909763293,1.1301088668719463,0.968171470119522,0.9198885,0.9308485139022052,5.194608349903776,34.59367225207521,4.707988414858733,309.4029400292152,162.8666081901901
H10,physical,"(1, 5, 7)",physical_1-5-7,570.3142466378042,1.0000000000004052,252,251,3282,OK,226.48491392501313,0.6203579204161187,0.1761779371310149,0.3186266112504917,0.0337292630115381,0.9259943838635742,0.9728332896825396,0.9377635,0.905413187446012,4.409806189914862,39.696960446412824,4.072804217449622,355.0249735618377,161.677947926081
H10,physical,"(5, 7, 9)",physical_5-7-9,549.2362237674264,1.0000000000004092,250,251,3268,OK,219.32371513488567,0.6583515136233303,0.1933731364271529,0.3186266112504917,0.0681196616038142,1.1609417853668655,0.96667212,0.915596,0.855210664590834,5.291844210363828,35.702768632508274,5.109732073575934,319.09787100790754,182.4315819969883
H10,physical,"(2, 3, 5)",physical_2-3-5,532.6775449619952,1.000000000000402,243,244,3280,OK,304.7670319220908,0.5322891496125512,0.1616256193333442,0.3186266112504917,0.0046246274161968,0.5708001552148804,0.9809327160493828,0.9619735,0.985242718446602,1.3723384950163493,4.440311584615662,1.1902263582284558,39.80789780319291,5.284975886756723
H10,physical,"(0, 2, 9)",physical_0-2-9,602.4733056805492,1.0000000000003997,252,252,3268,OK,268.5719206638488,0.5933187615824217,0.225517797262157,0.3186266112504917,0.1324089832738224,2.2038888831940904,0.9362624761904762,0.836564,0.986448424297178,9.488694693835068,96.56580783950304,9.260607308738836,870.5813372832029,894.2580258527718
H10,physical,"(0, 5, 7)",physical_0-5-7,577.3358597889278,1.0000000000003972,251,251,3232,OK,220.94528600747145,0.6586595808195449,0.1933731364271529,0.3186266112504917,0.0681196616038142,1.298276221865561,0.9646251792828684,0.915458,0.9532053299758684,5.291844210363828,63.99960714545772,4.999593197482058,579.323014979006,319.97200052595457
H10,physical,"(5, 6, 7)",physical_5-6-7,548.1555388011898,1.0000000000003988,242,246,3232,OK,269.86705160719634,0.5721703343610745,0.1616256193333442,0.3186266112504917,0.0046246274161968,0.6490045525793309,0.9790625537190084,0.95765,0.987323433538573,1.3723384950163493,3.765363929559435,1.246773542686061,33.47533725504862,4.694556125959125
H10,physical,"(0, 2, 6)",physical_0-2-6,569.8481240247384,1.0000000000004132,252,252,3232,OK,218.63787417716551,0.6615930986901128,0.1937702801683483,0.3186266112504917,0.0689139490862049,1.2978952638024197,0.9646361825396824,0.917604,0.9798444517471792,5.569188978487591,64.6284031365542,5.420019546624027,584.958803530344,350.28720826722133
H10,physical,"(1, 5, 6)",physical_1-5-6,576.4553827275219,1.0000000000004,251,252,3282,OK,210.0243033866711,0.6511451413497085,0.175228508076077,0.3186266112504917,0.0318304049016624,0.8792153594201011,0.9740762310756972,0.941266,0.9570793433652532,4.035225561331048,37.68615527664037,3.775040012169057,337.15927739129637,142.26674407413344
H10,physical,"(2, 6, 9)",physical_2-6-9,541.864767463621,1.000000000000402,252,252,3268,OK,268.3478007147997,0.59629229067241,0.1937702801683483,0.3186266112504917,0.068913949086205,1.168461513662336,0.96647725,0.915044,0.993587541509218,5.569188978487591,36.33156462360476,5.389630015114589,324.73365955924555,195.8136911914556
H10,physical,"(4, 6, 8)",physical_4-6-8,591.3582465847495,1.0000000000003992,249,251,3232,OK,301.16552450996005,0.5457347834575439,0.175228508076077,0.3186266112504917,0.0318304049016624,1.032336466482609,0.9713448072289156,0.9348925,0.9819373634377276,4.035225561331047,36.46141049758966,3.8531134245431535,325.8648515586939,140.48995026604138
H10,physical,"(1, 3, 5)",physical_1-3-5,572.0086899395964,1.0000000000004037,251,252,3282,OK,264.65016424447094,0.5687982412580788,0.175228508076077,0.3186266112504917,0.0318304049016624,0.8604384790790539,0.9744356494023904,0.9419645,0.9377247466492318,4.035225561331047,38.160085503289935,3.7429745484492773,341.59304598562403,142.83222880546245
H10,physical,"(0, 6, 7)",physical_0-6-7,577.0673355190486,1.000000000000404,251,251,3232,OK,218.63787417716551,0.6615930986901126,0.1937702801683483,0.3186266112504917,0.0689139490862049,1.32678010501107,0.9638685099601594,0.9144315,0.9868533561351004,5.569188978487591,64.42738570814754,5.443624026157303,583.0600115765274,350.71846478337557
H10,physical,"(2, 4, 7)",physical_2-4-7,541.6021254577306,1.000000000000406,251,246,3232,OK,172.14939218691416,0.6955385362149424,0.1625750483882821,0.3186266112504917,0.0065234855260725,0.7006674092558449,0.9785931673306772,0.954186,0.9807556911523116,1.746919123600164,5.94003807681602,1.4867335744381731,52.890021632141085,8.831254042243533
H10,physical,"(3, 4, 6)",physical_3-4-6,551.1723763754235,1.0000000000003926,243,245,3280,OK,386.4008031346869,0.4530670348135028,0.1606761902784064,0.3186266112504917,0.0027257693063211,0.5853465961666331,0.9808719094650206,0.9621965,0.9661855670103092,0.9977578664325344,2.191340535514012,0.5983008987380785,19.693605931569387,1.3110810118392155
H10,physical,"(0, 3, 4)",physical_0-3-4,575.4256702109072,1.0000000000003968,252,251,3280,OK,220.94528600747145,0.658659580819545,0.1924237073722151,0.3186266112504917,0.0662208034939385,1.2302809336096827,0.9673374206349208,0.923399,0.9759732008779024,4.917263581780013,62.4255837514123,4.517806614085557,565.5412836555266,282.0267151602823
H10,physical,"(0, 1, 9)",physical_0-1-9,588.6505862537001,1.0000000000004052,252,252,3282,OK,219.9049260850092,0.6547827697182128,0.2391206860048898,0.3186266112504917,0.159614760759288,2.190985689736177,0.9348961388888888,0.8399695,0.9599605829573156,12.151581760149767,130.28558175817733,11.82897391610454,1172.366485465634,1541.1447482619851
H10,physical,"(3, 8, 9)",physical_3-8-9,542.4601412591485,1.0000000000003966,251,251,3280,OK,225.71215968089663,0.6386663352819468,0.2073731689110811,0.3186266112504917,0.0961197265716706,1.3401246030687766,0.9617371593625498,0.903185,0.9653388515261252,8.232076044802287,69.33767244080042,7.971890495640296,620.0079542506674,552.752331920637
H10,physical,"(5, 6, 8)",physical_5-6-8,586.7050880757167,1.000000000000388,251,252,3232,OK,251.1205221539532,0.6067004880571014,0.175228508076077,0.3186266112504917,0.0318304049016624,1.0180536847510704,0.9718415418326694,0.935404,0.9846780766096168,4.035225561331047,36.49855894851219,3.8354093888974075,326.2146553059594,139.98691567234914
H10,physical,"(0, 5, 6)",physical_0-5-6,581.3216555606004,1.0000000000003983,251,252,3232,OK,218.63787417716551,0.6615930986901126,0.1924237073722151,0.3186266112504917,0.0662208034939385,1.258016554955931,0.9661543705179284,0.9217065,0.9723429474516,4.917263581780014,61.98880197568527,4.625012568898244,561.4573188084646,286.6989882684887
H10,physical,"(0, 4, 8)",physical_0-4-8,584.3114706836543,1.0000000000003963,251,251,3232,OK,214.50849171642173,0.6532612127357948,0.2069760251698857,0.3186266112504917,0.0953254390892798,1.4970170944978851,0.9587867888446217,0.9018705,0.8901371074745688,7.954731276678526,96.69565371348794,7.617729304213286,871.7125292826511,736.6013148832974
H10,physical,"(2, 3, 9)",physical_2-3-9,536.1828114809128,1.000000000000412,252,251,3280,OK,268.6432425764611,0.5924755498458512,0.1937702801683483,0.3186266112504917,0.068913949086205,1.1389268659644476,0.967655623015873,0.917133,0.8875532728663534,5.569188978487591,36.80549485025433,5.331979338068889,329.1674281535732,196.24613806895695
H10,physical,"(1, 2, 7)",physical_1-2-7,569.2755825430825,1.000000000000405,252,252,3282,OK,189.39782400814752,0.6726222492452094,0.1775245099271481,0.3186266112504917,0.0364224086038045,1.042523603289237,0.9701088015873016,0.9332435,0.8266439909297052,5.0617315866224395,42.33656160728176,4.662274618927984,378.5264582837171,197.38467663431067
H10,physical,"(4, 5, 6)",physical_4-5-6,557.8550583595004,1.0000000000004072,243,237,3232,OK,373.109132816376,0.4788693343078371,0.160279046537211,0.3186266112504917,0.0019314818239304,0.5829578636211163,0.9813712098765432,0.9629945,0.9588414634146342,0.7204130983087718,1.2896317461746236,0.45287005754837273,11.522840739720333,0.5840356031063102
H10,physical,"(0, 4, 9)",physical_0-4-9,616.7529241134977,1.00000000000041,251,252,3268,OK,266.64047918834746,0.6003501654672635,0.2241712244660238,0.3186266112504917,0.129715837681556,2.1705693052530584,0.939106828685259,0.843664,0.9947481749908093,8.836769297127493,93.88905822771157,8.35014936208245,846.7300488140579,783.9876596666477
H10,physical,"(0, 2, 3)",physical_0-2-3,560.4989837213,1.0000000000004028,252,252,3280,OK,218.63787417716551,0.6615930986901126,0.1937702801683483,0.3186266112504917,0.0689139490862049,1.2620615384265754,0.9656996388888888,0.9186545,0.8192338387869114,5.56918897848759,65.10233336320377,5.387076841699696,589.3925721246716,350.7112724015285
H10,physical,"(0, 2, 4)",physical_0-2-4,570.5565317509222,1.000000000000402,252,251,3232,OK,218.63787417716551,0.6615930986901126,0.1933731364271529,0.3186266112504917,0.0681196616038142,1.2674390546407253,0.965544376984127,0.919513,0.8147153043298543,5.291844210363828,64.16347612294184,4.999593197482058,580.872003185557,320.7912787510625
H10,physical,"(2, 6, 7)",physical_2-6-7,540.5871002427523,1.0000000000004072,251,249,3232,OK,218.56940597565887,0.63653624917405,0.1629721921294774,0.3186266112504917,0.0073177730084632,0.7301626085079815,0.9776751593625498,0.9524265,0.9901918976545844,2.024263891723927,6.404965090428377,1.8153134341828134,56.976821976928015,11.62701917412657
H10,physical,"(4, 6, 9)",physical_4-6-9,557.0298184490117,1.0000000000003912,250,251,3268,OK,219.74517877720336,0.6570911626581302,0.1924237073722151,0.3186266112504917,0.0662208034939386,1.1340867794377378,0.967917732,0.919968,0.9264603211542936,4.917263581780013,33.65481501181329,4.517806614085557,300.8823710901006,152.04594585619597
H10,physical,"(0, 1, 3)",physical_0-1-3,573.8335472198175,1.0000000000004063,251,251,3282,OK,181.4337155473007,0.6994102249597494,0.2073731689110811,0.3186266112504917,0.0961197265716705,1.351716405815688,0.9619735179282868,0.9120395,0.9329212686189076,8.23207604480229,98.82210728187803,7.96453300404189,891.1777203071027,787.071934975486
H10,physical,"(1, 7, 9)",physical_1-7-9,550.3153263048679,1.0000000000004,251,250,3282,OK,229.400497251123,0.63192635520319,0.2083225979660189,0.3186266112504917,0.0980185846815462,1.316926281891191,0.96129087250996,0.9056975,0.9572832886505808,8.606656673386103,72.0621437120515,8.42454453659821,644.384503912218,607.0907391049185
H10,physical,"(2, 3, 7)",physical_2-3-7,533.7249878811612,1.0000000000003928,248,248,3280,OK,175.17356732665235,0.6890443543524386,0.1629721921294774,0.3186266112504917,0.0073177730084632,0.694957164860992,0.9784623508064516,0.9554635,0.841385395984999,2.024263891723927,6.878895317077941,1.8035172093086782,61.41059057125567,12.406206085382943
H10,physical,"(0, 1, 5)",physical_0-1-5,579.6544079375669,1.0000000000004083,252,252,3282,OK,181.4337155473007,0.6994102249597492,0.2069760251698857,0.3186266112504917,0.0953254390892798,1.342288506843688,0.9623319126984128,0.912502,0.9276530612244898,7.954731276678526,97.92039849253865,7.468111341633484,883.0069551152537,731.2804385593981
H10,physical,"(3, 5, 9)",physical_3-5-9,548.0263981572922,1.0000000000004012,251,252,3280,OK,256.18934824031305,0.6028366049528782,0.1924237073722151,0.3186266112504917,0.0662208034939386,1.092568096138384,0.9693960876494024,0.922513,0.9939337992878808,4.917263581780013,34.165893689385385,4.580261609314773,305.6659434316938,156.48873121342174
H10,rand007,"(2, 4, 6)",rand007_2-4-6,571.8489957778932,1.0000000000004077,237,231,3332,OK,372.8896294803494,0.4511884049703825,0.2141916441673628,0.4237586609185288,0.0046246274161968,0.7451266208460839,0.9836131223628692,0.970218,0.9792998477929984,1.3723384950163493,4.026899831613335,1.154564953621475,36.363464322004035,4.649317417324975
H10,rand007,"(1, 6, 8)",rand007_1-6-8,640.7952061771507,1.0000000000004052,251,251,3382,OK,221.6377001311667,0.6293327259725365,0.2427439944489616,0.4237586609185288,0.0617293279793944,1.452880896480281,0.962460219123506,0.9001395,0.9712624247751708,7.3500380243533225,47.22202516221522,7.057787011471553,411.49867935196255,333.2829958452654
H10,rand007,"(1, 4, 7)",rand007_1-4-7,586.4094777366757,1.0000000000004083,245,242,3382,OK,260.87977530669895,0.5737332499436106,0.2287439619650334,0.4237586609185288,0.0337292630115381,1.0027291097502125,0.9763166,0.942599,0.9944065484311052,4.409806189914862,25.854353509831085,4.010349222220406,225.3389419216026,103.68498648916253
H10,rand007,"(1, 6, 7)",rand007_1-6-7,593.3144755243073,1.0000000000004083,247,247,3382,OK,310.1122018089564,0.5128302772233498,0.2291411057062288,0.4237586609185288,0.0345235504939288,1.054635446777808,0.9753330607287448,0.940213,0.9851917478800152,4.687150958038625,27.13597416668917,4.419607917278226,236.81798732255245,119.93036627015687
H10,rand007,"(0, 2, 7)",rand007_0-2-7,578.6990209780561,1.0000000000004077,250,251,3332,OK,215.39947887265853,0.6695513834559433,0.2472857340573047,0.4237586609185288,0.0708128071960806,1.3839917788092522,0.96589288,0.9187785,0.9913565644618324,5.943769607071405,34.23018562751505,5.818204654741117,301.3795892556133,199.15822535066053
H10,rand007,"(3, 6, 9)",rand007_3-6-9,550.2798409134613,1.0000000000004037,251,249,3332,OK,269.1237568080016,0.5923666542545103,0.245386875947429,0.4237586609185288,0.0670150909763293,1.1760557151609925,0.9710485577689244,0.926557,0.9753255030501684,5.194608349903776,33.55004998075406,4.707988414858733,299.4941345851955,157.9532466273216
H10,rand007,"(1, 2, 6)",rand007_1-2-6,630.4643858124912,1.0000000000003957,247,248,3382,OK,309.62763259623307,0.5163581200713618,0.2291411057062288,0.4237586609185288,0.0345235504939288,1.2098887281421435,0.9724753805668016,0.9359375,0.9878021486123544,4.687150958038625,26.069257899030713,4.426965408876634,227.9836206903298,115.40770295409293
H10,rand007,"(1, 5, 7)",rand007_1-5-7,593.478239136008,1.0000000000003972,247,248,3382,OK,307.4320742311212,0.5185250822422232,0.2287439619650334,0.4237586609185288,0.0337292630115381,1.0261039142094246,0.9760612834008096,0.941839,0.9931133056133056,4.409806189914862,25.861595196240277,4.072804217449622,225.41464321990662,105.3292139852223
H10,rand007,"(0, 2, 9)",rand007_0-2-9,619.881838816041,1.000000000000409,252,252,3332,OK,217.85019032460883,0.6609392640751481,0.2780838220961756,0.4237586609185288,0.1324089832738224,2.3190113536164927,0.9317344404761904,0.8293845,0.9006148826703476,9.488694693835068,61.47786031868722,9.279744236293954,544.8560588150956,570.4988199520226
H10,rand007,"(2, 3, 5)",rand007_2-3-5,565.3726442896741,1.0000000000004086,243,229,3332,OK,371.58477217940344,0.4580023516347256,0.2141916441673628,0.4237586609185288,0.0046246274161968,0.7092173799665754,0.9845498477366256,0.9729845,0.973142345568487,1.3723384950163493,3.9612800514745348,1.1725223225827095,35.77995429084484,4.644689286355477
H10,rand007,"(5, 7, 9)",rand007_5-7-9,539.8716358734497,1.0000000000003997,249,245,3332,OK,219.67120761325543,0.6562824502450649,0.2459391612611715,0.4237586609185288,0.0681196616038142,1.1430568183524303,0.9710199598393574,0.927093,0.9581357812972864,5.291844210363828,34.21081522001457,4.954842237898588,305.19820079665766,169.50919224507206
H10,rand007,"(0, 5, 7)",rand007_0-5-7,571.1073022356867,1.000000000000404,250,247,3332,OK,212.1238972681727,0.6763101581038712,0.2459391612611715,0.4237586609185288,0.0681196616038142,1.2599565178329726,0.970090052,0.930399,0.7241780883275105,5.291844210363828,32.160240181563196,4.999593197482058,282.3624128005454,160.78811804113252
H10,rand007,"(1, 5, 6)",rand007_1-5-6,620.6896403413848,1.000000000000402,246,244,3382,OK,303.04575867559345,0.5273514390385423,0.2277945329100956,0.4237586609185288,0.0318304049016624,1.0726698197914954,0.9761630772357724,0.9462815,0.9425365062195782,4.035225561331048,23.99931245307887,3.7429745484492782,208.9664442352619,89.82881569215601
H10,rand007,"(5, 6, 7)",rand007_5-6-7,547.8985542715407,1.0000000000003963,236,234,3332,OK,255.9476032054704,0.5642934866836116,0.2141916441673628,0.4237586609185288,0.0046246274161968,0.620746163653178,0.9852445381355932,0.9741055,0.8841463414634146,1.3723384950163493,5.100857785680982,0.8857185599713067,45.27353225253071,4.517924412551787
H10,rand007,"(0, 2, 6)",rand007_0-2-6,600.221839158726,1.0000000000004012,251,250,3332,OK,212.1238972681727,0.6763101581038711,0.2463363050023669,0.4237586609185288,0.0689139490862049,1.395454208238092,0.9669685498007968,0.922519,0.8112604568098506,5.569188978487591,32.36790288435363,5.430938530293611,284.93139027096856,175.78809091943785
H10,rand007,"(2, 6, 9)",rand007_2-6-9,566.9524848961834,1.0000000000003983,248,249,3332,OK,232.94094787676656,0.6199018458143988,0.2463363050023669,0.4237586609185288,0.068913949086205,1.2949954630703948,0.9669152096774194,0.9160935,0.9109905886106237,5.569188978487591,34.41847792280501,5.389630015114589,307.7671782670808,185.50286168730872
H10,rand007,"(4, 6, 8)",rand007_4-6-8,571.5766673100973,1.0000000000004046,248,244,3332,OK,340.71379782044266,0.4974898002373317,0.2277945329100956,0.4237586609185288,0.0318304049016624,0.8924813945267326,0.9791562943548388,0.953381,0.9317995069843878,4.035225561331047,25.179667094797836,3.6982235888658073,219.87852298363677,93.12003880976953
H10,rand007,"(1, 3, 5)",rand007_1-3-5,610.483710384786,1.0000000000004017,248,244,3382,OK,304.07945309189887,0.5237414350028798,0.2277945329100956,0.4237586609185288,0.0318304049016624,1.032683562859018,0.9769005887096774,0.946019,0.9543841198895754,4.035225561331047,23.926450986530877,3.807138176234814,208.30723290579866,91.09130497263283
H10,rand007,"(0, 6, 7)",rand007_0-6-7,569.9319744330733,1.0000000000004,249,252,3332,OK,212.1238972681727,0.6763101581038711,0.2463363050023669,0.4237586609185288,0.0689139490862049,1.2869430170332468,0.9692031084337348,0.928591,0.7205284552845529,5.569188978487591,33.43461915201209,5.301645937727192,293.76575690319123,177.25851280672066
H10,rand007,"(2, 4, 7)",rand007_2-4-7,548.605735314136,1.000000000000398,238,243,3332,OK,256.01746921348314,0.5638144127688542,0.2151410732223006,0.4237586609185288,0.0065234855260725,0.7180996875719518,0.9828241722689076,0.9656635,0.959355131698456,1.746919123600164,5.889182574774745,1.4099171511349244,52.81166330664876,8.303259518339848
H10,rand007,"(3, 4, 6)",rand007_3-4-6,555.6080508162156,1.0000000000003972,230,232,3332,OK,372.8896294803494,0.4511884049703825,0.213242215112425,0.4237586609185288,0.0027257693063211,0.6039587811542151,0.9856591826086956,0.9771325,0.9215304798962386,0.9977578664325344,3.1584718895623896,0.6607558939672948,28.090420640118737,2.0869789169583677
H10,rand007,"(0, 3, 4)",rand007_0-3-4,574.6602098111682,1.0000000000003944,249,249,3332,OK,212.1238972681727,0.6763101581038711,0.2449897322062336,0.4237586609185288,0.0662208034939385,1.2289731989884751,0.97139362248996,0.935057,0.7703919250704737,4.917263581780013,30.217854285444606,4.68917619668378,265.1793011881335,141.6968430301658
H10,rand007,"(0, 1, 9)",rand007_0-1-9,610.6545536919912,1.000000000000409,252,252,3382,OK,218.6538135657612,0.6572112097363891,0.2916867108389084,0.4237586609185288,0.159614760759288,2.332606600143825,0.9301486785714286,0.825869,0.9715166461159064,12.151581760149767,81.44303125374356,11.930835077734518,717.3833374300493,971.6833741191922
H10,rand007,"(3, 8, 9)",rand007_3-8-9,517.1359068355548,1.0000000000004057,251,252,3332,OK,225.4373425633629,0.6378104746488928,0.2599391937450997,0.4237586609185288,0.0961197265716706,1.216754878318342,0.969791844621514,0.924094,0.9821806973608168,8.232076044802287,55.49838371944152,7.971890495640296,490.62302559925035,442.427037696414
H10,rand007,"(5, 6, 8)",rand007_5-6-8,577.0418283725531,1.0000000000004026,245,244,3332,OK,340.52337391812057,0.4990303611132524,0.2277945329100956,0.4237586609185288,0.0318304049016624,0.9109147051184432,0.9786226857142856,0.9531505,0.9836366672232426,4.035225561331047,25.186908781207023,3.6982235888658073,219.95422428194078,93.14682018527115
H10,rand007,"(0, 5, 6)",rand007_0-5-6,596.1984734030024,1.000000000000404,248,250,3332,OK,212.1238972681727,0.6763101581038711,0.2449897322062336,0.4237586609185288,0.0662208034939385,1.298949458792722,0.9699266370967742,0.932147,0.8047169811320755,4.917263581780014,30.297957438401788,4.580261609314774,265.91421381590067,138.7725712957647
H10,rand007,"(2, 3, 9)",rand007_2-3-9,556.2863065787295,1.0000000000003937,250,249,3332,OK,181.36166671463272,0.7002444637381979,0.2463363050023669,0.4237586609185288,0.068913949086205,1.2476746128469296,0.968599388,0.920817,0.946053328624404,5.569188978487591,34.34561645625702,5.348442296072342,307.1079669376176,183.6955477393233
H10,rand007,"(0, 4, 8)",rand007_0-4-8,558.477385648139,1.0000000000004,251,250,3332,OK,219.0999715854449,0.6581663914550515,0.2595420500039043,0.4237586609185288,0.0953254390892798,1.3601088065495348,0.9671503187250996,0.9207415,0.8868630649649746,7.954731276678526,52.239049490680046,7.717521636259824,456.9674035316515,403.155994701971
H10,rand007,"(4, 5, 6)",rand007_4-5-6,570.4920969332896,1.000000000000401,226,228,3332,OK,372.8896294803494,0.4511884049703825,0.2128450713712296,0.4237586609185288,0.0019314818239304,0.634704467947622,0.9852161327433628,0.976925,0.9152095018145826,0.7204130983087718,1.956954385661487,0.3209561306143158,17.34628786693614,0.6280965074106264
H10,rand007,"(1, 2, 7)",rand007_1-2-7,606.874029806578,1.0000000000004097,247,247,3382,OK,260.76595742499273,0.5720882373340894,0.2300905347611666,0.4237586609185288,0.0364224086038045,1.191863106933015,0.9714122024291498,0.9296245,0.9286816389507973,5.0617315866224395,27.93154064219212,4.7247296141572,244.43181967497452,131.96897724120052
H10,rand007,"(0, 4, 9)",rand007_0-4-9,611.0240526626294,1.0000000000004134,252,252,3332,OK,268.2063642335324,0.5955224169443551,0.2767372493000424,0.4237586609185288,0.129715837681556,2.221732452149114,0.9379931984126983,0.84281,0.9832779143173824,8.836769297127493,59.40067318632619,8.576583747965502,525.7631810617236,509.45484826805534
H10,rand007,"(0, 2, 3)",rand007_0-2-3,584.6110129594306,1.000000000000406,251,250,3332,OK,212.1238972681727,0.6763101581038711,0.2463363050023669,0.4237586609185288,0.0689139490862049,1.3434645550153286,0.9681773784860558,0.9257205,0.857023333643209,5.56918897848759,32.29504141780564,5.404144939671375,284.2721789415054,174.52708465451184
H10,rand007,"(2, 6, 7)",rand007_2-6-7,555.9238799791792,1.000000000000399,239,242,3332,OK,256.01746921348314,0.5638144127688542,0.215538216963496,0.4237586609185288,0.0073177730084632,0.7753515805182425,0.9819197154811716,0.9629055,0.9662525879917184,2.024263891723927,7.17080323163283,1.7961765066276942,64.2907087075986,12.880028298308837
H10,rand007,"(0, 2, 4)",rand007_0-2-4,593.0928121861418,1.0000000000004057,252,250,3332,OK,212.1238972681727,0.6763101581038711,0.2459391612611715,0.4237586609185288,0.0681196616038142,1.3455548547446496,0.9683994563492064,0.9257515,0.8015499584832549,5.291844210363828,31.086282227495552,5.153593762169848,273.45234487001875,160.20607017667248
H10,rand007,"(4, 6, 9)",rand007_4-6-9,556.9470430086776,1.0000000000004088,246,247,3332,OK,269.1237568080016,0.5923666542545104,0.2449897322062337,0.4237586609185288,0.0662208034939386,1.174055829030676,0.9706194268292684,0.9273645,0.9477083146470536,4.917263581780013,32.34129079044397,4.649720541019613,288.6743005137089,150.3779641114158
H10,rand007,"(0, 1, 3)",rand007_0-1-3,602.8339159197919,1.000000000000406,252,251,3382,OK,261.59552953727336,0.5995156824584572,0.2599391937450996,0.4237586609185288,0.0961197265716705,1.4777392221378114,0.963810873015873,0.911801,0.9279482785480604,8.23207604480229,52.26021235286198,8.052517081429288,456.79945755645923,420.826252650543
H10,rand007,"(2, 3, 7)",rand007_2-3-7,542.8482985182139,1.0000000000004048,244,238,3332,OK,255.8458898518392,0.5655187337498514,0.215538216963496,0.4237586609185288,0.0073177730084632,0.7182522071176801,0.9830941270491804,0.965963,0.993664202745512,2.024263891723927,7.097941765084839,1.8421517549360336,63.63149737813538,13.075485878984804
H10,rand007,"(1, 7, 9)",rand007_1-7-9,560.7915036614744,1.000000000000408,251,251,3382,OK,189.72591267387796,0.6759621879798738,0.2608886228000375,0.4237586609185288,0.0980185846815462,1.3960758073688249,0.9638688964143426,0.9096655,0.9492195629552548,8.606656673386103,56.24593160102276,8.42454453659821,496.7426558666794,473.8463557752729
H10,rand007,"(0, 1, 5)",rand007_0-1-5,615.9617054260549,1.000000000000406,251,252,3382,OK,261.59552953727336,0.5995156824584572,0.2595420500039043,0.4237586609185288,0.0953254390892798,1.4924629655467063,0.9634413864541832,0.9123205,0.882190445238869,7.954731276678526,51.058694848961075,7.805561844814962,446.0553247832766,398.5418003591008
H10,rand007,"(3, 5, 9)",rand007_3-5-9,553.6716401042474,1.0000000000004037,247,248,3332,OK,175.54212629681308,0.719213463812387,0.2449897322062337,0.4237586609185288,0.0662208034939386,1.1455123095742574,0.9713008906882592,0.929248,0.9538780120481928,4.917263581780013,32.27567101030517,4.517806614085557,288.0907904825497,145.81523996440615
N2,identity,"(0, 1, 2)",identity_0-1-2,196.99025271097528,1.0000000000001303,39,41,2672,OK,28.84444850734269,0.9806563594670196,0.2883321499011539,0.4655738943531093,0.1110904054491984,0.1112341532663929,0.9717229230769232,0.999521,0.9915966386554622,1.0482837986399605,0.5850912541863061,0.5616638635949178,0.7893780668446587,0.32862461438187685
N2,identity,"(0, 1, 3)",identity_0-1-3,199.73821783479195,1.0000000000001286,43,42,2688,OK,31.870454303643218,0.9788639618129478,0.2873536081379665,0.4655738943531093,0.1091333219228238,0.1084645811214187,0.974481069767442,0.999591,0.4251968503937008,0.9898300637000548,0.5719017396870563,0.5903730960055988,0.7727459120213818,0.33763540067003545
N2,identity,"(0, 1, 4)",identity_0-1-4,199.73821783479195,1.0000000000001286,43,42,2672,OK,31.870454303643218,0.9788639618129478,0.2873536081379665,0.4655738943531093,0.1091333219228238,0.1084645811214187,0.974481069767442,0.999591,0.4251968503937008,0.9898300637000548,0.5719017396870563,0.6528280912348152,0.7727459120213818,0.3733535210937711
N2,identity,"(0, 1, 5)",identity_0-1-5,199.73821783479195,1.0000000000001286,43,42,2696,OK,31.870454303643218,0.9788639618129478,0.2873536081379665,0.4655738943531093,0.1091333219228238,0.1084645811214187,0.974481069767442,0.999591,0.4251968503937008,0.9898300637000548,0.5719017396870563,0.6975790508182853,0.7727459120213818,0.3989466727322228
N2,identity,"(0, 1, 6)",identity_0-1-6,199.73821783479195,1.0000000000001286,43,42,2672,OK,31.870454303643218,0.9788639618129478,0.2873536081379665,0.4655738943531093,0.1091333219228238,0.1084645811214187,0.974481069767442,0.999591,0.4251968503937008,0.9898300637000548,0.5719017396870563,0.7296445145380639,0.7727459120213818,0.41728496721743635
N2,identity,"(0, 1, 7)",identity_0-1-7,195.56600417168113,1.0000000000001308,41,42,2696,OK,24.289052413038803,0.9831338991515088,0.2883321499011539,0.4655738943531093,0.1110904054491984,0.1133515438782334,0.973002,0.999457,0.9739130434782608,1.0482837986399605,0.5850912541863061,0.8110741582212587,0.7745627743021383,0.47455239647177877
N2,identity,"(0, 1, 8)",identity_0-1-8,178.78282184649663,1.0000000000001277,47,47,2672,OK,31.870454303643218,0.9788639618129475,0.3130620797915397,0.4655738943531093,0.1605502652299701,0.162213359881211,0.9757796170212766,0.999413,0.8059701492537313,1.421873223676595,0.8188160198886022,1.2011265412613459,0.8049116753020129,0.9835016538981781
N2,identity,"(0, 1, 9)",identity_0-1-9,171.6496972727839,1.0000000000001263,46,45,2672,OK,24.267038653349005,0.9831497139805824,0.3162117974458052,0.4655738943531093,0.1668497005385012,0.1689643911007745,0.9748666086956522,0.999458,0.832258064516129,1.5476169674235694,0.8968891991725665,1.3386665098824557,0.8219466146468942,1.2006355340076103
N2,identity,"(0, 2, 3)",identity_0-2-3,219.48523498463143,1.0000000000001297,38,39,2686,OK,46.56101398974499,0.965979281459412,0.2626236782475807,0.4655738943531093,0.059673462142052,0.0687160704752626,0.971809,0.999626,0.9801980198019802,0.6162406386634199,0.3381769739847601,0.216783670968964,0.5148347475296405,0.07331124585759213
N2,identity,"(0, 2, 4)",identity_0-2-4,219.48523498463143,1.0000000000001297,38,39,2654,OK,46.56101398974499,0.965979281459412,0.2626236782475807,0.4655738943531093,0.059673462142052,0.0687160704752626,0.971809,0.999626,0.9801980198019802,0.6162406386634199,0.3381769739847601,0.29363279461819225,0.5148347475296405,0.09929984994666881
N2,identity,"(0, 2, 5)",identity_0-2-5,219.48523498463143,1.0000000000001297,38,39,2696,OK,46.56101398974499,0.965979281459412,0.2626236782475807,0.4655738943531093,0.059673462142052,0.0687160704752626,0.971809,0.999626,0.9801980198019802,0.6162406386634199,0.3381769739847601,0.3486975979030209,0.5148347475296405,0.11792149849459824
N2,identity,"(0, 2, 6)",identity_0-2-6,219.48523498463143,1.0000000000001297,38,39,2654,OK,46.56101398974499,0.965979281459412,0.2626236782475807,0.4655738943531093,0.059673462142052,0.0687160704752626,0.971809,0.999626,0.9801980198019802,0.6162406386634199,0.3381769739847601,0.38815325356718705,0.5148347475296405,0.13126449273369062
N2,identity,"(0, 2, 7)",identity_0-2-7,215.57680901892695,1.0000000000001306,38,41,2696,OK,51.57122019664939,0.9394902763932316,0.263602220010768,0.4655738943531093,0.0616305456684267,0.0747543562409586,0.9715912105263158,0.99959,0.7433628318584071,0.6746943736033255,0.35136648848401,0.4748782011696858,0.516651609810397,0.16685628600259578
N2,identity,"(0, 2, 8)",identity_0-2-8,196.2401214284455,1.000000000000125,40,44,2654,OK,31.870454303643218,0.9788639618129475,0.2883321499011538,0.4655738943531093,0.1110904054491983,0.1117099115638698,0.97237185,0.999509,0.9,1.04828379863996,0.585091254186306,0.8687248352669584,0.5470005108102717,0.5082833034091369
N2,identity,"(0, 2, 9)",identity_0-2-9,190.9296843770676,1.0000000000001323,45,45,2654,OK,46.56101398974499,0.965979281459412,0.2914818675554194,0.4655738943531093,0.1173898407577295,0.1226410868551515,0.9749684,0.999586,0.7985611510791367,1.1740275423869344,0.6631644334702704,1.008983503570719,0.564035450155153,0.6691219735263245
N2,identity,"(0, 3, 4)",identity_0-3-4,222.44706873203768,1.0000000000001306,37,39,2686,OK,31.870454303643218,0.9788639618129475,0.2616451364843933,0.4655738943531093,0.0577163786156774,0.0657230390633975,0.9711884864864864,0.999662,0.7311827956989247,0.5577869037235144,0.3249874594855102,0.22078493125827475,0.49820259270636363,0.07175233390230973
N2,identity,"(0, 3, 5)",identity_0-3-5,222.44706873203768,1.0000000000001306,37,39,2696,OK,31.870454303643218,0.9788639618129475,0.2616451364843933,0.4655738943531093,0.0577163786156774,0.0657230390633975,0.9711884864864864,0.999662,0.7311827956989247,0.5577869037235144,0.3249874594855102,0.29024386296311533,0.49820259270636363,0.09432561565564343
N2,identity,"(0, 3, 6)",identity_0-3-6,222.44706873203768,1.0000000000001306,37,39,2686,OK,31.870454303643218,0.9788639618129475,0.2616451364843933,0.4655738943531093,0.0577163786156774,0.0657230390633975,0.9711884864864864,0.999662,0.7311827956989247,0.5577869037235144,0.3249874594855102,0.34001336232864,0.49820259270636363,0.110500078814311
N2,identity,"(0, 3, 7)",identity_0-3-7,218.46622406026484,1.00000000000013,36,40,2696,OK,51.57122019664939,0.9394902763932312,0.2626236782475807,0.4655738943531093,0.059673462142052,0.0705162685270686,0.9701557222222222,0.999593,0.9158878504672896,0.6162406386634199,0.3381769739847601,0.43412850187552643,0.5000194549871202,0.14681226308480277
N2,identity,"(0, 3, 8)",identity_0-3-8,199.48932575398717,1.0000000000001286,41,43,2686,OK,31.870454303643218,0.9788639618129475,0.2873536081379665,0.4655738943531093,0.1091333219228237,0.1087352118268075,0.9731529268292682,0.99957,0.4796747967479675,0.9898300637000546,0.5719017396870562,0.8332704398921031,0.5303683559869947,0.47654881420409234
N2,identity,"(0, 3, 9)",identity_0-3-9,194.1210960501678,1.0000000000001317,43,49,2686,OK,46.56101398974499,0.965979281459412,0.2905033257922321,0.4655738943531093,0.1154327572313548,0.1167986092268318,0.973996046511628,0.999532,0.9716312056737588,1.1155738074470287,0.6499749189710204,0.977323359253049,0.5474032953318761,0.635235671238986
N2,identity,"(0, 4, 5)",identity_0-4-5,222.44706873203768,1.0000000000001306,37,39,2696,OK,31.870454303643218,0.9788639618129475,0.2616451364843933,0.4655738943531093,0.0577163786156774,0.0657230390633975,0.9711884864864864,0.999662,0.7311827956989247,0.5577869037235144,0.3249874594855102,0.2655358908417449,0.49820259270636363,0.08629583456688043
N2,identity,"(0, 4, 6)",identity_0-4-6,222.44706873203768,1.0000000000001306,37,39,2654,OK,31.870454303643218,0.9788639618129475,0.2616451364843933,0.4655738943531093,0.0577163786156774,0.0657230390633975,0.9711884864864864,0.999662,0.7311827956989247,0.5577869037235144,0.3249874594855102,0.3296995186272815,0.49820259270636363,0.10714820895227586
N2,identity,"(0, 4, 7)",identity_0-4-7,218.46622406026484,1.00000000000013,36,40,2696,OK,51.57122019664939,0.9394902763932312,0.2626236782475807,0.4655738943531093,0.059673462142052,0.0705162685270686,0.9701557222222222,0.999593,0.9158878504672896,0.6162406386634199,0.3381769739847601,0.43412850187552643,0.5000194549871202,0.14681226308480277
N2,identity,"(0, 4, 8)",identity_0-4-8,199.48932575398717,1.0000000000001286,41,43,2654,OK,31.870454303643218,0.9788639618129475,0.2873536081379665,0.4655738943531093,0.1091333219228237,0.1087352118268075,0.9731529268292682,0.99957,0.4796747967479675,0.9898300637000546,0.5719017396870562,0.8406606318364908,0.5303683559869947,0.4807752778337089
N2,identity,"(0, 4, 9)",identity_0-4-9,194.1210960501678,1.0000000000001317,43,49,2654,OK,46.56101398974499,0.965979281459412,0.2905033257922321,0.4655738943531093,0.1154327572313548,0.1167986092268318,0.973996046511628,0.999532,0.9716312056737588,1.1155738074470287,0.6499749189710204,0.9900088551167405,0.5474032953318761,0.6434809253850962
N2,identity,"(0, 5, 6)",identity_0-5-6,222.44706873203768,1.0000000000001306,37,39,2696,OK,31.870454303643218,0.9788639618129475,0.2616451364843933,0.4655738943531093,0.0577163786156774,0.0657230390633975,0.9711884864864864,0.999662,0.7311827956989247,0.5577869037235144,0.3249874594855102,0.2976013545615234,0.49820259270636363,0.09671670815839606
N2,identity,"(0, 5, 7)",identity_0-5-7,218.46622406026484,1.00000000000013,36,40,2696,OK,51.57122019664939,0.9394902763932312,0.2626236782475807,0.4655738943531093,0.059673462142052,0.0705162685270686,0.9701557222222222,0.999593,0.9158878504672896,0.6162406386634199,0.3381769739847601,0.41642446622978024,0.5000194549871202,0.140825165882806
N2,identity,"(0, 5, 8)",identity_0-5-8,199.48932575398717,1.0000000000001286,41,43,2696,OK,31.870454303643218,0.9788639618129475,0.2873536081379665,0.4655738943531093,0.1091333219228237,0.1087352118268075,0.9731529268292682,0.99957,0.4796747967479675,0.9898300637000546,0.5719017396870562,0.8332704398921031,0.5303683559869947,0.47654881420409234
N2,identity,"(0, 5, 9)",identity_0-5-9,194.1210960501678,1.0000000000001317,43,49,2696,OK,46.56101398974499,0.965979281459412,0.2905033257922321,0.4655738943531093,0.1154327572313548,0.1167986092268318,0.973996046511628,0.999532,0.9716312056737588,1.1155738074470287,0.6499749189710204,0.9900088551167405,0.5474032953318761,0.6434809253850962
N2,identity,"(0, 6, 7)",identity_0-6-7,218.46622406026484,1.00000000000013,36,40,2696,OK,51.57122019664939,0.9394902763932312,0.2626236782475807,0.4655738943531093,0.059673462142052,0.0705162685270686,0.9701557222222222,0.999593,0.9158878504672896,0.6162406386634199,0.3381769739847601,0.3790309982447182,0.5000194549871202,0.12817955603282172
N2,identity,"(0, 6, 8)",identity_0-6-8,199.48932575398717,1.0000000000001286,41,43,2654,OK,31.870454303643218,0.9788639618129475,0.2873536081379665,0.4655738943531093,0.1091333219228237,0.1087352118268075,0.9731529268292682,0.99957,0.4796747967479675,0.9898300637000546,0.5719017396870562,0.810271100327053,0.5303683559869947,0.4633954518951868
N2,identity,"(0, 6, 9)",identity_0-6-9,194.1210960501678,1.0000000000001317,43,49,2654,OK,46.56101398974499,0.965979281459412,0.2905033257922321,0.4655738943531093,0.1154327572313548,0.1167986092268318,0.973996046511628,0.999532,0.9716312056737588,1.1155738074470287,0.6499749189710204,0.977323359253049,0.5474032953318761,0.635235671238986
N2,identity,"(0, 7, 8)",identity_0-7-8,195.82076334684473,1.0000000000001272,41,41,2696,OK,28.615051437640204,0.9790483593664856,0.2883321499011538,0.4655738943531093,0.1110904054491983,0.1143926245379432,0.9728848292682928,0.99943,0.8260869565217391,1.04828379863996,0.585091254186306,0.827537116224711,0.5321852182677513,0.4841847292176351
N2,identity,"(0, 7, 9)",identity_0-7-9,191.13416703146413,1.0000000000001312,44,47,2696,OK,46.56101398974499,0.965979281459412,0.2914818675554194,0.4655738943531093,0.1173898407577295,0.1230610024244329,0.9743286818181818,0.999476,0.8881118881118881,1.1740275423869344,0.6631644334702704,1.008983503570719,0.5492201576126327,0.6691219735263245
N2,identity,"(0, 8, 9)",identity_0-8-9,173.93339520938866,1.000000000000128,46,46,2654,OK,31.307073886935655,0.9762021976868116,0.3162117974458052,0.4655738943531093,0.1668497005385011,0.1683060985788604,0.974820608695652,0.999453,0.9727891156462584,1.547616967423569,0.8968891991725665,1.3386665098824553,0.5795690586125072,1.2006355340076098
N2,identity,"(1, 2, 4)",identity_1-2-4,222.46989511181425,1.0000000000001308,40,34,2672,OK,29.068263305447317,0.9781335524780966,0.2594739605933152,0.4655738943531093,0.053374026833521,0.0616035826549688,0.9735376,0.999766,0.6666666666666666,0.490496894916446,0.2601037947007959,0.09103992722199006,0.29117547413829514,0.023679830539723903
N2,identity,"(1, 2, 3)",identity_1-2-3,222.46989511181425,1.0000000000001308,40,34,2688,OK,29.068263305447317,0.9781335524780966,0.2594739605933152,0.4655738943531093,0.053374026833521,0.0616035826549688,0.9735376,0.999766,0.6666666666666666,0.490496894916446,0.2601037947007959,0.0038769598714033515,0.29117547413829514,0.0010084119744547214
N2,identity,"(1, 2, 5)",identity_1-2-5,222.46989511181425,1.0000000000001308,40,34,2696,OK,29.068263305447317,0.9781335524780966,0.2594739605933152,0.4655738943531093,0.053374026833521,0.0616035826549688,0.9735376,0.999766,0.6666666666666666,0.490496894916446,0.2601037947007959,0.15349492245120638,0.29117547413829514,0.03992461179686318
N2,identity,"(1, 2, 6)",identity_1-2-6,222.46989511181425,1.0000000000001308,40,34,2672,OK,29.068263305447317,0.9781335524780966,0.2594739605933152,0.4655738943531093,0.053374026833521,0.0616035826549688,0.9735376,0.999766,0.6666666666666666,0.490496894916446,0.2601037947007959,0.19824588203467652,0.29117547413829514,0.051564506201025706
N2,identity,"(1, 2, 7)",identity_1-2-7,218.63625060402111,1.0000000000001326,35,35,2696,OK,27.133941327647904,0.9788648172146902,0.2604525023565024,0.4655738943531093,0.0553311103598956,0.0647666572386635,0.9695716571428572,0.99972,0.9333333333333332,0.5489506298563516,0.2732933092000458,0.28876508069436063,0.2929923364190517,0.07891756448438007
N2,identity,"(1, 2, 8)",identity_1-2-8,201.60100754070243,1.0000000000001337,38,38,2672,OK,32.43364529834025,0.9770425035292898,0.2851824322468883,0.4655738943531093,0.1047909701406673,0.1078602489803748,0.9712114736842106,0.99966,0.8888888888888888,0.9225400548929862,0.5070180749023419,0.6853304144742844,0.32334123741892623,0.34747490741877574
N2,identity,"(1, 2, 9)",identity_1-2-9,195.7700306299159,1.00000000000013,40,38,2672,OK,31.870454303643218,0.9788639618129475,0.2883321499011539,0.4655738943531093,0.1110904054491984,0.1151970849071796,0.97220975,0.999476,0.944055944055944,1.0482837986399605,0.5850912541863063,0.8275371162247115,0.34037617676380766,0.48418472921763556
N2,identity,"(1, 3, 4)",identity_1-3-4,226.2432446882627,1.000000000000131,34,32,2688,OK,46.02280850293994,0.9581210331383864,0.2584954188301278,0.4655738943531093,0.0514169433071463,0.0601260981543483,0.968992,0.99982,0.9473684210526316,0.4320431599765404,0.24691428020154607,0.03258619228208448,0.2745433193150182,0.008045996211840066
N2,identity,"(1, 3, 5)",identity_1-3-5,226.2432446882627,1.000000000000131,34,32,2696,OK,46.02280850293994,0.9581210331383864,0.2584954188301278,0.4655738943531093,0.0514169433071463,0.0601260981543483,0.968992,0.99982,0.9473684210526316,0.4320431599765404,0.24691428020154607,0.10943531593131273,0.2745433193150182,0.027021142261808868
N2,identity,"(1, 3, 6)",identity_1-3-6,226.2432446882627,1.000000000000131,34,32,2688,OK,46.02280850293994,0.9581210331383864,0.2584954188301278,0.4655738943531093,0.0514169433071463,0.0601260981543483,0.968992,0.99982,0.9473684210526316,0.4320431599765404,0.24691428020154607,0.16450011921614138,0.2745433193150182,0.04061742852932207
N2,identity,"(1, 3, 7)",identity_1-3-7,222.34307368525208,1.0000000000001277,35,38,2696,OK,27.934429967942265,0.9784605395115764,0.2594739605933152,0.4655738943531093,0.053374026833521,0.0626773460228781,0.9696966285714286,0.999761,0.8225806451612904,0.490496894916446,0.2601037947007959,0.2624095098202131,0.27636018159577475,0.0682537092698132
N2,identity,"(1, 3, 8)",identity_1-3-8,205.66206399405473,1.000000000000132,36,33,2688,OK,51.781914492949,0.9562949301626548,0.284203890483701,0.4655738943531093,0.1028338866142926,0.1058917505153146,0.9697818888888888,0.999757,0.918032786885246,0.8640863199530806,0.493828560403092,0.6642701475194409,0.3067090825956493,0.32803557066827504
N2,identity,"(1, 3, 9)",identity_1-3-9,199.76319712480972,1.000000000000132,45,42,2688,OK,31.870454303643218,0.9788639618129475,0.2873536081379665,0.4655738943531093,0.1091333219228238,0.1107281268364606,0.9754864,0.99955,0.4838709677419355,0.9898300637000549,0.5719017396870564,0.8102711003270533,0.3237440219405307,0.46339545189518716
N2,identity,"(1, 4, 5)",identity_1-4-5,226.2432446882627,1.000000000000131,34,32,2696,OK,46.02280850293994,0.9581210331383864,0.2584954188301278,0.4655738943531093,0.0514169433071463,0.0601260981543483,0.968992,0.99982,0.9473684210526316,0.4320431599765404,0.24691428020154607,0.0950411875113008,0.2745433193150182,0.02346702640385301
N2,identity,"(1, 4, 6)",identity_1-4-6,226.2432446882627,1.000000000000131,34,32,2672,OK,46.02280850293994,0.9581210331383864,0.2584954188301278,0.4655738943531093,0.0514169433071463,0.0601260981543483,0.968992,0.99982,0.9473684210526316,0.4320431599765404,0.24691428020154607,0.16450011921614138,0.2745433193150182,0.04061742852932207
N2,identity,"(1, 4, 7)",identity_1-4-7,222.34307368525208,1.0000000000001277,35,38,2696,OK,27.934429967942265,0.9784605395115764,0.2594739605933152,0.4655738943531093,0.053374026833521,0.0626773460228781,0.9696966285714286,0.999761,0.8225806451612904,0.490496894916446,0.2601037947007959,0.2727233535215716,0.27636018159577475,0.07093637915448746
N2,identity,"(1, 4, 8)",identity_1-4-8,205.66206399405473,1.000000000000132,36,33,2672,OK,51.781914492949,0.9562949301626548,0.284203890483701,0.4655738943531093,0.1028338866142926,0.1058917505153146,0.9697818888888888,0.999757,0.918032786885246,0.8640863199530806,0.493828560403092,0.6819741831651871,0.3067090825956493,0.3367783291045389
N2,identity,"(1, 4, 9)",identity_1-4-9,199.76319712480972,1.000000000000132,45,42,2672,OK,31.870454303643218,0.9788639618129475,0.2873536081379665,0.4655738943531093,0.1091333219228238,0.1107281268364606,0.9754864,0.99955,0.4838709677419355,0.9898300637000549,0.5719017396870564,0.8332704398921035,0.3237440219405307,0.47654881420409273
N2,identity,"(1, 5, 6)",identity_1-5-6,226.2432446882627,1.000000000000131,34,32,2696,OK,46.02280850293994,0.9581210331383864,0.2584954188301278,0.4655738943531093,0.0514169433071463,0.0601260981543483,0.968992,0.99982,0.9473684210526316,0.4320431599765404,0.24691428020154607,0.13979214709477095,0.2745433193150182,0.03451667737773402
N2,identity,"(1, 5, 7)",identity_1-5-7,222.34307368525208,1.0000000000001277,35,38,2696,OK,27.934429967942265,0.9784605395115764,0.2594739605933152,0.4655738943531093,0.053374026833521,0.0626773460228781,0.9696966285714286,0.999761,0.8225806451612904,0.490496894916446,0.2601037947007959,0.2624095098202131,0.27636018159577475,0.0682537092698132
N2,identity,"(1, 5, 9)",identity_1-5-9,199.76319712480972,1.000000000000132,45,42,2696,OK,31.870454303643218,0.9788639618129475,0.2873536081379665,0.4655738943531093,0.1091333219228238,0.1107281268364606,0.9754864,0.99955,0.4838709677419355,0.9898300637000549,0.5719017396870564,0.8406606318364911,0.3237440219405307,0.48077527783370927
N2,identity,"(1, 5, 8)",identity_1-5-8,205.66206399405473,1.000000000000132,36,33,2696,OK,51.781914492949,0.9562949301626548,0.284203890483701,0.4655738943531093,0.1028338866142926,0.1058917505153146,0.9697818888888888,0.999757,0.918032786885246,0.8640863199530806,0.493828560403092,0.6819741831651871,0.3067090825956493,0.3367783291045389
N2,identity,"(1, 6, 7)",identity_1-6-7,222.34307368525208,1.0000000000001277,35,38,2696,OK,27.934429967942265,0.9784605395115764,0.2594739605933152,0.4655738943531093,0.053374026833521,0.0626773460228781,0.9696966285714286,0.999761,0.8225806451612904,0.490496894916446,0.2601037947007959,0.23031134575445505,0.27636018159577475,0.0599048549933808
N2,identity,"(1, 6, 8)",identity_1-6-8,205.66206399405473,1.000000000000132,36,33,2672,OK,51.781914492949,0.9562949301626548,0.284203890483701,0.4655738943531093,0.1028338866142926,0.1058917505153146,0.9697818888888888,0.999757,0.918032786885246,0.8640863199530806,0.493828560403092,0.6642701475194409,0.3067090825956493,0.32803557066827504
N2,identity,"(1, 6, 9)",identity_1-6-9,199.76319712480972,1.000000000000132,45,42,2672,OK,31.870454303643218,0.9788639618129475,0.2873536081379665,0.4655738943531093,0.1091333219228238,0.1107281268364606,0.9754864,0.99955,0.4838709677419355,0.9898300637000549,0.5719017396870564,0.8332704398921035,0.3237440219405307,0.47654881420409273
N2,identity,"(1, 7, 8)",identity_1-7-8,202.06666723062483,1.0000000000001328,37,40,2696,OK,29.53252499214898,0.9779408261104372,0.2851824322468883,0.4655738943531093,0.1047909701406673,0.1086056604895356,0.9703783243243244,0.99963,0.9178082191780822,0.9225400548929862,0.5070180749023419,0.6853304144742844,0.30852594487640583,0.34747490741877574
N2,identity,"(1, 7, 9)",identity_1-7-9,196.8434288821612,1.0000000000001306,40,45,2696,OK,31.220052190747083,0.9781007032403896,0.2883321499011539,0.4655738943531093,0.1110904054491984,0.1145039716749956,0.9722095,0.999415,0.9924812030075189,1.0482837986399605,0.5850912541863063,0.8687248352669589,0.32556088422128726,0.5082833034091373
N2,identity,"(1, 8, 9)",identity_1-8-9,181.75380398555777,1.0000000000001297,49,46,2672,OK,31.870454303643218,0.9788639618129475,0.3130620797915397,0.4655738943531093,0.1605502652299701,0.1639357358382518,0.9766864897959184,0.999462,0.7096774193548387,1.4218732236765952,0.8188160198886023,1.2011265412613463,0.3559097852211618,0.9835016538981787
N2,identity,"(2, 3, 4)",identity_2-3-4,247.85509242479975,1.0000000000001317,26,26,2686,OK,106.66698534174655,0.8020183055023274,0.233765488939742,0.4655738943531093,0.0019570835263746,0.0312367454417129,0.9605973846153846,0.99995,0.9130434782608696,0.058453734939905605,0.01318951449924986,-0.42816620010513706,0.016632154823276936,-0.005647304304375422
N2,identity,"(2, 3, 5)",identity_2-3-5,247.85509242479975,1.0000000000001317,26,26,2696,OK,106.66698534174655,0.8020183055023274,0.233765488939742,0.4655738943531093,0.0019570835263746,0.0312367454417129,0.9605973846153846,0.99995,0.9130434782608696,0.058453734939905605,0.01318951449924986,-0.34100323275455036,0.016632154823276936,-0.004497667082707216
N2,identity,"(2, 3, 6)",identity_2-3-6,247.85509242479975,1.0000000000001317,26,26,2686,OK,106.66698534174655,0.8020183055023274,0.233765488939742,0.4655738943531093,0.0019570835263746,0.0312367454417129,0.9605973846153846,0.99995,0.9130434782608696,0.058453734939905605,0.01318951449924986,-0.278548237525334,0.016632154823276936,-0.003673916017580886
N2,identity,"(2, 3, 7)",identity_2-3-7,244.24523114676333,1.0000000000001323,26,23,2696,OK,104.01992929894276,0.8030626249760254,0.2347440307029293,0.4655738943531093,0.0039141670527492,0.0342300932407535,0.9604332307692308,0.999948,0.8148148148148148,0.11690746987981121,0.02637902899849972,-0.17534354300195826,0.018449017104033492,-0.00462539240554834
N2,identity,"(2, 3, 8)",identity_2-3-8,224.9537484457278,1.0000000000001277,36,36,2686,OK,29.068263305447317,0.9781335524780966,0.2594739605933151,0.4655738943531093,0.0533740268335209,0.0640319192937611,0.9705613333333334,0.999763,0.7254901960784313,0.49049689491644577,0.2601037947007958,0.23031134575445483,0.048797918103908045,0.05990485499338072
N2,identity,"(2, 3, 9)",identity_2-3-9,221.09361992492893,1.0000000000001286,38,36,2686,OK,33.0299463829391,0.9558504132451004,0.2626236782475807,0.4655738943531093,0.059673462142052,0.073309221246922,0.9716835263157896,0.999621,0.9489795918367347,0.61624063866342,0.33817697398476015,0.3790309982447183,0.06583285744878944,0.12817955603282177
N2,identity,"(2, 4, 5)",identity_2-4-5,247.85509242479975,1.0000000000001317,26,26,2696,OK,106.66698534174655,0.8020183055023274,0.233765488939742,0.4655738943531093,0.0019570835263746,0.0312367454417129,0.9605973846153846,0.99995,0.9130434782608696,0.058453734939905605,0.01318951449924986,-0.34100323275455036,0.016632154823276936,-0.004497667082707216
N2,identity,"(2, 4, 6)",identity_2-4-6,247.85509242479975,1.0000000000001317,26,26,2654,OK,106.66698534174655,0.8020183055023274,0.233765488939742,0.4655738943531093,0.0019570835263746,0.0312367454417129,0.9605973846153846,0.99995,0.9130434782608696,0.058453734939905605,0.01318951449924986,-0.2641541091053221,0.016632154823276936,-0.0034840644520810755
N2,identity,"(2, 4, 7)",identity_2-4-7,244.24523114676333,1.0000000000001323,26,23,2696,OK,104.01992929894276,0.8030626249760254,0.2347440307029293,0.4655738943531093,0.0039141670527492,0.0342300932407535,0.9604332307692308,0.999948,0.8148148148148148,0.11690746987981121,0.02637902899849972,-0.15063557088058782,0.018449017104033492,-0.003973620092464586
N2,identity,"(2, 4, 8)",identity_2-4-8,224.9537484457278,1.0000000000001277,36,36,2654,OK,29.068263305447317,0.9781335524780966,0.2594739605933151,0.4655738943531093,0.0533740268335209,0.0640319192937611,0.9705613333333334,0.999763,0.7254901960784313,0.49049689491644577,0.2601037947007958,0.2624095098202129,0.048797918103908045,0.06825370926981311
N2,identity,"(2, 4, 9)",identity_2-4-9,221.09361992492893,1.0000000000001286,38,36,2654,OK,33.0299463829391,0.9558504132451004,0.2626236782475807,0.4655738943531093,0.059673462142052,0.073309221246922,0.9716835263157896,0.999621,0.9489795918367347,0.61624063866342,0.33817697398476015,0.41642446622978035,0.06583285744878944,0.14082516588280605
N2,identity,"(2, 5, 6)",identity_2-5-6,247.85509242479975,1.0000000000001317,26,26,2696,OK,106.66698534174655,0.8020183055023274,0.233765488939742,0.4655738943531093,0.0019570835263746,0.0312367454417129,0.9605973846153846,0.99995,0.9130434782608696,0.058453734939905605,0.01318951449924986,-0.278548237525334,0.016632154823276936,-0.003673916017580886
N2,identity,"(2, 5, 7)",identity_2-5-7,244.24523114676333,1.0000000000001323,26,23,2696,OK,104.01992929894276,0.8030626249760254,0.2347440307029293,0.4655738943531093,0.0039141670527492,0.0342300932407535,0.9604332307692308,0.999948,0.8148148148148148,0.11690746987981121,0.02637902899849972,-0.15063557088058782,0.018449017104033492,-0.003973620092464586
N2,identity,"(2, 5, 8)",identity_2-5-8,224.9537484457278,1.0000000000001277,36,36,2696,OK,29.068263305447317,0.9781335524780966,0.2594739605933151,0.4655738943531093,0.0533740268335209,0.0640319192937611,0.9705613333333334,0.999763,0.7254901960784313,0.49049689491644577,0.2601037947007958,0.2727233535215714,0.048797918103908045,0.07093637915448736
N2,identity,"(2, 5, 9)",identity_2-5-9,221.09361992492893,1.0000000000001286,38,36,2696,OK,33.0299463829391,0.9558504132451004,0.2626236782475807,0.4655738943531093,0.059673462142052,0.073309221246922,0.9716835263157896,0.999621,0.9489795918367347,0.61624063866342,0.33817697398476015,0.43412850187552654,0.06583285744878944,0.14681226308480283
N2,identity,"(2, 6, 7)",identity_2-6-7,244.24523114676333,1.0000000000001323,26,23,2696,OK,104.01992929894276,0.8030626249760254,0.2347440307029293,0.4655738943531093,0.0039141670527492,0.0342300932407535,0.9604332307692308,0.999948,0.8148148148148148,0.11690746987981121,0.02637902899849972,-0.17534354300195826,0.018449017104033492,-0.00462539240554834
N2,identity,"(2, 6, 8)",identity_2-6-8,224.9537484457278,1.0000000000001277,36,36,2654,OK,29.068263305447317,0.9781335524780966,0.2594739605933151,0.4655738943531093,0.0533740268335209,0.0640319192937611,0.9705613333333334,0.999763,0.7254901960784313,0.49049689491644577,0.2601037947007958,0.2624095098202129,0.048797918103908045,0.06825370926981311
N2,identity,"(2, 6, 9)",identity_2-6-9,221.09361992492893,1.0000000000001286,38,36,2654,OK,33.0299463829391,0.9558504132451004,0.2626236782475807,0.4655738943531093,0.059673462142052,0.073309221246922,0.9716835263157896,0.999621,0.9489795918367347,0.61624063866342,0.33817697398476015,0.43412850187552654,0.06583285744878944,0.14681226308480283
N2,identity,"(2, 7, 8)",identity_2-7-8,221.64850201534136,1.000000000000129,36,37,2696,OK,25.222162771839866,0.9802140099837237,0.2604525023565024,0.4655738943531093,0.0553311103598956,0.0673401194296164,0.9703621111111111,0.999709,0.8793103448275862,0.5489506298563513,0.27329330920004563,0.2887650806943604,0.050614780384664604,0.07891756448437996
N2,identity,"(2, 7, 9)",identity_2-7-9,218.4791036838476,1.0000000000001248,40,40,2696,OK,51.57122019664939,0.9394902763932316,0.263602220010768,0.4655738943531093,0.0616305456684267,0.0779500567534209,0.97288635,0.99956,0.7428571428571429,0.6746943736033257,0.35136648848401,0.47487820116968604,0.06764971972954599,0.16685628600259586
N2,identity,"(2, 8, 9)",identity_2-8-9,200.8592187391116,1.0000000000001308,39,40,2654,OK,33.36606662193731,0.9765678292215162,0.2883321499011538,0.4655738943531093,0.1110904054491983,0.1159447798942976,0.9715410769230768,0.99953,0.9421487603305784,1.0482837986399602,0.585091254186306,0.8110741582212585,0.09799862072942055,0.47455239647177855
N2,identity,"(3, 4, 6)",identity_3-4-6,251.87747738830524,1.0000000000001328,21,20,2686,OK,113.99971569494484,0.7962485851786193,0.2327869471765546,0.4655738943531093,2.2505177040249825e-66,0.0298824045512911,0.9513706666666668,0.999987,0.8,2.505569063878359e-33,6.35578280714324e-50,-0.39945696769445593,2.588608381533965e-50,-2.5388617274659954e-50
N2,identity,"(3, 4, 5)",identity_3-4-5,251.87747738830524,1.0000000000001328,21,20,2696,OK,113.99971569494484,0.7962485851786193,0.2327869471765546,0.4655738943531093,4.1123931627165904e-67,0.0298824045512911,0.9513706666666668,0.999987,0.8,1.3426945516619363e-33,1.7908420955781199e-50,-0.48661993504504264,1.9678852989696088e-50,-8.714594642261527e-51
N2,identity,"(3, 4, 7)",identity_3-4-7,248.20147582488516,1.000000000000134,26,27,2696,OK,106.66698534184604,0.8020183055023276,0.233765488939742,0.4655738943531093,0.0019570835263746,0.0317083231372684,0.9605743076923076,0.999958,0.8076923076923077,0.058453734939905605,0.01318951449924986,-0.278548237525334,0.0018168622807565556,-0.003673916017580886
N2,identity,"(3, 4, 8)",identity_3-4-8,229.2616047512297,1.0000000000001297,32,31,2686,OK,46.02280850293994,0.9581210331383864,0.2584954188301278,0.4655738943531093,0.0514169433071463,0.0620797535741715,0.96705075,0.999826,0.8636363636363636,0.4320431599765402,0.24691428020154593,0.13979214709477072,0.03216576328063111,0.034516677377733944
N2,identity,"(3, 5, 6)",identity_3-5-6,251.87747738830524,1.0000000000001328,21,20,2696,OK,113.99971569494484,0.7962485851786193,0.2327869471765546,0.4655738943531093,2.607619655227535e-66,0.0298824045512911,0.9513706666666668,0.999987,0.8,3.066798202155826e-33,6.635270275450978e-50,-0.39945696769445593,2.6092634174483973e-50,-2.650504944064805e-50
N2,identity,"(3, 4, 9)",identity_3-4-9,225.3515752890536,1.0000000000001277,38,34,2686,OK,31.870454303643218,0.9788639618129475,0.2616451364843933,0.4655738943531093,0.0577163786156774,0.0687523806912849,0.9718568421052632,0.999648,0.7474747474747475,0.5577869037235145,0.3249874594855103,0.29760135456152353,0.0492007026255125,0.09671670815839611
N2,identity,"(3, 5, 7)",identity_3-5-7,248.20147582488516,1.000000000000134,26,27,2696,OK,106.66698534184604,0.8020183055023276,0.233765488939742,0.4655738943531093,0.0019570835263746,0.0317083231372684,0.9605743076923076,0.999958,0.8076923076923077,0.058453734939905605,0.01318951449924986,-0.2641541091053221,0.0018168622807565556,-0.0034840644520810755
N2,identity,"(3, 5, 8)",identity_3-5-8,229.2616047512297,1.0000000000001297,32,31,2696,OK,46.02280850293994,0.9581210331383864,0.2584954188301278,0.4655738943531093,0.0514169433071463,0.0620797535741715,0.96705075,0.999826,0.8636363636363636,0.4320431599765402,0.24691428020154593,0.16450011921614116,0.03216576328063111,0.040617428529321986
N2,identity,"(3, 5, 9)",identity_3-5-9,225.3515752890536,1.0000000000001277,38,34,2696,OK,31.870454303643218,0.9788639618129475,0.2616451364843933,0.4655738943531093,0.0577163786156774,0.0687523806912849,0.9718568421052632,0.999648,0.7474747474747475,0.5577869037235145,0.3249874594855103,0.3296995186272816,0.0492007026255125,0.10714820895227592
N2,identity,"(3, 6, 7)",identity_3-6-7,248.20147582488516,1.000000000000134,26,27,2696,OK,106.66698534184604,0.8020183055023276,0.233765488939742,0.4655738943531093,0.0019570835263746,0.0317083231372684,0.9605743076923076,0.999958,0.8076923076923077,0.058453734939905605,0.01318951449924986,-0.278548237525334,0.0018168622807565556,-0.003673916017580886
N2,identity,"(3, 6, 8)",identity_3-6-8,229.2616047512297,1.0000000000001297,32,31,2686,OK,46.02280850293994,0.9581210331383864,0.2584954188301278,0.4655738943531093,0.0514169433071463,0.0620797535741715,0.96705075,0.999826,0.8636363636363636,0.4320431599765402,0.24691428020154593,0.16450011921614116,0.03216576328063111,0.040617428529321986
N2,identity,"(3, 6, 9)",identity_3-6-9,225.3515752890536,1.0000000000001277,38,34,2686,OK,31.870454303643218,0.9788639618129475,0.2616451364843933,0.4655738943531093,0.0577163786156774,0.0687523806912849,0.9718568421052632,0.999648,0.7474747474747475,0.5577869037235145,0.3249874594855103,0.3400133623286401,0.0492007026255125,0.11050007881431105
N2,identity,"(3, 7, 8)",identity_3-7-8,225.89050181281323,1.00000000000013,38,34,2696,OK,27.133941327647904,0.9788648172146904,0.2594739605933151,0.4655738943531093,0.0533740268335209,0.0643840196359103,0.9720863157894736,0.999763,0.9245283018867924,0.49049689491644577,0.2601037947007958,0.1982458820346763,0.03398262556138766,0.05156450620102563
N2,identity,"(3, 7, 9)",identity_3-7-9,222.66688074347485,1.0000000000001257,40,38,2696,OK,51.57122019664939,0.9394902763932316,0.2626236782475807,0.4655738943531093,0.059673462142052,0.0722243443577035,0.97312885,0.999596,0.8828828828828829,0.61624063866342,0.33817697398476015,0.38815325356718716,0.051017564906269054,0.13126449273369067
N2,identity,"(3, 8, 9)",identity_3-8-9,205.37821239115317,1.0000000000001283,44,43,2686,OK,31.870454303643218,0.9788639618129475,0.2873536081379665,0.4655738943531093,0.1091333219228237,0.1112281103226109,0.9749136363636364,0.999527,0.562962962962963,0.9898300637000547,0.5719017396870563,0.7296445145380637,0.0813664659061436,0.41728496721743624
N2,identity,"(4, 5, 6)",identity_4-5-6,251.87747738830524,1.0000000000001328,21,20,2696,OK,113.99971569494484,0.7962485851786193,0.2327869471765546,0.4655738943531093,2.562814274592062e-66,0.0298824045512911,0.9513706666666668,0.999987,0.8,2.547985835484871e-33,5.178394806894442e-50,-0.48661993504504264,7.41619783141171e-51,-2.519910144568559e-50
N2,identity,"(4, 5, 7)",identity_4-5-7,248.20147582488516,1.000000000000134,26,27,2696,OK,106.66698534184604,0.8020183055023276,0.233765488939742,0.4655738943531093,0.0019570835263746,0.0317083231372684,0.9605743076923076,0.999958,0.8076923076923077,0.058453734939905605,0.01318951449924986,-0.34100323275455036,0.0018168622807565556,-0.004497667082707216
N2,identity,"(4, 5, 8)",identity_4-5-8,229.2616047512297,1.0000000000001297,32,31,2696,OK,46.02280850293994,0.9581210331383864,0.2584954188301278,0.4655738943531093,0.0514169433071463,0.0620797535741715,0.96705075,0.999826,0.8636363636363636,0.4320431599765402,0.24691428020154593,0.09504118751130058,0.03216576328063111,0.02346702640385294
N2,identity,"(4, 5, 9)",identity_4-5-9,225.3515752890536,1.0000000000001277,38,34,2696,OK,31.870454303643218,0.9788639618129475,0.2616451364843933,0.4655738943531093,0.0577163786156774,0.0687523806912849,0.9718568421052632,0.999648,0.7474747474747475,0.5577869037235145,0.3249874594855103,0.265535890841745,0.0492007026255125,0.08629583456688049
N2,identity,"(4, 6, 7)",identity_4-6-7,248.20147582488516,1.000000000000134,26,27,2696,OK,106.66698534184604,0.8020183055023276,0.233765488939742,0.4655738943531093,0.0019570835263746,0.0317083231372684,0.9605743076923076,0.999958,0.8076923076923077,0.058453734939905605,0.01318951449924986,-0.34100323275455036,0.0018168622807565556,-0.004497667082707216
N2,identity,"(4, 6, 8)",identity_4-6-8,229.2616047512297,1.0000000000001297,32,31,2654,OK,46.02280850293994,0.9581210331383864,0.2584954188301278,0.4655738943531093,0.0514169433071463,0.0620797535741715,0.96705075,0.999826,0.8636363636363636,0.4320431599765402,0.24691428020154593,0.1094353159313125,0.03216576328063111,0.0270211422618088
N2,identity,"(4, 6, 9)",identity_4-6-9,225.3515752890536,1.0000000000001277,38,34,2654,OK,31.870454303643218,0.9788639618129475,0.2616451364843933,0.4655738943531093,0.0577163786156774,0.0687523806912849,0.9718568421052632,0.999648,0.7474747474747475,0.5577869037235145,0.3249874594855103,0.29024386296311544,0.0492007026255125,0.09432561565564347
N2,identity,"(4, 7, 8)",identity_4-7-8,225.89050181281323,1.00000000000013,38,34,2696,OK,27.133941327647904,0.9788648172146904,0.2594739605933151,0.4655738943531093,0.0533740268335209,0.0643840196359103,0.9720863157894736,0.999763,0.9245283018867924,0.49049689491644577,0.2601037947007958,0.15349492245120616,0.03398262556138766,0.0399246117968631
N2,identity,"(4, 7, 9)",identity_4-7-9,222.66688074347485,1.0000000000001257,40,38,2696,OK,51.57122019664939,0.9394902763932316,0.2626236782475807,0.4655738943531093,0.059673462142052,0.0722243443577035,0.97312885,0.999596,0.8828828828828829,0.61624063866342,0.33817697398476015,0.348697597903021,0.051017564906269054,0.11792149849459829
N2,identity,"(4, 8, 9)",identity_4-8-9,205.37821239115317,1.0000000000001283,44,43,2654,OK,31.870454303643218,0.9788639618129475,0.2873536081379665,0.4655738943531093,0.1091333219228237,0.1112281103226109,0.9749136363636364,0.999527,0.562962962962963,0.9898300637000547,0.5719017396870563,0.6975790508182852,0.0813664659061436,0.39894667273222273
N2,identity,"(5, 6, 7)",identity_5-6-7,248.20147582488516,1.000000000000134,26,27,2696,OK,106.66698534184604,0.8020183055023276,0.233765488939742,0.4655738943531093,0.0019570835263746,0.0317083231372684,0.9605743076923076,0.999958,0.8076923076923077,0.058453734939905605,0.01318951449924986,-0.42816620010513706,0.0018168622807565556,-0.005647304304375422
N2,identity,"(5, 6, 8)",identity_5-6-8,229.2616047512297,1.0000000000001297,32,31,2696,OK,46.02280850293994,0.9581210331383864,0.2584954188301278,0.4655738943531093,0.0514169433071463,0.0620797535741715,0.96705075,0.999826,0.8636363636363636,0.4320431599765402,0.24691428020154593,0.03258619228208426,0.03216576328063111,0.008045996211840005
N2,identity,"(5, 6, 9)",identity_5-6-9,225.3515752890536,1.0000000000001277,38,34,2696,OK,31.870454303643218,0.9788639618129475,0.2616451364843933,0.4655738943531093,0.0577163786156774,0.0687523806912849,0.9718568421052632,0.999648,0.7474747474747475,0.5577869037235145,0.3249874594855103,0.22078493125827486,0.0492007026255125,0.07175233390230977
N2,identity,"(5, 7, 8)",identity_5-7-8,225.89050181281323,1.00000000000013,38,34,2696,OK,27.133941327647904,0.9788648172146904,0.2594739605933151,0.4655738943531093,0.0533740268335209,0.0643840196359103,0.9720863157894736,0.999763,0.9245283018867924,0.49049689491644577,0.2601037947007958,0.09103992722198984,0.03398262556138766,0.023679830539723837
N2,identity,"(5, 7, 9)",identity_5-7-9,222.66688074347485,1.0000000000001257,40,38,2696,OK,51.57122019664939,0.9394902763932316,0.2626236782475807,0.4655738943531093,0.059673462142052,0.0722243443577035,0.97312885,0.999596,0.8828828828828829,0.61624063866342,0.33817697398476015,0.29363279461819236,0.051017564906269054,0.09929984994666886
N2,identity,"(5, 8, 9)",identity_5-8-9,205.37821239115317,1.0000000000001283,44,43,2696,OK,31.870454303643218,0.9788639618129475,0.2873536081379665,0.4655738943531093,0.1091333219228237,0.1112281103226109,0.9749136363636364,0.999527,0.562962962962963,0.9898300637000547,0.5719017396870563,0.652828091234815,0.0813664659061436,0.373353521093771
N2,identity,"(6, 7, 8)",identity_6-7-8,225.89050181281323,1.00000000000013,38,34,2696,OK,27.133941327647904,0.9788648172146904,0.2594739605933151,0.4655738943531093,0.0533740268335209,0.0643840196359103,0.9720863157894736,0.999763,0.9245283018867924,0.49049689491644577,0.2601037947007958,0.0038769598714031295,0.03398262556138766,0.0010084119744546633
N2,identity,"(6, 7, 9)",identity_6-7-9,222.66688074347485,1.0000000000001257,40,38,2696,OK,51.57122019664939,0.9394902763932316,0.2626236782475807,0.4655738943531093,0.059673462142052,0.0722243443577035,0.97312885,0.999596,0.8828828828828829,0.61624063866342,0.33817697398476015,0.21678367096896412,0.051017564906269054,0.07331124585759219
N2,identity,"(6, 8, 9)",identity_6-8-9,205.37821239115317,1.0000000000001283,44,43,2654,OK,31.870454303643218,0.9788639618129475,0.2873536081379665,0.4655738943531093,0.1091333219228237,0.1112281103226109,0.9749136363636364,0.999527,0.562962962962963,0.9898300637000547,0.5719017396870563,0.5903730960055987,0.0813664659061436,0.3376354006700354
N2,identity,"(7, 8, 9)",identity_7-8-9,202.97158975022,1.0000000000001308,43,42,2696,OK,29.259903314340363,0.9788515552522662,0.2883321499011538,0.4655738943531093,0.1110904054491983,0.1150546024317411,0.9741733023255814,0.999465,0.9426229508196722,1.0482837986399602,0.585091254186306,0.5616638635949176,0.08318332818690016,0.3286246143818767
N2,reverse,"(2, 4, 6)",reverse_2-4-6,247.85509242479975,1.0000000000001317,26,26,2654,OK,106.66698534174655,0.8020183055023274,0.233765488939742,0.4655738943531093,0.0019570835263746,0.0312367454417129,0.9605973846153846,0.99995,0.9130434782608696,0.058453734939905605,0.01318951449924986,-0.2641541091053221,0.016632154823276936,-0.0034840644520810755
N2,reverse,"(2, 4, 5)",reverse_2-4-5,247.85509242479975,1.0000000000001317,26,26,2696,OK,106.66698534174655,0.8020183055023274,0.233765488939742,0.4655738943531093,0.0019570835263746,0.0312367454417129,0.9605973846153846,0.99995,0.9130434782608696,0.058453734939905605,0.01318951449924986,-0.34100323275455036,0.016632154823276936,-0.004497667082707216
N2,reverse,"(2, 5, 8)",reverse_2-5-8,224.9537484457278,1.0000000000001277,36,36,2696,OK,29.068263305447317,0.9781335524780966,0.2594739605933151,0.4655738943531093,0.0533740268335209,0.0640319192937611,0.9705613333333334,0.999763,0.7254901960784313,0.49049689491644577,0.2601037947007958,0.2727233535215714,0.048797918103908045,0.07093637915448736
N2,reverse,"(3, 5, 7)",reverse_3-5-7,248.20147582488516,1.000000000000134,26,27,2696,OK,106.66698534184604,0.8020183055023276,0.233765488939742,0.4655738943531093,0.0019570835263746,0.0317083231372684,0.9605743076923076,0.999958,0.8076923076923077,0.058453734939905605,0.01318951449924986,-0.2641541091053221,0.0018168622807565556,-0.0034840644520810755
N2,reverse,"(0, 3, 9)",reverse_0-3-9,194.1210960501678,1.0000000000001317,43,49,2686,OK,46.56101398974499,0.965979281459412,0.2905033257922321,0.4655738943531093,0.1154327572313548,0.1167986092268318,0.973996046511628,0.999532,0.9716312056737588,1.1155738074470287,0.6499749189710204,0.977323359253049,0.5474032953318761,0.635235671238986
N2,reverse,"(2, 5, 9)",reverse_2-5-9,221.09361992492893,1.0000000000001286,38,36,2696,OK,33.0299463829391,0.9558504132451004,0.2626236782475807,0.4655738943531093,0.059673462142052,0.073309221246922,0.9716835263157896,0.999621,0.9489795918367347,0.61624063866342,0.33817697398476015,0.43412850187552654,0.06583285744878944,0.14681226308480283
N2,reverse,"(0, 2, 3)",reverse_0-2-3,219.48523498463143,1.0000000000001297,38,39,2686,OK,46.56101398974499,0.965979281459412,0.2626236782475807,0.4655738943531093,0.059673462142052,0.0687160704752626,0.971809,0.999626,0.9801980198019802,0.6162406386634199,0.3381769739847601,0.216783670968964,0.5148347475296405,0.07331124585759213
N2,reverse,"(0, 3, 5)",reverse_0-3-5,222.44706873203768,1.0000000000001306,37,39,2696,OK,31.870454303643218,0.9788639618129475,0.2616451364843933,0.4655738943531093,0.0577163786156774,0.0657230390633975,0.9711884864864864,0.999662,0.7311827956989247,0.5577869037235144,0.3249874594855102,0.29024386296311533,0.49820259270636363,0.09432561565564343
N2,reverse,"(0, 1, 4)",reverse_0-1-4,199.73821783479195,1.0000000000001286,43,42,2672,OK,31.870454303643218,0.9788639618129478,0.2873536081379665,0.4655738943531093,0.1091333219228238,0.1084645811214187,0.974481069767442,0.999591,0.4251968503937008,0.9898300637000548,0.5719017396870563,0.6528280912348152,0.7727459120213818,0.3733535210937711
N2,reverse,"(0, 6, 9)",reverse_0-6-9,194.1210960501678,1.0000000000001317,43,49,2654,OK,46.56101398974499,0.965979281459412,0.2905033257922321,0.4655738943531093,0.1154327572313548,0.1167986092268318,0.973996046511628,0.999532,0.9716312056737588,1.1155738074470287,0.6499749189710204,0.977323359253049,0.5474032953318761,0.635235671238986
N2,reverse,"(2, 3, 5)",reverse_2-3-5,247.85509242479975,1.0000000000001317,26,26,2696,OK,106.66698534174655,0.8020183055023274,0.233765488939742,0.4655738943531093,0.0019570835263746,0.0312367454417129,0.9605973846153846,0.99995,0.9130434782608696,0.058453734939905605,0.01318951449924986,-0.34100323275455036,0.016632154823276936,-0.004497667082707216
N2,reverse,"(2, 4, 9)",reverse_2-4-9,221.09361992492893,1.0000000000001286,38,36,2654,OK,33.0299463829391,0.9558504132451004,0.2626236782475807,0.4655738943531093,0.059673462142052,0.073309221246922,0.9716835263157896,0.999621,0.9489795918367347,0.61624063866342,0.33817697398476015,0.41642446622978035,0.06583285744878944,0.14082516588280605
N2,reverse,"(0, 6, 8)",reverse_0-6-8,199.48932575398717,1.0000000000001286,41,43,2654,OK,31.870454303643218,0.9788639618129475,0.2873536081379665,0.4655738943531093,0.1091333219228237,0.1087352118268075,0.9731529268292682,0.99957,0.4796747967479675,0.9898300637000546,0.5719017396870562,0.810271100327053,0.5303683559869947,0.4633954518951868
N2,reverse,"(3, 6, 8)",reverse_3-6-8,229.2616047512297,1.0000000000001297,32,31,2686,OK,46.02280850293994,0.9581210331383864,0.2584954188301278,0.4655738943531093,0.0514169433071463,0.0620797535741715,0.96705075,0.999826,0.8636363636363636,0.4320431599765402,0.24691428020154593,0.16450011921614116,0.03216576328063111,0.040617428529321986
N2,reverse,"(2, 3, 7)",reverse_2-3-7,244.24523114676333,1.0000000000001323,26,23,2696,OK,104.01992929894276,0.8030626249760254,0.2347440307029293,0.4655738943531093,0.0039141670527492,0.0342300932407535,0.9604332307692308,0.999948,0.8148148148148148,0.11690746987981121,0.02637902899849972,-0.17534354300195826,0.018449017104033492,-0.00462539240554834
N2,reverse,"(3, 6, 9)",reverse_3-6-9,225.3515752890536,1.0000000000001277,38,34,2686,OK,31.870454303643218,0.9788639618129475,0.2616451364843933,0.4655738943531093,0.0577163786156774,0.0687523806912849,0.9718568421052632,0.999648,0.7474747474747475,0.5577869037235145,0.3249874594855103,0.3400133623286401,0.0492007026255125,0.11050007881431105
N2,reverse,"(7, 8, 9)",reverse_7-8-9,202.97158975022,1.0000000000001308,43,42,2696,OK,29.259903314340363,0.9788515552522662,0.2883321499011538,0.4655738943531093,0.1110904054491983,0.1150546024317411,0.9741733023255814,0.999465,0.9426229508196722,1.0482837986399602,0.585091254186306,0.5616638635949176,0.08318332818690016,0.3286246143818767
N2,reverse,"(1, 5, 6)",reverse_1-5-6,226.2432446882627,1.000000000000131,34,32,2696,OK,46.02280850293994,0.9581210331383864,0.2584954188301278,0.4655738943531093,0.0514169433071463,0.0601260981543483,0.968992,0.99982,0.9473684210526316,0.4320431599765404,0.24691428020154607,0.13979214709477095,0.2745433193150182,0.03451667737773402
N2,reverse,"(1, 2, 7)",reverse_1-2-7,218.63625060402111,1.0000000000001326,35,35,2696,OK,27.133941327647904,0.9788648172146902,0.2604525023565024,0.4655738943531093,0.0553311103598956,0.0647666572386635,0.9695716571428572,0.99972,0.9333333333333332,0.5489506298563516,0.2732933092000458,0.28876508069436063,0.2929923364190517,0.07891756448438007
N2,reverse,"(0, 5, 8)",reverse_0-5-8,199.48932575398717,1.0000000000001286,41,43,2696,OK,31.870454303643218,0.9788639618129475,0.2873536081379665,0.4655738943531093,0.1091333219228237,0.1087352118268075,0.9731529268292682,0.99957,0.4796747967479675,0.9898300637000546,0.5719017396870562,0.8332704398921031,0.5303683559869947,0.47654881420409234
N2,reverse,"(1, 2, 9)",reverse_1-2-9,195.7700306299159,1.00000000000013,40,38,2672,OK,31.870454303643218,0.9788639618129475,0.2883321499011539,0.4655738943531093,0.1110904054491984,0.1151970849071796,0.97220975,0.999476,0.944055944055944,1.0482837986399605,0.5850912541863063,0.8275371162247115,0.34037617676380766,0.48418472921763556
N2,reverse,"(0, 1, 9)",reverse_0-1-9,171.6496972727839,1.0000000000001263,46,45,2672,OK,24.267038653349005,0.9831497139805824,0.3162117974458052,0.4655738943531093,0.1668497005385012,0.1689643911007745,0.9748666086956522,0.999458,0.832258064516129,1.5476169674235694,0.8968891991725665,1.3386665098824557,0.8219466146468942,1.2006355340076103
N2,reverse,"(3, 8, 9)",reverse_3-8-9,205.37821239115317,1.0000000000001283,44,43,2686,OK,31.870454303643218,0.9788639618129475,0.2873536081379665,0.4655738943531093,0.1091333219228237,0.1112281103226109,0.9749136363636364,0.999527,0.562962962962963,0.9898300637000547,0.5719017396870563,0.7296445145380637,0.0813664659061436,0.41728496721743624
N2,reverse,"(2, 3, 4)",reverse_2-3-4,247.85509242479975,1.0000000000001317,26,26,2686,OK,106.66698534174655,0.8020183055023274,0.233765488939742,0.4655738943531093,0.0019570835263746,0.0312367454417129,0.9605973846153846,0.99995,0.9130434782608696,0.058453734939905605,0.01318951449924986,-0.42816620010513706,0.016632154823276936,-0.005647304304375422
N2,reverse,"(2, 6, 7)",reverse_2-6-7,244.24523114676333,1.0000000000001323,26,23,2696,OK,104.01992929894276,0.8030626249760254,0.2347440307029293,0.4655738943531093,0.0039141670527492,0.0342300932407535,0.9604332307692308,0.999948,0.8148148148148148,0.11690746987981121,0.02637902899849972,-0.17534354300195826,0.018449017104033492,-0.00462539240554834
N2,reverse,"(0, 3, 6)",reverse_0-3-6,222.44706873203768,1.0000000000001306,37,39,2686,OK,31.870454303643218,0.9788639618129475,0.2616451364843933,0.4655738943531093,0.0577163786156774,0.0657230390633975,0.9711884864864864,0.999662,0.7311827956989247,0.5577869037235144,0.3249874594855102,0.34001336232864,0.49820259270636363,0.110500078814311
N2,reverse,"(0, 1, 3)",reverse_0-1-3,199.73821783479195,1.0000000000001286,43,42,2688,OK,31.870454303643218,0.9788639618129478,0.2873536081379665,0.4655738943531093,0.1091333219228238,0.1084645811214187,0.974481069767442,0.999591,0.4251968503937008,0.9898300637000548,0.5719017396870563,0.5903730960055988,0.7727459120213818,0.33763540067003545
N2,reverse,"(3, 5, 6)",reverse_3-5-6,251.87747738830524,1.0000000000001328,21,20,2696,OK,113.99971569494484,0.7962485851786193,0.2327869471765546,0.4655738943531093,2.607619655227535e-66,0.0298824045512911,0.9513706666666668,0.999987,0.8,3.066798202155826e-33,6.635270275450978e-50,-0.39945696769445593,2.6092634174483973e-50,-2.650504944064805e-50
N2,reverse,"(0, 3, 8)",reverse_0-3-8,199.48932575398717,1.0000000000001286,41,43,2686,OK,31.870454303643218,0.9788639618129475,0.2873536081379665,0.4655738943531093,0.1091333219228237,0.1087352118268075,0.9731529268292682,0.99957,0.4796747967479675,0.9898300637000546,0.5719017396870562,0.8332704398921031,0.5303683559869947,0.47654881420409234
N2,reverse,"(1, 3, 8)",reverse_1-3-8,205.66206399405473,1.000000000000132,36,33,2688,OK,51.781914492949,0.9562949301626548,0.284203890483701,0.4655738943531093,0.1028338866142926,0.1058917505153146,0.9697818888888888,0.999757,0.918032786885246,0.8640863199530806,0.493828560403092,0.6642701475194409,0.3067090825956493,0.32803557066827504
N2,reverse,"(1, 3, 9)",reverse_1-3-9,199.76319712480972,1.000000000000132,45,42,2688,OK,31.870454303643218,0.9788639618129475,0.2873536081379665,0.4655738943531093,0.1091333219228238,0.1107281268364606,0.9754864,0.99955,0.4838709677419355,0.9898300637000549,0.5719017396870564,0.8102711003270533,0.3237440219405307,0.46339545189518716
N2,reverse,"(0, 1, 2)",reverse_0-1-2,196.99025271097528,1.0000000000001303,39,41,2672,OK,28.84444850734269,0.9806563594670196,0.2883321499011539,0.4655738943531093,0.1110904054491984,0.1112341532663929,0.9717229230769232,0.999521,0.9915966386554622,1.0482837986399605,0.5850912541863061,0.5616638635949178,0.7893780668446587,0.32862461438187685
N2,reverse,"(5, 8, 9)",reverse_5-8-9,205.37821239115317,1.0000000000001283,44,43,2696,OK,31.870454303643218,0.9788639618129475,0.2873536081379665,0.4655738943531093,0.1091333219228237,0.1112281103226109,0.9749136363636364,0.999527,0.562962962962963,0.9898300637000547,0.5719017396870563,0.652828091234815,0.0813664659061436,0.373353521093771
N2,reverse,"(3, 4, 5)",reverse_3-4-5,251.87747738830524,1.0000000000001328,21,20,2696,OK,113.99971569494484,0.7962485851786193,0.2327869471765546,0.4655738943531093,4.1123931627165904e-67,0.0298824045512911,0.9513706666666668,0.999987,0.8,1.3426945516619363e-33,1.7908420955781199e-50,-0.48661993504504264,1.9678852989696088e-50,-8.714594642261527e-51
N2,reverse,"(2, 3, 6)",reverse_2-3-6,247.85509242479975,1.0000000000001317,26,26,2686,OK,106.66698534174655,0.8020183055023274,0.233765488939742,0.4655738943531093,0.0019570835263746,0.0312367454417129,0.9605973846153846,0.99995,0.9130434782608696,0.058453734939905605,0.01318951449924986,-0.278548237525334,0.016632154823276936,-0.003673916017580886
N2,reverse,"(0, 8, 9)",reverse_0-8-9,173.93339520938866,1.000000000000128,46,46,2654,OK,31.307073886935655,0.9762021976868116,0.3162117974458052,0.4655738943531093,0.1668497005385011,0.1683060985788604,0.974820608695652,0.999453,0.9727891156462584,1.547616967423569,0.8968891991725665,1.3386665098824553,0.5795690586125072,1.2006355340076098
N2,reverse,"(4, 5, 9)",reverse_4-5-9,225.3515752890536,1.0000000000001277,38,34,2696,OK,31.870454303643218,0.9788639618129475,0.2616451364843933,0.4655738943531093,0.0577163786156774,0.0687523806912849,0.9718568421052632,0.999648,0.7474747474747475,0.5577869037235145,0.3249874594855103,0.265535890841745,0.0492007026255125,0.08629583456688049
N2,reverse,"(1, 5, 9)",reverse_1-5-9,199.76319712480972,1.000000000000132,45,42,2696,OK,31.870454303643218,0.9788639618129475,0.2873536081379665,0.4655738943531093,0.1091333219228238,0.1107281268364606,0.9754864,0.99955,0.4838709677419355,0.9898300637000549,0.5719017396870564,0.8406606318364911,0.3237440219405307,0.48077527783370927
N2,reverse,"(3, 5, 8)",reverse_3-5-8,229.2616047512297,1.0000000000001297,32,31,2696,OK,46.02280850293994,0.9581210331383864,0.2584954188301278,0.4655738943531093,0.0514169433071463,0.0620797535741715,0.96705075,0.999826,0.8636363636363636,0.4320431599765402,0.24691428020154593,0.16450011921614116,0.03216576328063111,0.040617428529321986
N2,reverse,"(5, 6, 9)",reverse_5-6-9,225.3515752890536,1.0000000000001277,38,34,2696,OK,31.870454303643218,0.9788639618129475,0.2616451364843933,0.4655738943531093,0.0577163786156774,0.0687523806912849,0.9718568421052632,0.999648,0.7474747474747475,0.5577869037235145,0.3249874594855103,0.22078493125827486,0.0492007026255125,0.07175233390230977
N2,r039,"(2, 4, 6)",r039_2-4-6,267.07652547921157,1.000000000000128,31,32,2724,OK,45.75080481754412,0.964392756715518,0.224158924216849,0.4463607649073233,0.0019570835263746,0.0455096345642693,0.9666372258064516,0.99989,0.9545454545454546,0.058453734939905605,0.009686196983847508,-0.2641541091053221,0.010128148419213796,-0.0025586487348868967
N2,r039,"(2, 4, 5)",r039_2-4-5,267.07652547921157,1.000000000000128,31,32,2726,OK,45.75080481754412,0.964392756715518,0.224158924216849,0.4463607649073233,0.0019570835263746,0.0455096345642693,0.9666372258064516,0.99989,0.9545454545454546,0.058453734939905605,0.009686196983847508,-0.20908930582049343,0.010128148419213796,-0.0020252802033932328
N2,r039,"(2, 5, 8)",r039_2-5-8,241.54385177331503,1.000000000000127,34,36,2726,OK,37.2598280890486,0.973211483030115,0.2498673958704221,0.4463607649073233,0.0533740268335209,0.0940825229731574,0.9683222352941177,0.999818,0.967741935483871,0.49049689491644577,0.009686196983847518,0.15349492245120616,0.010128148419213804,0.0014867820548827818
N2,r039,"(3, 5, 7)",r039_3-5-7,266.5205507887407,1.000000000000126,35,32,2726,OK,41.59491381363978,0.9645794364322232,0.224158924216849,0.4463607649073233,0.0019570835263746,0.0460526151488091,0.9703760571428572,0.999864,1.0,0.058453734939905605,0.016606353627674604,-0.2641541091053221,0.015716572892578554,-0.004386636548006319
N2,r039,"(0, 3, 9)",r039_0-3-9,212.15498198834837,1.0000000000001312,47,43,2766,OK,48.084568788738125,0.9629211927822986,0.2808967610693391,0.4463607649073233,0.1154327572313548,0.1244660547674142,0.9764182127659574,0.999769,0.98,1.1155738074470287,1.206192714879022,0.8553882582850378,1.158627052535441,1.031763085536468
N2,r039,"(2, 5, 9)",r039_2-5-9,236.5760135249104,1.0000000000001297,35,37,2756,OK,49.22033479513743,0.9620023579000732,0.2530171135246877,0.4463607649073233,0.059673462142052,0.0665442745358521,0.9696190285714286,0.99984,0.8974358974358975,0.61624063866342,0.6457998864348231,0.43412850187552654,0.7327705638672077,0.28036013720933495
N2,r039,"(0, 2, 3)",r039_0-2-3,241.1634771947604,1.0000000000001308,39,38,2736,OK,50.33715381054549,0.9632309741275616,0.2530171135246877,0.4463607649073233,0.059673462142052,0.0935378332231092,0.9725003076923076,0.999829,0.6037735849056604,0.6162406386634199,0.5797652224118938,0.356055089501429,0.4461127855066609,0.20642835815568272
N2,r039,"(0, 3, 5)",r039_0-3-5,243.87458946036136,1.000000000000132,37,39,2736,OK,51.71034096474614,0.9620186330560144,0.2520385717615004,0.4463607649073233,0.0577163786156774,0.0901570704285009,0.971169945945946,0.999833,0.9705882352941176,0.5577869037235144,0.5700790254280462,0.37822794035051277,0.4359846370874471,0.21561981562467752
N2,r039,"(0, 1, 4)",r039_0-1-4,220.9527530809083,1.0000000000001297,36,42,2734,OK,31.307073886935655,0.9762021976868118,0.2777470434150735,0.4463607649073233,0.1091333219228238,0.115378840369507,0.9698182777777776,0.999809,0.6875,0.9898300637000548,1.0639075858311384,0.5903730960055988,0.7426937196830964,0.6281024153109716
N2,r039,"(0, 6, 9)",r039_0-6-9,212.15498198834837,1.0000000000001312,47,43,2764,OK,48.084568788738125,0.9629211927822986,0.2808967610693391,0.4463607649073233,0.1154327572313548,0.1244660547674142,0.9764182127659574,0.999769,0.98,1.1155738074470287,1.206192714879022,0.878364167028327,1.158627052535441,1.0594764592803483
N2,r039,"(2, 3, 5)",r039_2-3-5,267.07652547921157,1.000000000000128,31,32,2726,OK,45.75080481754412,0.964392756715518,0.224158924216849,0.4463607649073233,0.0019570835263746,0.0455096345642693,0.9666372258064516,0.99989,0.9545454545454546,0.058453734939905605,0.009686196983847508,-0.34100323275455036,0.010128148419213796,-0.0033030244845893755
N2,r039,"(2, 4, 9)",r039_2-4-9,236.5760135249104,1.0000000000001297,35,37,2754,OK,49.22033479513743,0.9620023579000732,0.2530171135246877,0.4463607649073233,0.059673462142052,0.0665442745358521,0.9696190285714286,0.99984,0.8974358974358975,0.61624063866342,0.6457998864348231,0.29363279461819236,0.7327705638672077,0.18962802541796836
N2,r039,"(0, 6, 8)",r039_0-6-8,218.7170897838655,1.0000000000001283,42,42,2734,OK,39.53086646883719,0.972737887074901,0.2777470434150735,0.4463607649073233,0.1091333219228237,0.1451269866613425,0.973469380952381,0.999723,0.7530864197530864,0.9898300637000546,0.5700790254280462,0.8247860248838392,0.4359846370874471,0.47019321325245134
N2,r039,"(3, 6, 8)",r039_3-6-8,245.56959412902305,1.0000000000001226,35,32,2726,OK,49.74748074573654,0.9570155385460308,0.2488888541072348,0.4463607649073233,0.0514169433071463,0.0924230522815812,0.9693184,0.999851,0.8846153846153846,0.4320431599765402,1.1109411782895714e-17,0.03258619228208426,8.784036840544694e-18,3.6201342849829224e-19
N2,r039,"(2, 3, 7)",r039_2-3-7,262.84131698631086,1.0000000000001288,35,33,2726,OK,38.688189150647645,0.9674939870277988,0.2251374659800363,0.4463607649073233,0.0039141670527492,0.0483907492135291,0.9702779428571428,0.999862,0.9428571428571428,0.11690746987981121,0.026292550611522112,-0.36971246516523143,0.02584472131179235,-0.009720683702067454
N2,r039,"(3, 6, 9)",r039_3-6-9,240.55128666454095,1.000000000000128,32,37,2756,OK,49.22033479513743,0.9620023579000732,0.2520385717615004,0.4463607649073233,0.0577163786156774,0.0621172649241516,0.9669620625,0.999838,0.7872340425531915,0.5577869037235145,0.6361136894509756,0.29760135456152353,0.7226424154479939,0.18930829563573864
N2,r039,"(7, 8, 9)",r039_7-8-9,215.16282453404756,1.00000000000013,44,44,2756,OK,53.32064297364525,0.9586843253266693,0.2787255851782608,0.4463607649073233,0.1110904054491983,0.1223474140713543,0.9749167727272728,0.999637,0.935483870967742,1.0482837986399602,0.6527200430786502,0.8917241748320088,0.7383589883405725,0.5820462418106226
N2,r039,"(1, 5, 6)",r039_1-5-6,245.24401080779512,1.0000000000001303,32,33,2736,OK,68.95021345904695,0.942393460578674,0.2488888541072348,0.4463607649073233,0.0514169433071463,0.0528474966013182,0.9674899375,0.999897,1.0,0.4320431599765404,0.49382856040309214,0.17185761081454948,0.3067090825956493,0.08486819654286384
N2,r039,"(1, 2, 7)",r039_1-2-7,237.29449294354765,1.0000000000001266,38,40,2736,OK,44.664896552149,0.9647967029331338,0.2508459376336095,0.4463607649073233,0.0553311103598956,0.0575897659826009,0.9723918421052632,0.99986,0.8518518518518519,0.5489506298563516,0.5201211110146142,0.14949366216189564,0.3325538039074416,0.07775480965328856
N2,r039,"(0, 5, 8)",r039_0-5-8,218.7170897838655,1.0000000000001283,42,42,2736,OK,39.53086646883719,0.972737887074901,0.2777470434150735,0.4463607649073233,0.1091333219228237,0.1451269866613425,0.973469380952381,0.999723,0.7530864197530864,0.9898300637000546,0.5700790254280462,0.7808796061589409,0.4359846370874471,0.4451630848557256
N2,r039,"(1, 2, 9)",r039_1-2-9,211.2020897824749,1.000000000000126,38,41,2764,OK,31.307073886935655,0.9762021976868118,0.2787255851782609,0.4463607649073233,0.1110904054491984,0.0914710491839701,0.9716547894736842,0.999788,0.9777777777777776,1.0482837986399605,1.1396284468379152,0.7112818261747209,1.039479646462857,0.8105970028275332
N2,r039,"(0, 1, 9)",r039_0-1-9,189.29863894774712,1.0000000000001272,35,46,2764,OK,31.307073886935655,0.9762021976868116,0.3066052327229123,0.4463607649073233,0.1668497005385012,0.1610932100457181,0.9676793714285714,0.999748,0.5679012345679012,1.5476169674235694,1.700021275282114,1.0609970323785267,1.4653361351310903,1.8037175280546813
N2,r039,"(3, 8, 9)",r039_3-8-9,218.1819586831466,1.0000000000001308,40,39,2756,OK,44.76206515614933,0.9692307391254824,0.2777470434150735,0.4463607649073233,0.1091333219228237,0.1194860021973211,0.97258825,0.999712,0.8028169014084507,0.9898300637000547,0.6361136894509756,0.8332704398921033,0.7226424154479939,0.5300547338302032
N2,r039,"(2, 3, 4)",r039_2-3-4,267.07652547921157,1.000000000000128,31,32,2726,OK,45.75080481754412,0.964392756715518,0.224158924216849,0.4463607649073233,0.0019570835263746,0.0455096345642693,0.9666372258064516,0.99989,0.9545454545454546,0.058453734939905605,0.009686196983847508,-0.34100323275455036,0.010128148419213796,-0.0033030244845893755
N2,r039,"(2, 6, 7)",r039_2-6-7,262.84131698631086,1.0000000000001288,35,33,2726,OK,38.688189150647645,0.9674939870277988,0.2251374659800363,0.4463607649073233,0.0039141670527492,0.0483907492135291,0.9702779428571428,0.999862,0.9428571428571428,0.11690746987981121,0.026292550611522112,-0.2825494978146447,0.02584472131179235,-0.0074289469715517024
N2,r039,"(0, 3, 6)",r039_0-3-6,243.87458946036136,1.000000000000132,37,39,2736,OK,51.71034096474614,0.9620186330560144,0.2520385717615004,0.4463607649073233,0.0577163786156774,0.0901570704285009,0.971169945945946,0.999833,0.9705882352941176,0.5577869037235144,0.5700790254280462,0.3205772633048126,0.4359846370874471,0.18275437383919774
N2,r039,"(0, 1, 3)",r039_0-1-3,220.9527530809083,1.0000000000001297,36,42,2736,OK,31.307073886935655,0.9762021976868118,0.2777470434150735,0.4463607649073233,0.1091333219228238,0.115378840369507,0.9698182777777776,0.999809,0.6875,0.9898300637000548,1.0639075858311384,0.7617426786038219,0.7426937196830964,0.810423814217937
N2,r039,"(3, 5, 6)",r039_3-5-6,270.8228584398995,1.000000000000126,29,33,2726,OK,49.68586330053881,0.9571792171749968,0.2231803824536616,0.4463607649073233,2.607619655227535e-66,0.0441301182372991,0.9644346896551724,0.999932,0.6666666666666666,3.066798202155826e-33,3.6918118194331797e-50,-0.48661993504504264,1.1014105663246259e-50,-1.7965092277710946e-50
N2,r039,"(0, 3, 8)",r039_0-3-8,218.7170897838655,1.0000000000001283,42,42,2736,OK,39.53086646883719,0.972737887074901,0.2777470434150735,0.4463607649073233,0.1091333219228237,0.1451269866613425,0.973469380952381,0.999723,0.7530864197530864,0.9898300637000546,0.5700790254280462,0.8515796155060749,0.4359846370874471,0.4854676772820935
N2,r039,"(1, 3, 8)",r039_1-3-8,222.1292335695466,1.000000000000128,36,34,2736,OK,49.74748074573654,0.9570155385460308,0.274597325760808,0.4463607649073233,0.1028338866142926,0.115016229682781,0.9698760555555556,0.999854,0.9487179487179488,0.8640863199530806,0.49382856040309214,0.6819741831651871,0.3067090825956493,0.33677832910453903
N2,r039,"(1, 3, 9)",r039_1-3-9,214.89981511282963,1.000000000000128,39,38,2766,OK,47.068027818241376,0.9629024200878444,0.2777470434150735,0.4463607649073233,0.1091333219228238,0.086714140606545,0.972568717948718,0.999827,0.9444444444444444,0.9898300637000549,1.1299422498540677,0.6975790508182854,1.0293514980436431,0.7882240421326784
N2,r039,"(0, 1, 2)",r039_0-1-2,218.47619688747957,1.000000000000128,43,37,2734,OK,31.307073886935655,0.9762021976868116,0.2787255851782609,0.4463607649073233,0.1110904054491984,0.1186578020452159,0.9746013953488372,0.999785,0.6440677966101694,1.0482837986399605,1.073593782814986,0.7807407578795614,0.7528218681023102,0.8381984236497574
N2,r039,"(5, 8, 9)",r039_5-8-9,218.1819586831466,1.0000000000001308,40,39,2756,OK,44.76206515614933,0.9692307391254824,0.2777470434150735,0.4463607649073233,0.1091333219228237,0.1194860021973211,0.97258825,0.999712,0.8028169014084507,0.9898300637000547,0.6361136894509756,0.7690833812848057,0.7226424154479939,0.4892244671645091
N2,r039,"(3, 4, 5)",r039_3-4-5,270.8228584398995,1.000000000000126,29,33,2726,OK,49.68586330053881,0.9571792171749968,0.2231803824536616,0.4463607649073233,4.1123931627165904e-67,0.0441301182372991,0.9644346896551724,0.999932,0.6666666666666666,1.3426945516619363e-33,1.2731744509121022e-50,-0.26754304076039903,4.4537103905161053e-51,-3.406289640154752e-51
N2,r039,"(2, 3, 6)",r039_2-3-6,267.07652547921157,1.000000000000128,31,32,2726,OK,45.75080481754412,0.964392756715518,0.224158924216849,0.4463607649073233,0.0019570835263746,0.0455096345642693,0.9666372258064516,0.99989,0.9545454545454546,0.058453734939905605,0.009686196983847508,-0.42816620010513706,0.010128148419213796,-0.0041473021560438274
N2,r039,"(0, 8, 9)",r039_0-8-9,190.02895637210315,1.0000000000001334,47,48,2764,OK,38.886291139135665,0.9707238680482776,0.3066052327229122,0.4463607649073233,0.1668497005385011,0.1881017212984791,0.9753111914893616,0.999658,0.6507936507936508,1.547616967423569,1.206192714879022,1.3386665098824553,1.158627052535441,1.6146897918727436
N2,r039,"(4, 5, 9)",r039_4-5-9,240.55128666454095,1.000000000000128,32,37,2756,OK,49.22033479513743,0.9620023579000732,0.2520385717615004,0.4463607649073233,0.0577163786156774,0.0621172649241516,0.9669620625,0.999838,0.7872340425531915,0.5577869037235145,0.6361136894509756,0.3579707312898748,0.7226424154479939,0.22771008259626602
N2,r039,"(1, 5, 9)",r039_1-5-9,214.89981511282963,1.000000000000128,39,38,2766,OK,47.068027818241376,0.9629024200878444,0.2777470434150735,0.4463607649073233,0.1091333219228238,0.086714140606545,0.972568717948718,0.999827,0.9444444444444444,0.9898300637000549,1.1299422498540677,0.7526204232813531,1.0293514980436431,0.8504176143686529
N2,r039,"(3, 5, 8)",r039_3-5-8,245.56959412902305,1.0000000000001226,35,32,2726,OK,49.74748074573654,0.9570155385460308,0.2488888541072348,0.4463607649073233,0.0514169433071463,0.0924230522815812,0.9693184,0.999851,0.8846153846153846,0.4320431599765402,1.1109411782895714e-17,0.03258619228208426,8.784036840544694e-18,3.6201342849829224e-19
N2,r039,"(5, 6, 9)",r039_5-6-9,240.55128666454095,1.000000000000128,32,37,2756,OK,49.22033479513743,0.9620023579000732,0.2520385717615004,0.4463607649073233,0.0577163786156774,0.0621172649241516,0.9669620625,0.999838,0.7872340425531915,0.5577869037235145,0.6361136894509756,0.32057726330481273,0.7226424154479939,0.20392358571492128
