system,chain,triple,tag,err_lucj,full_capture,n_unique_alpha,n_unique_beta,depth,status,err_sqd,captured,retained_J,retained_J_samespin,retained_J_oppspin,entropy_alpha,gini_alpha,top15_mass_alpha,w16_w15_alpha,role,triple_parsed,S0,is_floor,is_default
H10,newchain00,"(4, 6, 9)",newchain00_4-6-9,472.69552039154394,1.0000000000003988,251,250,3332,OK,221.89807501795488,0.6534450110507337,0.20075145929967983,0.33528211510542105,0.06622080349393862,1.1943001008208443,0.967927764940239,0.9173935,0.8788261851015802,,"(4, 6, 9)",4.917263581780013,False,False
H10,newchain00,"(0, 3, 7)",newchain00_0-3-7,539.0437364088001,1.0000000000004023,252,252,3332,OK,235.85003357562505,0.6173282439626219,0.202098032095813,0.33528211510542105,0.06891394908620498,1.5077488391636005,0.9614834325396825,0.905114,0.9167839824808384,,"(0, 3, 7)",5.56918897848759,False,False
H10,newchain00,"(1, 2, 3)",newchain00_1-2-3,491.4514265928478,1.000000000000397,252,252,3382,OK,172.10646317464563,0.6936498745444886,0.18490283279967495,0.33528211510542105,0.03452355049392884,0.9240279152653883,0.9741752579365079,0.934379,0.9320512820512821,,"(1, 2, 3)",4.687150958038624,False,False
H10,newchain00,"(1, 3, 9)",newchain00_1-3-9,430.0323838734785,1.0000000000004001,252,252,3332,OK,178.66940062463854,0.7133078787352902,0.2157009208385458,0.33528211510542105,0.09611972657167062,1.1263294026484982,0.9689663253968254,0.919362,0.9944374475230898,,"(1, 3, 9)",8.23207604480229,False,False
H10,newchain00,"(3, 7, 9)",newchain00_3-7-9,461.89570901957563,1.0000000000004026,251,252,3332,OK,221.98519838737596,0.6530852323389585,0.20209803209581303,0.33528211510542105,0.06891394908620502,1.23673879498142,0.966932860557769,0.914294,0.8983432378894292,,"(3, 7, 9)",5.56918897848759,False,False
H10,newchain00,"(2, 4, 9)",newchain00_2-4-9,453.29827930248,1.0000000000004001,252,251,3382,OK,218.00639165689884,0.6687947443469664,0.20170088835461766,0.33528211510542105,0.06811966160381429,1.1877629652536559,0.9675150436507937,0.9121865,0.9821759033797604,,"(2, 4, 9)",5.291844210363828,False,False
H10,newchain00,"(2, 7, 9)",newchain00_2-7-9,451.95825622288055,1.0000000000004023,251,252,3382,OK,184.20896517347617,0.6945330051742714,0.20304746115075087,0.33528211510542105,0.07081280719608068,1.2882380547517722,0.9643857330677291,0.906131,0.9562227440456222,,"(2, 7, 9)",5.943769607071405,False,False
H10,newchain00,"(0, 2, 8)",newchain00_0-2-8,553.668515633988,1.0000000000004035,250,252,3382,OK,219.19472177023192,0.629178300662566,0.2166503498934836,0.33528211510542105,0.09801858468154624,1.843511713702488,0.949823648,0.8857515,0.9940348525469169,,"(0, 2, 8)",8.606656673386103,False,False
H10,newchain00,"(0, 5, 7)",newchain00_0-5-7,546.3395829677173,1.0000000000004006,252,251,3332,OK,276.97309603058784,0.5612889286146188,0.20170088835461766,0.33528211510542105,0.06811966160381425,1.5127730901608687,0.9612174166666667,0.9037515,0.9283614420547733,,"(0, 5, 7)",5.291844210363828,False,False
H10,newchain00,"(5, 6, 7)",newchain00_5-6-7,515.1289959294827,1.0000000000003997,249,247,3332,OK,256.07458130966967,0.5874866244388663,0.16995337126080895,0.33528211510542105,0.004624627416196836,0.8467490549705884,0.9789600281124498,0.9526255,0.9968190854870775,,"(5, 6, 7)",1.3723384950163493,False,False
H10,newchain00,"(1, 3, 5)",newchain00_1-3-5,502.14837991354244,1.0000000000003968,250,251,3332,OK,197.31982953341998,0.640004759208646,0.18355626000354175,0.33528211510542105,0.03183040490166244,0.8446345685989687,0.976086096,0.9388335,0.9754040758959944,,"(1, 3, 5)",4.035225561331047,False,False
H10,newchain00,"(2, 5, 7)",newchain00_2-5-7,497.8394967647386,1.0000000000003986,248,248,3382,OK,196.5335537452182,0.6422599838752368,0.17090280031574678,0.33528211510542105,0.006523485526072514,0.8727350767676886,0.977315254032258,0.946542,0.9924610487518848,,"(2, 5, 7)",1.746919123600164,False,False
H10,newchain00,"(1, 2, 4)",newchain00_1-2-4,495.36582525071185,1.0000000000003992,252,250,3382,OK,223.654503063047,0.6327583483152573,0.1845056890584796,0.33528211510542105,0.03372926301153811,0.9134465598399891,0.9747090952380952,0.9355965,0.9865894974590627,,"(1, 2, 4)",4.409806189914862,False,False
H10,newchain00,"(0, 2, 4)",newchain00_0-2-4,533.9670185486174,1.0000000000004,252,252,3382,OK,225.71776281295007,0.6385895513977805,0.20170088835461766,0.33528211510542105,0.06811966160381425,1.4671088467313749,0.9621520436507937,0.907152,0.9840912876894886,,"(0, 2, 4)",5.291844210363828,False,False
H10,newchain00,"(2, 3, 6)",newchain00_2-3-6,496.1243989637154,1.0000000000003968,249,248,3382,OK,386.4664475092958,0.46754259042569374,0.17035051500200432,0.33528211510542105,0.005418914898587555,0.7944965982825974,0.9796336385542168,0.9542685,0.9927465202901392,,"(2, 3, 6)",1.6496832631401122,False,False
H10,newchain00,"(1, 4, 8)",newchain00_1-4-8,574.3630096661905,1.0000000000003988,252,252,3370,OK,222.70191276154438,0.6232714482831302,0.19810857780121238,0.33528211510542105,0.06093504049700372,1.5325002216990657,0.9575417777777778,0.8931895,0.9497596628695595,,"(1, 4, 8)",7.0726932562295595,False,False
H10,newchain00,"(2, 8, 9)",newchain00_2-8-9,463.7287622264514,1.000000000000407,252,252,3382,OK,225.96407216023982,0.6440723746338548,0.21665034989348367,0.33528211510542105,0.09801858468154628,1.5663206158038503,0.9565489285714286,0.889639,0.990506103219359,,"(2, 8, 9)",8.606656673386103,False,False
H10,newchain00,"(2, 3, 5)",newchain00_2-3-5,493.2555505080902,1.0000000000004012,249,246,3382,OK,386.4355041608496,0.46787458531544085,0.16995337126080895,0.33528211510542105,0.0046246274161968375,0.7486332864623089,0.9809566666666667,0.9587755,0.9826510721247563,,"(2, 3, 5)",1.3723384950163493,False,False
H10,newchain00,"(0, 1, 5)",newchain00_0-1-5,514.2499106613033,1.0000000000004023,252,252,3332,OK,229.9657989502384,0.6322897709162592,0.2153037770973505,0.33528211510542105,0.09532543908927986,1.3998461094119634,0.9630062380952381,0.906294,0.9789172306090578,,"(0, 1, 5)",7.954731276678526,False,False
H10,newchain00,"(0, 1, 4)",newchain00_0-1-4,514.4261277213582,1.0000000000003997,252,252,3332,OK,230.82617000723093,0.633369722154109,0.21530377709735044,0.33528211510542105,0.09532543908927983,1.3998785051067018,0.963082376984127,0.907185,0.9302597511066566,,"(0, 1, 4)",7.954731276678526,False,False
H10,newchain00,"(2, 3, 8)",newchain00_2-3-8,542.3344364586721,1.0000000000003983,249,252,3382,OK,212.3361673198021,0.6346393907767476,0.18490283279967493,0.33528211510542105,0.03452355049392883,1.323436725678941,0.9664449317269076,0.923783,0.9988257397839361,,"(2, 3, 8)",4.687150958038624,False,False
H10,newchain00,"(3, 5, 6)",newchain00_3-5-6,514.8286671250295,1.0000000000003948,248,247,3332,OK,387.6243093148695,0.4629744190905218,0.16900394220587112,0.33528211510542105,0.0027257693063211593,0.7645248491421416,0.9809612016129032,0.958782,0.9815265935850589,,"(3, 5, 6)",0.9977578664325344,False,False
H10,newchain00,"(1, 2, 9)",newchain00_1-2-9,423.5531116259814,1.0000000000004041,252,252,3382,OK,178.66940062463854,0.7133078787352901,0.21665034989348367,0.33528211510542105,0.09801858468154631,1.191063150972115,0.9666455396825396,0.914076,0.9954337899543378,,"(1, 2, 9)",8.606656673386103,False,False
H10,newchain00,"(2, 4, 8)",newchain00_2-4-8,549.4731508189279,1.000000000000399,252,252,3382,OK,218.6650931911549,0.6321987172055368,0.1845056890584796,0.33528211510542105,0.03372926301153811,1.330807009191784,0.966447376984127,0.9233785,0.9496802599853235,,"(2, 4, 8)",4.409806189914862,False,False
H10,newchain00,"(5, 6, 9)",newchain00_5-6-9,470.7071478117495,1.000000000000407,251,251,3332,OK,220.02142165013083,0.6611848587247225,0.20075145929967983,0.33528211510542105,0.06622080349393862,1.1881972632535098,0.9681160996015936,0.917193,0.9783882432043032,,"(5, 6, 9)",4.917263581780013,False,False
H10,newchain00,"(4, 5, 7)",newchain00_4-5-7,516.7702149173365,1.0000000000004001,248,246,3332,OK,256.0548683437336,0.5876073113748025,0.16955622751961358,0.33528211510542105,0.0038303399338061165,0.8251941912437821,0.9793312056451613,0.9529545,0.9423549423549423,,"(4, 5, 7)",1.0949937268925862,False,False
H10,newchain00,"(1, 2, 7)",newchain00_1-2-7,492.69112006332796,1.0000000000003981,252,250,3382,OK,188.69222262453266,0.6764586269888958,0.1858522618546128,0.33528211510542105,0.03642240860380452,1.0253009859067266,0.972254003968254,0.931491,0.9974177765697201,,"(1, 2, 7)",5.0617315866224395,False,False
H10,newchain00,"(0, 2, 5)",newchain00_0-2-5,534.0781602007426,1.0000000000004028,252,251,3382,OK,229.22013111543737,0.6290069162483517,0.20170088835461766,0.33528211510542105,0.06811966160381425,1.4689224751572698,0.9621882420634921,0.9066625,0.9954570376752565,,"(0, 2, 5)",5.291844210363828,False,False
H10,newchain00,"(4, 5, 6)",newchain00_4-5-6,523.8754338875253,1.0000000000003995,244,239,3332,OK,385.6865188569554,0.4658085053539026,0.16860679846467574,0.33528211510542105,0.0019314818239304394,0.7756775495254866,0.9806459139344262,0.958723,0.9911740558292282,,"(4, 5, 6)",0.7204130983087718,False,False
H10,newchain00,"(1, 5, 8)",newchain00_1-5-8,572.5966482422882,1.000000000000406,252,252,3370,OK,222.70191276154438,0.6232714482831301,0.19810857780121238,0.33528211510542105,0.06093504049700372,1.5272853874903989,0.9578730912698412,0.894273,0.9056836057725189,,"(1, 5, 8)",7.0726932562295595,False,False
H10,newchain00,"(2, 5, 6)",newchain00_2-5-6,502.6502104623374,1.0000000000004001,246,245,3382,OK,387.2411424056619,0.4644304066876028,0.16995337126080895,0.33528211510542105,0.0046246274161968375,0.7921512066117928,0.980040918699187,0.956863,0.9431773495871019,,"(2, 5, 6)",1.3723384950163495,False,False
H10,newchain00,"(0, 5, 8)",newchain00_0-5-8,572.6930572793786,1.0000000000003972,252,251,3370,OK,219.19472177023192,0.6291783006625659,0.21530377709735044,0.33528211510542105,0.09532543908927983,1.8076616339054985,0.9522943412698412,0.889881,0.931576903158985,,"(0, 5, 8)",7.954731276678526,False,False
H10,newchain00,"(0, 7, 8)",newchain00_0-7-8,576.774939253533,1.0000000000003941,252,252,3370,OK,218.56802443478162,0.6316160918921908,0.2166503498934836,0.33528211510542105,0.09801858468154624,1.903541455019554,0.9482635396825397,0.879576,0.984190800681431,,"(0, 7, 8)",8.606656673386103,False,False
H10,newchain00,"(0, 6, 8)",newchain00_0-6-8,577.256821576917,1.0000000000003977,251,252,3370,OK,219.19472177023192,0.6291783006625659,0.2157009208385458,0.33528211510542105,0.09611972657167055,1.8517702096325275,0.9502988565737052,0.885307,0.9694765634713416,,"(0, 6, 8)",8.23207604480229,False,False
H10,newchain00,"(1, 3, 4)",newchain00_1-3-4,503.1969373303129,1.000000000000397,250,251,3332,OK,249.05513495487952,0.5919368232210813,0.18355626000354175,0.33528211510542105,0.03183040490166244,0.8474617098059964,0.97598688,0.938914,0.9743725698126546,,"(1, 3, 4)",4.035225561331047,False,False
H10,newchain00,"(3, 4, 7)",newchain00_3-4-7,510.86519062022796,1.0000000000003904,246,248,3332,OK,313.6425504414442,0.5303056603868876,0.16995337126080895,0.33528211510542105,0.004624627416196836,0.8197678009657257,0.979333743902439,0.9535955,0.873509590461379,,"(3, 4, 7)",1.3723384950163489,False,False
H10,newchain00,"(1, 8, 9)",newchain00_1-8-9,470.2198856671238,1.0000000000004006,252,252,3370,OK,183.793476523908,0.6898434988794477,0.23025323863621647,0.33528211510542105,0.1252243621670119,1.6375452199304426,0.9526531626984127,0.876542,0.9491621877963958,,"(1, 8, 9)",11.2695437397008,False,False
H10,newchain00,"(4, 6, 7)",newchain00_4-6-7,517.3832605519308,1.0000000000003981,246,250,3332,OK,254.0983026985968,0.5923049037336439,0.16995337126080895,0.33528211510542105,0.004624627416196836,0.8542443608137767,0.9785091016260162,0.9516555,0.9788222180939996,,"(4, 6, 7)",1.372338495016349,False,False
H10,newchain00,"(3, 5, 7)",newchain00_3-5-7,508.1916315918038,1.000000000000404,247,247,3332,OK,257.63897298192353,0.5850479176271318,0.16995337126080895,0.33528211510542105,0.004624627416196836,0.8110859643202077,0.9797012631578947,0.9547145,0.9958799293702177,,"(3, 5, 7)",1.372338495016349,False,False
H10,newchain00,"(0, 2, 9)",newchain00_0-2-9,521.2729720415199,1.0000000000004023,252,252,3382,OK,268.3759400210688,0.5964458696692881,0.23384554918962175,0.33528211510542105,0.13240898327382242,2.267756455018286,0.9352767817460318,0.8343835,0.9962133762484026,,"(0, 2, 9)",9.488694693835068,False,False
H10,newchain00,"(0, 1, 9)",newchain00_0-1-9,479.8682138593815,1.0000000000003992,252,252,3332,OK,176.0218607551369,0.7171932603501914,0.24744843793235452,0.33528211510542105,0.15961476075928802,2.143452063321233,0.9395132063492063,0.8463445,0.9362785016286646,,"(0, 1, 9)",12.151581760149767,False,False
H10,newchain00,"(0, 8, 9)",newchain00_0-8-9,521.8707264208939,1.000000000000399,252,252,3370,OK,268.5698415179836,0.5924413268947204,0.24744843793235452,0.33528211510542105,0.15961476075928802,2.4434669521643024,0.9264971865079366,0.818478,0.9189699811069905,,"(0, 8, 9)",12.151581760149767,False,False
H10,newchain00,(),newchain00_floor,535.8800156675958,1.0000000000003932,239,238,3332,OK,460.79439923363896,0.41920555245317964,0.16764105755271053,0.33528211510542105,0.0,0.7246453593957563,0.9818790460251046,0.962788,0.9605954465849387,,(),,True,False
H10,newchain00,"(0, 1, 8)",newchain00_0-1-8,552.5252217291836,1.0000000000004117,252,252,3370,OK,226.57426660096914,0.6116299497750627,0.23025323863621644,0.33528211510542105,0.12522436216701183,1.9053516276420923,0.9448391190476191,0.8638265,0.9924930167597765,,"(0, 1, 8)",11.2695437397008,False,False
H10,newchain01,"(1, 2, 3)",newchain01_1-2-3,594.9830774676021,1.000000000000396,251,251,3280,OK,218.68588382996901,0.6177002325380508,0.21059498954601327,0.3866664285980977,0.03452355049392884,0.992512561614004,0.9747618884462151,0.9406955,0.9609677850554739,,"(1, 2, 3)",4.687150958038624,False,False
H10,newchain01,"(3, 7, 9)",newchain01_3-7-9,586.1378412561189,1.0000000000003955,251,251,3232,OK,284.13487036979035,0.5677253670814172,0.22779018884215138,0.3866664285980977,0.06891394908620502,1.3200116185728492,0.9640415577689243,0.9039335,0.9942806863176419,,"(3, 7, 9)",5.56918897848759,False,False
H10,newchain01,"(0, 2, 8)",newchain01_0-2-8,561.4799648501831,1.000000000000405,252,251,3232,OK,232.5837054698674,0.6165704369594397,0.242342506639822,0.3866664285980977,0.09801858468154624,1.4705259835350841,0.9597240079365079,0.8997815,0.8918256339538804,,"(0, 2, 8)",8.606656673386103,False,False
H10,newchain01,"(2, 4, 9)",newchain01_2-4-9,561.0102936937622,1.000000000000394,251,252,3232,OK,225.09066933756117,0.6488799660329444,0.227393045100956,0.3866664285980977,0.06811966160381429,1.1882658648895488,0.9674036414342629,0.912796,0.9554685365631546,,"(2, 4, 9)",5.291844210363828,False,False
H10,newchain01,"(4, 6, 9)",newchain01_4-6-9,570.8397786526991,1.0000000000004012,251,248,3232,OK,277.69232684612354,0.5801074522765162,0.22644361604601815,0.3866664285980977,0.06622080349393862,1.1821460872488767,0.9679748565737052,0.9135375,0.9995377646297494,,"(4, 6, 9)",4.917263581780013,False,False
H10,newchain01,"(0, 3, 7)",newchain01_0-3-7,598.9194810736213,1.0000000000004023,252,252,3232,OK,283.069644103656,0.5667983996522158,0.22779018884215133,0.3866664285980977,0.06891394908620498,1.3766833143654402,0.9625250555555556,0.9080075,0.9716742539200809,,"(0, 3, 7)",5.56918897848759,False,False
H10,newchain01,"(2, 7, 9)",newchain01_2-7-9,566.461831263057,1.0000000000004023,252,251,3232,OK,231.64754403300148,0.6318537620679329,0.2287396178970892,0.3866664285980977,0.07081280719608068,1.3078702267470395,0.9638224523809524,0.90407,0.9841492249759173,,"(2, 7, 9)",5.943769607071405,False,False
H10,newchain01,"(0, 5, 7)",newchain01_0-5-7,598.3871407327257,1.0000000000004012,251,252,3280,OK,279.22552992765407,0.5726226457212166,0.227393045100956,0.3866664285980977,0.06811966160381425,1.3519916888872652,0.9631125537848606,0.9090125,0.9945491500369549,,"(0, 5, 7)",5.291844210363828,False,False
H10,newchain01,"(1, 3, 9)",newchain01_1-3-9,590.1871141189891,1.0000000000004141,251,252,3280,OK,222.31769532754964,0.6338964714646422,0.24139307758488418,0.3866664285980977,0.09611972657167062,1.3837202844802299,0.9621831752988048,0.904505,0.9439555745407945,,"(1, 3, 9)",8.23207604480229,False,False
H10,newchain01,"(2, 5, 7)",newchain01_2-5-7,562.4491045165216,1.0000000000003972,247,249,3280,OK,337.0343178873521,0.5119601383558762,0.19659495706208513,0.3866664285980977,0.006523485526072514,0.7292161077042827,0.981006012145749,0.958874,0.8864005779302871,,"(2, 5, 7)",1.746919123600164,False,False
H10,newchain01,"(1, 3, 5)",newchain01_1-3-5,612.189077746037,1.0000000000003992,251,251,3280,OK,253.29360988272055,0.5733098478437803,0.20924841674988007,0.3866664285980977,0.03183040490166244,0.9548627678535317,0.9761799003984064,0.9457285,0.9000330469266358,,"(1, 3, 5)",4.035225561331047,False,False
H10,newchain01,"(5, 6, 7)",newchain01_5-6-7,572.1066084784487,1.0000000000004066,248,247,3280,OK,394.7287220475824,0.4582253363359656,0.1956455280071473,0.3866664285980977,0.004624627416196836,0.6964225553208465,0.9826803225806452,0.966485,0.9203235591506572,,"(5, 6, 7)",1.3723384950163493,False,False
H10,newchain01,"(1, 2, 4)",newchain01_1-2-4,589.2407111971352,1.0000000000004012,252,252,3280,OK,218.2515865373702,0.6194786029240124,0.21019784580481793,0.3866664285980977,0.03372926301153811,0.9440625012705415,0.9759780357142858,0.9426145,0.9660719508628254,,"(1, 2, 4)",4.409806189914862,False,False
H10,newchain01,"(0, 2, 4)",newchain01_0-2-4,571.8552272131578,1.0000000000004023,252,251,3232,OK,278.80496080416606,0.5739752205789898,0.227393045100956,0.3866664285980977,0.06811966160381425,1.2575002428383582,0.9653246587301587,0.913412,0.9880857117453543,,"(0, 2, 4)",5.291844210363828,False,False
H10,newchain01,"(2, 3, 6)",newchain01_2-3-6,549.3042110758956,1.0000000000004001,245,245,3232,OK,397.29720804737315,0.45759994948496185,0.19604267174834264,0.3866664285980977,0.005418914898587555,0.6202000402376237,0.9830508204081633,0.966359,0.9691102893191211,,"(2, 3, 6)",1.6496832631401122,False,False
H10,newchain01,"(2, 3, 5)",newchain01_2-3-5,558.6353863922992,1.0000000000004055,247,242,3280,OK,397.4206659977941,0.45816671915396556,0.1956455280071473,0.3866664285980977,0.0046246274161968375,0.6239607093578593,0.9834003765182187,0.9674625,0.9271734182976786,,"(2, 3, 5)",1.3723384950163493,False,False
H10,newchain01,"(1, 4, 8)",newchain01_1-4-8,646.5868353277368,1.000000000000402,251,252,3280,OK,223.67256646733404,0.6239641942776903,0.22380073454755073,0.3866664285980977,0.06093504049700372,1.419631615470232,0.961422577689243,0.897453,0.9950973218205766,,"(1, 4, 8)",7.0726932562295595,False,False
H10,newchain01,"(2, 3, 8)",newchain01_2-3-8,578.7706103812847,1.0000000000003986,250,250,3232,OK,281.0425414794002,0.5542544773086728,0.21059498954601327,0.3866664285980977,0.03452355049392883,1.0044780605093209,0.974962948,0.9417915,0.9569725246241576,,"(2, 3, 8)",4.687150958038624,False,False
H10,newchain01,"(2, 8, 9)",newchain01_2-8-9,544.4694274599664,1.0000000000003957,252,251,3232,OK,180.68060026156553,0.6953983824595438,0.242342506639822,0.3866664285980977,0.09801858468154628,1.3771866736300706,0.9626521150793651,0.903344,0.975809320526503,,"(2, 8, 9)",8.606656673386103,False,False
H10,newchain01,"(0, 1, 5)",newchain01_0-1-5,598.7651626158179,1.0000000000003963,252,251,3280,OK,223.93688566059922,0.6458272576220976,0.24099593384368875,0.3866664285980977,0.09532543908927986,1.3804777830808341,0.9624443214285714,0.9104205,0.8926136363636363,,"(0, 1, 5)",7.954731276678526,False,False
H10,newchain01,"(3, 5, 6)",newchain01_3-5-6,572.9983342739065,1.0000000000003988,246,243,3280,OK,471.2228414981876,0.40280701689219534,0.19469609895220943,0.3866664285980977,0.0027257693063211593,0.6301144000473144,0.983681162601626,0.96965,0.9453267378286905,,"(3, 5, 6)",0.9977578664325344,False,False
H10,newchain01,"(0, 1, 4)",newchain01_0-1-4,596.0900967398875,1.0000000000004015,251,251,3280,OK,223.93688566059922,0.6458272576220976,0.24099593384368875,0.3866664285980977,0.09532543908927983,1.3737136145957667,0.9626694223107569,0.910539,0.8990097159940209,,"(0, 1, 4)",7.954731276678526,False,False
H10,newchain01,"(5, 6, 9)",newchain01_5-6-9,571.0335812643236,1.0000000000004,251,252,3280,OK,265.49613601030677,0.6053799450921311,0.2264436160460182,0.3866664285980977,0.06622080349393862,1.178239137793731,0.9681045657370518,0.9141225,0.9780850263355907,,"(5, 6, 9)",4.917263581780013,False,False
H10,newchain01,"(2, 4, 8)",newchain01_2-4-8,576.8772281776036,1.0000000000004001,252,250,3232,OK,281.0425414794002,0.5542544773086729,0.21019784580481793,0.3866664285980977,0.03372926301153811,0.9745695947949139,0.975752492063492,0.9428535,0.8877440347071583,,"(2, 4, 8)",4.409806189914862,False,False
H10,newchain01,"(1, 5, 8)",newchain01_1-5-8,647.2613789718915,1.0000000000004086,251,252,3280,OK,223.6927296598088,0.6242778611479919,0.22380073454755073,0.3866664285980977,0.06093504049700372,1.4197805732911606,0.9614331633466136,0.8975345,0.9999257829894612,,"(1, 5, 8)",7.0726932562295595,False,False
H10,newchain01,"(0, 2, 5)",newchain01_0-2-5,574.001893187349,1.000000000000397,252,250,3280,OK,278.80496080416606,0.5739752205789896,0.227393045100956,0.3866664285980977,0.06811966160381425,1.2626495990569981,0.9652725912698412,0.9131905,0.8981113722947232,,"(0, 2, 5)",5.291844210363828,False,False
H10,newchain01,"(1, 2, 9)",newchain01_1-2-9,572.5552012170203,1.0000000000004077,252,252,3280,OK,186.48627696631692,0.6814546248689889,0.242342506639822,0.3866664285980977,0.09801858468154631,1.3816599367099027,0.9618564246031746,0.9024025,0.981565121209328,,"(1, 2, 9)",8.606656673386103,False,False
H10,newchain01,"(1, 2, 7)",newchain01_1-2-7,596.2270024460689,1.0000000000004006,249,252,3280,OK,180.10022917807245,0.682229601704082,0.2115444186009511,0.3866664285980977,0.03642240860380452,1.07658565299073,0.9723887510040161,0.9361155,0.8731540665638087,,"(1, 2, 7)",5.0617315866224395,False,False
H10,newchain01,"(4, 5, 6)",newchain01_4-5-6,571.8066817142518,1.0000000000003981,240,240,3280,OK,471.2228414981876,0.40280701689219545,0.19429895521101406,0.3866664285980977,0.0019314818239304394,0.5940354478806885,0.9841324375,0.972196,0.9285210439689631,,"(4, 5, 6)",0.7204130983087718,False,False
H10,newchain01,"(4, 5, 7)",newchain01_4-5-7,583.659961245286,1.0000000000004041,243,244,3280,OK,471.3047557567762,0.40571207487039346,0.1952483842659519,0.3866664285980977,0.0038303399338061165,0.7158565794059677,0.9821056790123457,0.9653945,0.948204826368452,,"(4, 5, 7)",1.0949937268925862,False,False
H10,newchain01,"(2, 5, 6)",newchain01_2-5-6,548.2421731813174,1.0000000000004,240,240,3280,OK,391.79054856676566,0.4577193314064967,0.1956455280071473,0.3866664285980977,0.0046246274161968375,0.5800638185784855,0.983703275,0.969461,0.9891245241979336,,"(2, 5, 6)",1.3723384950163495,False,False
H10,newchain01,"(0, 5, 8)",newchain01_0-5-8,585.3350977795664,1.0000000000003975,252,252,3280,OK,278.4337784059092,0.5541989080225032,0.24099593384368875,0.3866664285980977,0.09532543908927983,1.4612545322695498,0.9609645357142858,0.9027845,0.9981145627581254,,"(0, 5, 8)",7.954731276678526,False,False
H10,newchain01,"(0, 7, 8)",newchain01_0-7-8,595.2846076332836,1.000000000000397,252,252,3232,OK,189.46442781743312,0.6720365310299663,0.242342506639822,0.3866664285980977,0.09801858468154624,1.5778984777471154,0.9570425119047619,0.895987,0.9435926867262442,,"(0, 7, 8)",8.606656673386103,False,False
H10,newchain01,"(1, 3, 4)",newchain01_1-3-4,609.7616313800422,1.0000000000003997,250,252,3280,OK,253.29360988272055,0.5733098478437803,0.20924841674988007,0.3866664285980977,0.03183040490166244,0.9512697436842681,0.97616698,0.9455875,0.8933637697700962,,"(1, 3, 4)",4.035225561331047,False,False
H10,newchain01,"(0, 6, 8)",newchain01_0-6-8,577.4197236465782,1.0000000000003924,252,252,3232,OK,278.3711162894802,0.5609268961125324,0.24139307758488415,0.3866664285980977,0.09611972657167055,1.4714243257982595,0.9605153650793651,0.90135,0.9982988629241651,,"(0, 6, 8)",8.23207604480229,False,False
H10,newchain01,"(1, 8, 9)",newchain01_1-8-9,594.3131565194317,1.0000000000004006,252,252,3280,OK,178.2405601186028,0.7064592531680641,0.2559453953825548,0.3866664285980977,0.1252243621670119,1.6610136013091095,0.9524414087301587,0.875414,0.9991359829855111,,"(1, 8, 9)",11.2695437397008,False,False
H10,newchain01,"(3, 5, 7)",newchain01_3-5-7,584.9372818086449,1.0000000000003957,245,246,3280,OK,398.9493249484219,0.4587343742335104,0.1956455280071473,0.3866664285980977,0.004624627416196836,0.7467147605726883,0.981740987755102,0.9632205,0.9271142800554565,,"(3, 5, 7)",1.372338495016349,False,False
H10,newchain01,"(3, 4, 7)",newchain01_3-4-7,584.8469303716515,1.0000000000003937,247,248,3232,OK,398.9493249484219,0.4587343742335103,0.1956455280071473,0.3866664285980977,0.004624627416196836,0.7504233391520635,0.9818155182186235,0.963149,0.923951048951049,,"(3, 4, 7)",1.3723384950163489,False,False
H10,newchain01,"(4, 6, 7)",newchain01_4-6-7,571.9487653498447,1.0000000000003972,243,248,3230,OK,471.3047557567762,0.4057120748703935,0.1956455280071473,0.3866664285980977,0.004624627416196836,0.6996035266734303,0.9823138683127572,0.9660875,0.8835274542429284,,"(4, 6, 7)",1.372338495016349,False,False
H10,newchain01,"(0, 2, 9)",newchain01_0-2-9,613.6992718362854,1.0000000000003946,252,252,3232,OK,269.11301042851045,0.5920710763155146,0.2595377059359601,0.3866664285980977,0.13240898327382242,2.2434494375744953,0.9334308293650794,0.831726,0.999904929410087,,"(0, 2, 9)",9.488694693835068,False,False
H10,newchain01,"(0, 1, 9)",newchain01_0-1-9,613.0039616293415,1.0000000000003986,252,252,3280,OK,176.23536983983445,0.7172772082981433,0.2731405946786929,0.3866664285980977,0.15961476075928802,2.2629806102957093,0.9314796825396825,0.8329845,0.9330793278624463,,"(0, 1, 9)",12.151581760149767,False,False
H10,newchain01,(),newchain01_floor,591.6326464907255,1.0000000000004028,228,226,3230,OK,471.2228414981876,0.4028070168921954,0.19333321429904884,0.3866664285980977,0.0,0.5876710455540683,0.9842405175438597,0.974515,0.8287147004486672,,(),,True,False
H10,newchain01,"(0, 1, 8)",newchain01_0-1-8,606.9016094585828,1.0000000000004003,252,252,3280,OK,188.67860167227857,0.6716555620792635,0.2559453953825548,0.3866664285980977,0.12522436216701183,1.7303745219249735,0.9488573253968254,0.8678675,0.9874820950364327,,"(0, 1, 8)",11.2695437397008,False,False
H10,newchain01,"(0, 8, 9)",newchain01_0-8-9,586.7546782424995,1.000000000000402,252,252,3232,OK,270.2141535380269,0.5903019418905469,0.2731405946786929,0.3866664285980977,0.15961476075928802,2.3000983779285185,0.9307669007936508,0.8322535,0.9890832352583093,,"(0, 8, 9)",12.151581760149767,False,False
H10,newchain02,"(3, 7, 9)",newchain02_3-7-9,516.3903179574785,1.0000000000004057,252,252,3332,OK,227.6596338574981,0.6413145229815228,0.20928026428950494,0.34964657949280487,0.06891394908620502,1.278794977069336,0.9634959444444444,0.9080885,0.9894888150211122,,"(3, 7, 9)",5.56918897848759,False,False
H10,newchain02,"(0, 2, 8)",newchain02_0-2-8,526.4749430372007,1.0000000000004052,252,252,3282,OK,170.47919991611238,0.7084680007286546,0.22383258208717555,0.34964657949280487,0.09801858468154624,1.5393923988036466,0.9558118015873016,0.8947805,0.9690025831180735,,"(0, 2, 8)",8.606656673386103,False,False
H10,newchain02,"(1, 2, 3)",newchain02_1-2-3,645.5182369748131,1.0000000000004101,252,252,3332,OK,368.6820949393441,0.4520619673113701,0.19208506499336686,0.34964657949280487,0.03452355049392884,1.4586771864183317,0.960934376984127,0.911182,0.912224487814351,,"(1, 2, 3)",4.687150958038624,False,False
H10,newchain02,"(4, 6, 9)",newchain02_4-6-9,547.4752556192257,1.0000000000003988,252,252,3282,OK,279.9459604451924,0.5766041053381085,0.20793369149337174,0.34964657949280487,0.06622080349393862,1.319199720955039,0.962455376984127,0.9092245,0.8829877634262406,,"(4, 6, 9)",4.917263581780013,False,False
H10,newchain02,"(2, 4, 9)",newchain02_2-4-9,551.0456654995899,1.0000000000004057,252,252,3282,OK,233.5171034356165,0.6243122469018403,0.2088831205483096,0.34964657949280487,0.06811966160381429,1.3886839637442772,0.9597646111111111,0.901091,0.9535590991287194,,"(2, 4, 9)",5.291844210363828,False,False
H10,newchain02,"(0, 3, 7)",newchain02_0-3-7,548.0132350759952,1.0000000000004003,252,252,3332,OK,217.47418667040552,0.6620510959490966,0.20928026428950494,0.34964657949280487,0.06891394908620498,1.43480344163703,0.959415623015873,0.8993625,0.9961623742111547,,"(0, 3, 7)",5.56918897848759,False,False
H10,newchain02,"(2, 7, 9)",newchain02_2-7-9,532.845801533945,1.0000000000004041,252,252,3282,OK,180.7214094117855,0.6828004817478431,0.2102296933444428,0.34964657949280487,0.07081280719608068,1.4075142296492116,0.9588853650793651,0.8975575,0.921989121989122,,"(2, 7, 9)",5.943769607071405,False,False
H10,newchain02,"(1, 3, 9)",newchain02_1-3-9,587.1741091256695,1.0000000000004114,252,252,3332,OK,220.58152725607982,0.6185183807387892,0.22288315303223774,0.34964657949280487,0.09611972657167062,1.632702603389304,0.9538148095238095,0.89368,0.9054180488219784,,"(1, 3, 9)",8.23207604480229,False,False
H10,newchain02,"(0, 5, 7)",newchain02_0-5-7,559.1192411053436,1.0000000000004068,252,252,3282,OK,218.45406105994502,0.6573299911958628,0.20888312054830957,0.34964657949280487,0.06811966160381425,1.4480131481846,0.9590675277777778,0.8990745,0.9786556502280747,,"(0, 5, 7)",5.291844210363828,False,False
H10,newchain02,"(2, 5, 7)",newchain02_2-5-7,553.0356502361791,1.0000000000004017,250,250,3282,OK,301.9401074209744,0.5066039520044903,0.1780850325094387,0.34964657949280487,0.006523485526072514,0.9402680082147831,0.975111648,0.9445415,0.9874613846992549,,"(2, 5, 7)",1.746919123600164,False,False
H10,newchain02,"(5, 6, 7)",newchain02_5-6-7,548.0173027875512,1.0000000000004092,249,247,3282,OK,372.31776279914453,0.4713301046653705,0.17713560345450086,0.34964657949280487,0.004624627416196836,0.8248888617878987,0.9783744979919679,0.9536505,0.9153183441899558,,"(5, 6, 7)",1.3723384950163493,False,False
H10,newchain02,"(1, 3, 5)",newchain02_1-3-5,635.7428353731418,1.0000000000004006,250,252,3332,OK,368.6820949393441,0.45206196731137,0.19073849219723366,0.34964657949280487,0.03183040490166244,1.3276965229282336,0.9652064,0.924133,0.8630373073803731,,"(1, 3, 5)",4.035225561331047,False,False
H10,newchain02,"(1, 2, 4)",newchain02_1-2-4,647.5009647846895,1.000000000000406,251,252,3282,OK,368.6820949393441,0.4520619673113701,0.1916879212521715,0.34964657949280487,0.03372926301153811,1.445369805543558,0.9612037928286853,0.912663,0.9343916407113433,,"(1, 2, 4)",4.409806189914862,False,False
H10,newchain02,"(0, 2, 4)",newchain02_0-2-4,584.0329790456647,1.000000000000401,252,252,3282,OK,217.05249847760211,0.661384164224307,0.20888312054830957,0.34964657949280487,0.06811966160381425,1.5416464146433706,0.955807753968254,0.895309,0.9667253373564664,,"(0, 2, 4)",5.291844210363828,False,False
H10,newchain02,"(1, 4, 8)",newchain02_1-4-8,616.9149249993095,1.000000000000402,252,252,3282,OK,212.4089961936315,0.6335763500470845,0.2052908099949043,0.34964657949280487,0.06093504049700372,1.5537973884930172,0.9542292222222222,0.878761,0.9761921991461032,,"(1, 4, 8)",7.0726932562295595,False,False
H10,newchain02,"(2, 3, 6)",newchain02_2-3-6,568.7171576226211,1.0000000000004021,251,252,3332,OK,370.44508664058816,0.46445039631820895,0.17753274719569623,0.34964657949280487,0.005418914898587555,0.9511690621651926,0.9754838804780877,0.948096,0.9475964514132453,,"(2, 3, 6)",1.6496832631401122,False,False
H10,newchain02,"(2, 8, 9)",newchain02_2-8-9,491.0028467924086,1.0000000000004028,252,252,3282,OK,180.9479329435204,0.6834117040034186,0.2238325820871756,0.34964657949280487,0.09801858468154628,1.3727982428228223,0.959096,0.8964275,0.9586689447563258,,"(2, 8, 9)",8.606656673386103,False,False
H10,newchain02,"(2, 3, 8)",newchain02_2-3-8,532.5406951206935,1.0000000000004101,252,252,3332,OK,275.6111894238771,0.5676321695206378,0.19208506499336686,0.34964657949280487,0.03452355049392883,1.0321986785197628,0.9710259087301587,0.929777,0.9901765375854215,,"(2, 3, 8)",4.687150958038624,False,False
H10,newchain02,"(0, 1, 4)",newchain02_0-1-4,623.0759245410402,1.000000000000406,252,252,3282,OK,266.52467244554765,0.5880891405568266,0.22248600929104237,0.34964657949280487,0.09532543908927983,1.7624744380697224,0.9478362301587302,0.8763175,0.9959768265207596,,"(0, 1, 4)",7.954731276678526,False,False
H10,newchain02,"(0, 1, 5)",newchain02_0-1-5,629.7287023411027,1.000000000000406,252,252,3282,OK,266.3610349082797,0.5821042565729267,0.22248600929104237,0.34964657949280487,0.09532543908927986,1.7798419548522513,0.9474084087301587,0.8760175,0.9811516652024599,,"(0, 1, 5)",7.954731276678526,False,False
H10,newchain02,"(2, 3, 5)",newchain02_2-3-5,567.474278190752,1.0000000000004,251,248,3332,OK,375.6047217735237,0.45766408215116805,0.17713560345450086,0.34964657949280487,0.0046246274161968375,0.9157490408355667,0.9766202470119522,0.952088,0.9803410705826623,,"(2, 3, 5)",1.3723384950163493,False,False
H10,newchain02,"(3, 5, 6)",newchain02_3-5-6,566.3152480086567,1.0000000000004088,250,245,3332,OK,371.04749121888415,0.47258836449376546,0.17618617439956302,0.34964657949280487,0.0027257693063211593,0.8389954322278746,0.978658228,0.955453,0.9122046390635161,,"(3, 5, 6)",0.9977578664325344,False,False
H10,newchain02,"(2, 4, 8)",newchain02_2-4-8,537.6428234818986,1.000000000000408,252,251,3282,OK,267.95520146849674,0.5773714523703799,0.1916879212521715,0.34964657949280487,0.03372926301153811,1.030961451603532,0.971224369047619,0.93063,0.9239475500345066,,"(2, 4, 8)",4.409806189914862,False,False
H10,newchain02,"(1, 2, 9)",newchain02_1-2-9,606.6784996161721,1.0000000000004037,252,252,3282,OK,220.58152725607982,0.6185183807387892,0.2238325820871756,0.34964657949280487,0.09801858468154631,1.7497717649300863,0.9490314841269841,0.8842405,0.9010909674314135,,"(1, 2, 9)",8.606656673386103,False,False
H10,newchain02,"(5, 6, 9)",newchain02_5-6-9,552.1950733980034,1.0000000000004092,252,252,3282,OK,279.9459604451924,0.5766041053381085,0.20793369149337174,0.34964657949280487,0.06622080349393862,1.333513360788881,0.9619643253968254,0.907501,0.9490618972470629,,"(5, 6, 9)",4.917263581780013,False,False
H10,newchain02,"(1, 2, 7)",newchain02_1-2-7,627.4267445671082,1.0000000000003992,252,252,3282,OK,219.03899004587936,0.6131660393344314,0.1930344940483047,0.34964657949280487,0.03642240860380452,1.4723062799592062,0.959577865079365,0.904814,0.9828554537392846,,"(1, 2, 7)",5.0617315866224395,False,False
H10,newchain02,"(4, 5, 7)",newchain02_4-5-7,543.6418808814967,1.0000000000003992,247,249,3282,OK,369.99990347351996,0.4829410842433418,0.17673845971330548,0.34964657949280487,0.0038303399338061165,0.7826207964960237,0.9792364858299595,0.9568825,0.9589875790953831,,"(4, 5, 7)",1.0949937268925862,False,False
H10,newchain02,"(1, 5, 8)",newchain02_1-5-8,622.2136027651786,1.0000000000004061,252,252,3282,OK,224.55519873383435,0.6183273110582781,0.2052908099949043,0.34964657949280487,0.06093504049700372,1.568597721498831,0.9536463968253969,0.8779705,0.9914661443760493,,"(1, 5, 8)",7.0726932562295595,False,False
H10,newchain02,"(4, 5, 6)",newchain02_4-5-6,573.0242859590762,1.0000000000004092,245,248,3282,OK,370.9492068298879,0.46367118228020854,0.17578903065836765,0.34964657949280487,0.0019314818239304394,0.839288873790303,0.9785928612244897,0.9571215,0.953858717844018,,"(4, 5, 6)",0.7204130983087718,False,False
H10,newchain02,"(0, 2, 5)",newchain02_0-2-5,590.8322432763154,1.0000000000004126,252,252,3282,OK,217.05249847760211,0.661384164224307,0.20888312054830957,0.34964657949280487,0.06811966160381425,1.5605071968114348,0.9554124047619048,0.8943285,0.9931392235609103,,"(0, 2, 5)",5.291844210363828,False,False
H10,newchain02,"(2, 5, 6)",newchain02_2-5-6,579.9922035348733,1.0000000000003997,250,250,3282,OK,375.6702119756339,0.4485854504621289,0.17713560345450086,0.34964657949280487,0.0046246274161968375,0.9662897614228791,0.975497848,0.948984,0.9589899713467048,,"(2, 5, 6)",1.3723384950163495,False,False
H10,newchain02,"(0, 5, 8)",newchain02_0-5-8,525.542435944808,1.0000000000004072,252,252,3282,OK,274.9855412688875,0.5931782803102723,0.22248600929104237,0.34964657949280487,0.09532543908927983,1.4403197837913588,0.9596275753968254,0.9026185,0.9972991222147198,,"(0, 5, 8)",7.954731276678526,False,False
H10,newchain02,"(0, 7, 8)",newchain02_0-7-8,507.0520690057938,1.0000000000004055,252,252,3282,OK,223.28503966233714,0.6474146365682987,0.22383258208717555,0.34964657949280487,0.09801858468154624,1.4767567237647408,0.957565503968254,0.8954015,0.9895256232686981,,"(0, 7, 8)",8.606656673386103,False,False
H10,newchain02,"(1, 3, 4)",newchain02_1-3-4,629.6699202909934,1.0000000000003952,252,252,3332,OK,368.6820949393441,0.4520619673113701,0.19073849219723366,0.34964657949280487,0.03183040490166244,1.308553739610151,0.9657419007936507,0.924593,0.8623762376237624,,"(1, 3, 4)",4.035225561331047,False,False
H10,newchain02,"(3, 4, 7)",newchain02_3-4-7,532.7816479843648,1.0000000000004021,250,250,3332,OK,369.8791349620585,0.48333867611224707,0.17713560345450086,0.34964657949280487,0.004624627416196836,0.7589063368810964,0.979953724,0.958546,0.7931599906301241,,"(3, 4, 7)",1.3723384950163489,False,False
H10,newchain02,"(0, 6, 8)",newchain02_0-6-8,528.0214599537345,1.0000000000004046,252,252,3282,OK,223.28503966233714,0.6474146365682989,0.2228831530322377,0.34964657949280487,0.09611972657167055,1.478650016340522,0.9584069563492064,0.901173,0.9623529411764706,,"(0, 6, 8)",8.23207604480229,False,False
H10,newchain02,"(3, 5, 7)",newchain02_3-5-7,537.2016304189353,1.0000000000004101,250,248,3332,OK,369.8791349620585,0.483338676112247,0.17713560345450086,0.34964657949280487,0.004624627416196836,0.7779544069916048,0.97942436,0.956887,0.9333174565372708,,"(3, 5, 7)",1.372338495016349,False,False
H10,newchain02,"(4, 6, 7)",newchain02_4-6-7,543.3607828254007,1.0000000000004003,249,252,3282,OK,372.31776279914453,0.4713301046653705,0.17713560345450086,0.34964657949280487,0.004624627416196836,0.807606575381167,0.9787256867469879,0.9555735,0.9941043083900227,,"(4, 6, 7)",1.372338495016349,False,False
H10,newchain02,"(1, 8, 9)",newchain02_1-8-9,547.9977428336449,1.0000000000004021,252,252,3282,OK,189.7567004174796,0.6736850046099183,0.23743547082990837,0.34964657949280487,0.1252243621670119,1.7439888549117124,0.9457114880952381,0.865872,0.9558842610613728,,"(1, 8, 9)",11.2695437397008,False,False
H10,newchain02,"(0, 2, 9)",newchain02_0-2-9,600.5351724647801,1.000000000000406,252,252,3282,OK,218.83646420245117,0.6567757019474578,0.24102778138331363,0.34964657949280487,0.13240898327382242,2.412788013635489,0.921148753968254,0.81277,0.9858652059082461,,"(0, 2, 9)",9.488694693835068,False,False
H10,newchain02,"(0, 1, 9)",newchain02_0-1-9,612.0127917742906,1.0000000000004028,252,252,3282,OK,219.11468567113258,0.6556807640010411,0.25463067012604645,0.34964657949280487,0.15961476075928802,2.5008933447452066,0.9165226230158731,0.8057935,0.9700330803658299,,"(0, 1, 9)",12.151581760149767,False,False
H10,newchain02,(),newchain02_floor,583.6643957985679,1.0000000000004101,239,237,3282,OK,369.1988378122062,0.4832260682011746,0.17482328974640243,0.34964657949280487,0.0,0.7855227247520716,0.9800018912133891,0.960854,0.9475184041795298,,(),,True,False
H10,newchain02,"(0, 1, 8)",newchain02_0-1-8,581.2905063404168,1.0000000000004103,252,252,3282,OK,262.11217742264915,0.593649195017505,0.23743547082990837,0.34964657949280487,0.12522436216701183,1.878067576881655,0.9412181468253968,0.856771,0.9989632249801793,,"(0, 1, 8)",11.2695437397008,False,False
H10,newchain02,"(0, 8, 9)",newchain02_0-8-9,506.61038479532647,1.0000000000004068,252,252,3282,OK,173.0256136171082,0.7239801473510928,0.25463067012604645,0.34964657949280487,0.15961476075928802,2.2411962002520593,0.9305183849206349,0.8317395,0.9656965749106955,,"(0, 8, 9)",12.151581760149767,False,False
H10,newchain03,"(1, 2, 3)",newchain03_1-2-3,528.5242744583325,1.0000000000003986,237,241,3332,OK,189.69369832535943,0.67292629419336,0.2312137362414964,0.42790392198906396,0.03452355049392884,0.7546343388455409,0.9809652616033755,0.96141,0.9299964374777342,,"(1, 2, 3)",4.687150958038624,False,False
H10,newchain03,"(3, 7, 9)",newchain03_3-7-9,516.1077145215893,1.0000000000004035,247,247,3282,OK,281.47626191630513,0.5696885688433813,0.2484089355376345,0.42790392198906396,0.06891394908620502,1.084727631764382,0.9732883967611337,0.932917,0.9996396071718173,,"(3, 7, 9)",5.56918897848759,False,False
H10,newchain03,"(0, 2, 8)",newchain03_0-2-8,512.2331857345674,1.0000000000003944,250,250,3282,OK,229.6378691244021,0.625721219075515,0.2629612533353051,0.42790392198906396,0.09801858468154624,1.3739584856198728,0.967038176,0.9199165,0.9966131644824032,,"(0, 2, 8)",8.606656673386103,False,False
H10,newchain03,"(2, 4, 9)",newchain03_2-4-9,511.04552667222333,1.0000000000004097,246,246,3282,OK,264.1729990634758,0.6084831653806585,0.24801179179643915,0.42790392198906396,0.06811966160381429,1.0318187764693243,0.9750766341463415,0.9395325,0.8871031354762374,,"(2, 4, 9)",5.291844210363828,False,False
H10,newchain03,"(4, 6, 9)",newchain03_4-6-9,511.9216909652042,1.0000000000004015,245,247,3282,OK,264.1729990634758,0.6084831653806585,0.24706236274150128,0.42790392198906396,0.06622080349393862,0.9747491952610524,0.9768675959183674,0.9458475,0.9713615023474178,,"(4, 6, 9)",4.917263581780013,False,False
H10,newchain03,"(0, 3, 7)",newchain03_0-3-7,520.230008204111,1.0000000000004026,245,245,3282,OK,270.1184614950716,0.590181138314209,0.2484089355376345,0.42790392198906396,0.06891394908620498,1.1241806758364028,0.9729213836734694,0.931325,0.9710841189267585,,"(0, 3, 7)",5.56918897848759,False,False
H10,newchain03,"(1, 3, 9)",newchain03_1-3-9,519.4746946679096,1.0000000000004101,247,248,3332,OK,178.73498837171908,0.7098115280714548,0.2620118242803673,0.42790392198906396,0.09611972657167062,1.1341044260794717,0.9717032955465587,0.9303885,0.9338049078683085,,"(1, 3, 9)",8.23207604480229,False,False
H10,newchain03,"(2, 7, 9)",newchain03_2-7-9,506.2893392095633,1.0000000000003992,248,246,3282,OK,228.13967093653176,0.6372569348725529,0.24935836459257235,0.42790392198906396,0.07081280719608068,1.1238532270523889,0.9719821048387097,0.928325,0.9888947646747752,,"(2, 7, 9)",5.943769607071405,False,False
H10,newchain03,"(2, 5, 7)",newchain03_2-5-7,496.7360253819839,1.0000000000003981,236,234,3282,OK,227.1234723789757,0.6124720204594835,0.2172137037575682,0.42790392198906396,0.006523485526072514,0.5012883497499232,0.9859144237288135,0.9758215,0.7373954599761051,,"(2, 5, 7)",1.746919123600164,False,False
H10,newchain03,"(1, 3, 5)",newchain03_1-3-5,534.8161413492934,1.0000000000004,240,240,3332,OK,189.69369832535943,0.67292629419336,0.22986716344536323,0.42790392198906396,0.03183040490166244,0.6629667129304598,0.9832538083333333,0.96678,0.9200747353124351,,"(1, 3, 5)",4.035225561331047,False,False
H10,newchain03,"(0, 5, 7)",newchain03_0-5-7,519.7250534177505,1.0000000000004017,244,245,3282,OK,270.1184614950716,0.5901811383142089,0.24801179179643912,0.42790392198906396,0.06811966160381425,1.0993678614397633,0.973236118852459,0.933258,0.952630643441166,,"(0, 5, 7)",5.291844210363828,False,False
H10,newchain03,"(5, 6, 7)",newchain03_5-6-7,496.92627532360586,1.0000000000003952,232,225,3282,OK,260.79778206664093,0.57148168563555,0.2162642747026304,0.42790392198906396,0.004624627416196836,0.4027114587581446,0.9877233146551724,0.980331,0.9937286202964652,,"(5, 6, 7)",1.3723384950163493,False,False
H10,newchain03,"(1, 2, 4)",newchain03_1-2-4,523.010714890181,1.0000000000004043,244,246,3332,OK,189.69369832535943,0.6729262941933603,0.23081659250030104,0.42790392198906396,0.03372926301153811,0.705699055936149,0.9822256598360656,0.962403,0.9647103950901419,,"(1, 2, 4)",4.409806189914862,False,False
H10,newchain03,"(0, 2, 4)",newchain03_0-2-4,513.4064603731323,1.0000000000004063,247,238,3282,OK,219.6184976966684,0.6561019737276735,0.24801179179643912,0.42790392198906396,0.06811966160381425,1.077976336430637,0.9740354493927126,0.935131,0.9541788531418949,,"(0, 2, 4)",5.291844210363828,False,False
H10,newchain03,"(2, 3, 6)",newchain03_2-3-6,495.6733996404408,1.0000000000003986,230,231,3282,OK,275.58553780588204,0.5624695967387054,0.21666141844382575,0.42790392198906396,0.005418914898587555,0.4334389492334813,0.9866448565217392,0.977274,0.9527930763178599,,"(2, 3, 6)",1.6496832631401122,False,False
H10,newchain03,"(2, 3, 5)",newchain03_2-3-5,503.81199806873855,1.0000000000003968,228,229,3282,OK,274.3264489544179,0.5663375556293965,0.2162642747026304,0.42790392198906396,0.0046246274161968375,0.4311923899946809,0.9869289385964912,0.978666,0.9606529928840519,,"(2, 3, 5)",1.3723384950163493,False,False
H10,newchain03,"(1, 4, 8)",newchain03_1-4-8,581.6270237548755,1.0000000000004017,249,248,3332,OK,178.4864263062298,0.7029388581649657,0.24441948124303384,0.42790392198906396,0.06093504049700372,1.228150777143905,0.970050453815261,0.9261425,0.995155809413636,,"(1, 4, 8)",7.0726932562295595,False,False
H10,newchain03,"(2, 8, 9)",newchain03_2-8-9,503.5320350337811,1.000000000000402,250,247,3282,OK,235.6297701413368,0.6120774607980612,0.2629612533353051,0.42790392198906396,0.09801858468154628,1.3031822009295941,0.967900912,0.9201095,0.9661153691004437,,"(2, 8, 9)",8.606656673386103,False,False
H10,newchain03,"(2, 3, 8)",newchain03_2-3-8,534.2906094820617,1.0000000000003992,242,244,3282,OK,231.19780067005635,0.625435093665625,0.2312137362414964,0.42790392198906396,0.03452355049392883,0.9119551758279957,0.9790142438016529,0.958308,0.8585845347313237,,"(2, 3, 8)",4.687150958038624,False,False
H10,newchain03,"(0, 1, 5)",newchain03_0-1-5,517.1858038826329,1.0000000000003983,247,247,3332,OK,181.69308891300685,0.6973050149992215,0.2616146805391719,0.42790392198906396,0.09532543908927986,1.1109372314591737,0.973392008097166,0.937795,0.9546579546579547,,"(0, 1, 5)",7.954731276678526,False,False
H10,newchain03,"(0, 1, 4)",newchain03_0-1-4,514.290951676152,1.0000000000004068,249,246,3332,OK,181.69308891300685,0.6973050149992216,0.2616146805391719,0.42790392198906396,0.09532543908927983,1.1028495175024318,0.9736426746987952,0.937625,0.9170360377722104,,"(0, 1, 4)",7.954731276678526,False,False
H10,newchain03,"(3, 5, 6)",newchain03_3-5-6,508.6726537967143,1.0000000000004066,224,220,3282,OK,257.7917130540559,0.5832397274906453,0.21531484564769257,0.42790392198906396,0.0027257693063211593,0.3763201318443903,0.98784853125,0.981597,0.985827664399093,,"(3, 5, 6)",0.9977578664325344,False,False
H10,newchain03,"(5, 6, 9)",newchain03_5-6-9,512.1756564404168,1.0000000000004023,244,247,3282,OK,264.1729990634758,0.6084831653806585,0.24706236274150128,0.42790392198906396,0.06622080349393862,0.9749689733912202,0.9767040040983607,0.946016,0.9076069213189684,,"(5, 6, 9)",4.917263581780013,False,False
H10,newchain03,"(1, 5, 8)",newchain03_1-5-8,582.5252262720122,1.0000000000003966,248,248,3332,OK,178.4864263062298,0.7029388581649656,0.24441948124303384,0.42790392198906396,0.06093504049700372,1.2314942630474393,0.9698765080645161,0.926088,0.9930311085566492,,"(1, 5, 8)",7.0726932562295595,False,False
H10,newchain03,"(1, 2, 9)",newchain03_1-2-9,512.4322049036723,1.0000000000003995,246,248,3332,OK,184.07027874691016,0.692567862472053,0.2629612533353051,0.42790392198906396,0.09801858468154631,1.1827125955482034,0.9700314227642276,0.9275455,0.9945088468578401,,"(1, 2, 9)",8.606656673386103,False,False
H10,newchain03,"(2, 4, 8)",newchain03_2-4-8,531.7886164321699,1.0000000000003977,248,247,3282,OK,231.19780067005635,0.625435093665625,0.23081659250030104,0.42790392198906396,0.03372926301153811,0.8835647122979181,0.9800229475806451,0.9587305,0.961978273299028,,"(2, 4, 8)",4.409806189914862,False,False
H10,newchain03,"(1, 2, 7)",newchain03_1-2-7,519.1282788384921,1.0000000000004008,245,243,3332,OK,189.452227226929,0.6765562583757638,0.23216316529643427,0.42790392198906396,0.03642240860380452,0.8068702487395348,0.9803893265306123,0.959984,0.9008365284071105,,"(1, 2, 7)",5.0617315866224395,False,False
H10,newchain03,"(0, 2, 5)",newchain03_0-2-5,516.2369620044008,1.0000000000004023,248,241,3282,OK,225.18777772413756,0.6390793223994586,0.24801179179643912,0.42790392198906396,0.06811966160381425,1.0888748447415408,0.9740590846774193,0.9354615,0.9977967744778355,,"(0, 2, 5)",5.291844210363828,False,False
H10,newchain03,"(4, 5, 7)",newchain03_4-5-7,507.1580509754137,1.000000000000404,230,225,3282,OK,283.9543826796822,0.5671138159408622,0.21586713096143503,0.42790392198906396,0.0038303399338061165,0.41438274469943637,0.9876915260869565,0.9813075,0.9751088985687617,,"(4, 5, 7)",1.0949937268925862,False,False
H10,newchain03,"(4, 5, 6)",newchain03_4-5-6,507.59311706024414,1.0000000000004015,209,212,3282,OK,377.03604243410194,0.4697151092926809,0.21491770190649723,0.42790392198906396,0.0019314818239304394,0.34122672689236305,0.9874811578947369,0.982774,0.9113110539845758,,"(4, 5, 6)",0.7204130983087718,False,False
H10,newchain03,"(2, 5, 6)",newchain03_2-5-6,495.0171449812837,1.0000000000004012,229,234,3282,OK,272.9389372523867,0.5674331873851108,0.2162642747026304,0.42790392198906396,0.0046246274161968375,0.4011638715535721,0.9870536244541485,0.978335,0.9139633286318759,,"(2, 5, 6)",1.3723384950163495,False,False
H10,newchain03,"(0, 5, 8)",newchain03_0-5-8,526.5473418436164,1.0000000000004066,244,247,3282,OK,227.38567542636633,0.627236408012714,0.2616146805391719,0.42790392198906396,0.09532543908927983,1.3174493164008891,0.9688737336065574,0.925157,0.9912185330768587,,"(0, 5, 8)",7.954731276678526,False,False
H10,newchain03,"(0, 6, 8)",newchain03_0-6-8,519.4510914514163,1.0000000000004006,251,249,3282,OK,269.1452012822362,0.5685558974932013,0.26201182428036723,0.42790392198906396,0.09611972657167055,1.336138051718924,0.9689189442231075,0.9232595,0.9641609719058466,,"(0, 6, 8)",8.23207604480229,False,False
H10,newchain03,"(0, 7, 8)",newchain03_0-7-8,527.130351119836,1.0000000000003997,248,250,3282,OK,231.7025872727001,0.6235717979440998,0.2629612533353051,0.42790392198906396,0.09801858468154624,1.4157106793667988,0.9658766330645161,0.916411,0.9831946483928863,,"(0, 7, 8)",8.606656673386103,False,False
H10,newchain03,"(1, 3, 4)",newchain03_1-3-4,532.5999880240681,1.000000000000401,241,236,3332,OK,189.69369832535943,0.67292629419336,0.22986716344536323,0.42790392198906396,0.03183040490166244,0.6552963115083322,0.9833590829875518,0.96699,0.8620030581039755,,"(1, 3, 4)",4.035225561331047,False,False
H10,newchain03,"(1, 8, 9)",newchain03_1-8-9,534.2502506565854,1.0000000000004032,250,250,3332,OK,183.6043186406462,0.6888199367228987,0.2765641420780379,0.42790392198906396,0.1252243621670119,1.496695471846212,0.960785368,0.8999415,0.9768311369904995,,"(1, 8, 9)",11.2695437397008,False,False
H10,newchain03,"(3, 4, 7)",newchain03_3-4-7,508.6435458906564,1.0000000000003983,230,231,3282,OK,204.39833563066313,0.632373278229349,0.2162642747026304,0.42790392198906396,0.004624627416196836,0.44386510144999064,0.987496147826087,0.981956,0.999484270242393,,"(3, 4, 7)",1.3723384950163489,False,False
H10,newchain03,"(3, 5, 7)",newchain03_3-5-7,508.4354190524376,1.000000000000394,234,228,3282,OK,262.21620579019424,0.5675609705743864,0.2162642747026304,0.42790392198906396,0.004624627416196836,0.4436137030608977,0.9877681324786325,0.981825,0.9860752965446106,,"(3, 5, 7)",1.372338495016349,False,False
H10,newchain03,"(4, 6, 7)",newchain03_4-6-7,496.89545620429067,1.0000000000004032,231,231,3282,OK,273.63553426550703,0.564496689004989,0.2162642747026304,0.42790392198906396,0.004624627416196836,0.40266310057697935,0.9876568398268398,0.9808875,0.9670022371364653,,"(4, 6, 7)",1.372338495016349,False,False
H10,newchain03,"(0, 2, 9)",newchain03_0-2-9,559.049371211823,1.0000000000003983,252,250,3282,OK,264.2612795514685,0.6074465999219445,0.2801564526314432,0.42790392198906396,0.13240898327382242,2.108393414404373,0.9451035277777777,0.8541465,0.9703425621773815,,"(0, 2, 9)",9.488694693835068,False,False
H10,newchain03,"(0, 1, 9)",newchain03_0-1-9,537.3945702514824,1.000000000000401,248,252,3332,OK,220.30653619229312,0.6546565313178073,0.293759341374176,0.42790392198906396,0.15961476075928802,2.0557172519569114,0.9455558508064517,0.8618405,0.9889641334336594,,"(0, 1, 9)",12.151581760149767,False,False
H10,newchain03,"(0, 8, 9)",newchain03_0-8-9,529.9673657341967,1.0000000000004052,251,252,3282,OK,268.6244978225769,0.5938151470585507,0.293759341374176,0.42790392198906396,0.15961476075928802,2.185988109034731,0.9411911354581673,0.8521195,0.9594915656925636,,"(0, 8, 9)",12.151581760149767,False,False
H10,newchain03,"(0, 1, 8)",newchain03_0-1-8,535.584331107807,1.000000000000395,251,250,3332,OK,183.60663772915763,0.6886036055818141,0.2765641420780379,0.42790392198906396,0.12522436216701183,1.5493741374394634,0.959847235059761,0.89638,0.9369579520306238,,"(0, 1, 8)",11.2695437397008,False,False
H10,newchain03,(),newchain03_floor,526.6438968814349,1.0000000000004043,202,201,3282,OK,387.22147746196447,0.46376536586842987,0.21395196099453198,0.42790392198906396,0.0,0.32516362837352353,0.9883215940594059,0.9855375,0.9707646176911544,,(),,True,False
H10,newchain04,"(3, 7, 9)",newchain04_3-7-9,552.7394440285258,1.0000000000004035,252,252,3232,OK,357.8819229183301,0.5166915360845341,0.23065738746568135,0.39240082584515773,0.06891394908620502,2.1313476134575855,0.9283151666666667,0.825055,0.8175474602360184,,"(3, 7, 9)",5.56918897848759,False,False
H10,newchain04,"(0, 2, 8)",newchain04_0-2-8,557.7320432585386,1.0000000000003957,252,252,3232,OK,375.6689317024202,0.49259773683633545,0.24520970526335198,0.39240082584515773,0.09801858468154624,2.4697550209013555,0.9146659484126984,0.801189,0.9867546358774429,,"(0, 2, 8)",8.606656673386103,False,False
H10,newchain04,"(1, 2, 3)",newchain04_1-2-3,531.6472243279185,1.000000000000407,252,251,3232,OK,458.3459751004595,0.46985327206334976,0.2134621881695433,0.39240082584515773,0.03452355049392884,1.5717411354778215,0.9546458650793651,0.8976655,0.8459178624443345,,"(1, 2, 3)",4.687150958038624,False,False
H10,newchain04,"(2, 4, 9)",newchain04_2-4-9,539.6217828581839,1.0000000000003912,252,252,3220,OK,367.14120354967685,0.501326823073446,0.23026024372448597,0.39240082584515773,0.06811966160381429,2.0685395690591677,0.9318167857142857,0.8329605,0.9603344005691925,,"(2, 4, 9)",5.291844210363828,False,False
H10,newchain04,"(4, 6, 9)",newchain04_4-6-9,559.9361331543839,1.0000000000004035,252,251,3232,OK,307.20217245435674,0.5564219616597229,0.22931081466954817,0.39240082584515773,0.06622080349393862,2.0699484117655436,0.932538876984127,0.8334975,0.9944593491193281,,"(4, 6, 9)",4.917263581780013,False,False
H10,newchain04,"(0, 3, 7)",newchain04_0-3-7,532.0342151454245,1.000000000000403,252,252,3232,OK,375.6689317024202,0.49259773683633534,0.23065738746568135,0.39240082584515773,0.06891394908620498,2.130968787479724,0.9307600912698413,0.834185,0.8698257080610022,,"(0, 3, 7)",5.56918897848759,False,False
H10,newchain04,"(2, 7, 9)",newchain04_2-7-9,537.9209361165733,1.000000000000402,252,252,3232,OK,367.14120354967685,0.501326823073446,0.2316068165206192,0.39240082584515773,0.07081280719608068,2.1583738560606394,0.9260126746031746,0.819065,0.9292625241883465,,"(2, 7, 9)",5.943769607071405,False,False
H10,newchain04,"(1, 3, 9)",newchain04_1-3-9,482.72408644772736,1.0000000000004126,252,252,3232,OK,370.5690149121237,0.5174821368171207,0.24426027620841417,0.39240082584515773,0.09611972657167062,1.890224161083185,0.9388554880952381,0.8510475,0.9704760652288269,,"(1, 3, 9)",8.23207604480229,False,False
H10,newchain04,"(0, 5, 7)",newchain04_0-5-7,535.4709932767535,1.0000000000004023,252,252,3232,OK,375.6689317024202,0.49259773683633545,0.23026024372448597,0.39240082584515773,0.06811966160381425,2.131660409272104,0.9304629484126984,0.8326815,0.9451168497964192,,"(0, 5, 7)",5.291844210363828,False,False
H10,newchain04,"(2, 5, 7)",newchain04_2-5-7,578.7260104785572,1.000000000000395,252,252,3232,OK,457.9651087311758,0.45942864302205394,0.19946215568561512,0.39240082584515773,0.006523485526072514,1.6900534028922052,0.9529076150793651,0.896437,0.8758474576271187,,"(2, 5, 7)",1.746919123600164,False,False
H10,newchain04,"(1, 3, 5)",newchain04_1-3-5,545.0128658039262,1.0000000000004026,251,252,3232,OK,458.36378435076506,0.46958569462266037,0.2121156153734101,0.39240082584515773,0.03183040490166244,1.495469190621388,0.9584332669322709,0.909627,0.8870722433460076,,"(1, 3, 5)",4.035225561331047,False,False
H10,newchain04,"(5, 6, 7)",newchain04_5-6-7,598.325387868364,1.000000000000397,251,250,3232,OK,367.75505032988497,0.5102672976687678,0.1985127266306773,0.39240082584515773,0.004624627416196836,1.6637997710559416,0.9554250239043824,0.901334,0.9231430081945546,,"(5, 6, 7)",1.3723384950163493,False,False
H10,newchain04,"(1, 2, 4)",newchain04_1-2-4,531.35609255499,1.000000000000392,252,252,3232,OK,458.3459751004595,0.4698532720633497,0.2130650444283479,0.39240082584515773,0.03372926301153811,1.5539126927809979,0.9555119325396826,0.899239,0.9077033394796148,,"(1, 2, 4)",4.409806189914862,False,False
H10,newchain04,"(0, 2, 4)",newchain04_0-2-4,520.8937435599265,1.0000000000003992,252,252,3232,OK,373.7712105539428,0.4952312180617114,0.23026024372448597,0.39240082584515773,0.06811966160381425,2.099650803145666,0.9312198531746032,0.829864,0.9865667946019562,,"(0, 2, 4)",5.291844210363828,False,False
H10,newchain04,"(2, 3, 6)",newchain04_2-3-6,578.8116734764391,1.000000000000394,249,252,3232,OK,457.9651087311758,0.459428643022054,0.19890987037187263,0.39240082584515773,0.005418914898587555,1.619003719389129,0.9562059558232932,0.90797,0.6313544747884708,,"(2, 3, 6)",1.6496832631401122,False,False
H10,newchain04,"(1, 4, 8)",newchain04_1-4-8,622.3182613792302,1.0000000000003941,252,252,3232,OK,367.7423946820975,0.500459259753213,0.22666793317108072,0.39240082584515773,0.06093504049700372,2.1812698301326865,0.9258358611111112,0.8175435,0.9886563439396517,,"(1, 4, 8)",7.0726932562295595,False,False
H10,newchain04,"(2, 8, 9)",newchain04_2-8-9,575.3759354274557,1.0000000000004092,252,252,3220,OK,303.62099129953447,0.5427948354803566,0.24520970526335198,0.39240082584515773,0.09801858468154628,2.4377794395411643,0.9133523531746032,0.795179,0.9733427695211134,,"(2, 8, 9)",8.606656673386103,False,False
H10,newchain04,"(2, 3, 8)",newchain04_2-3-8,640.5246718519572,1.000000000000395,252,252,3232,OK,367.2785846626212,0.5017934741681134,0.2134621881695433,0.39240082584515773,0.03452355049392883,2.1497664206847946,0.9331620396825396,0.848895,0.9072450392247347,,"(2, 3, 8)",4.687150958038624,False,False
H10,newchain04,"(2, 3, 5)",newchain04_2-3-5,579.7161217479667,1.0000000000004057,250,252,3232,OK,457.9651087311758,0.4594286430220539,0.1985127266306773,0.39240082584515773,0.0046246274161968375,1.588394402313053,0.958180428,0.913673,0.659733893557423,,"(2, 3, 5)",1.3723384950163493,False,False
H10,newchain04,"(0, 1, 5)",newchain04_0-1-5,464.48220400688456,1.0000000000003983,252,252,3232,OK,371.5786011714437,0.49674553206120536,0.24386313246721877,0.39240082584515773,0.09532543908927986,1.8853172742257664,0.9397687817460317,0.8489945,0.9851660516605166,,"(0, 1, 5)",7.954731276678526,False,False
H10,newchain04,"(0, 1, 4)",newchain04_0-1-4,463.83585862340306,1.0000000000004,252,252,3232,OK,304.8486768883292,0.5523628827660111,0.24386313246721877,0.39240082584515773,0.09532543908927983,1.8833828289765016,0.9398656507936508,0.8491115,0.9892062559659299,,"(0, 1, 4)",7.954731276678526,False,False
H10,newchain04,"(3, 5, 6)",newchain04_3-5-6,602.2865600201559,1.0000000000004088,251,251,3232,OK,457.9651087311758,0.459428643022054,0.19756329757573943,0.39240082584515773,0.0027257693063211593,1.5972645700873345,0.9586486294820717,0.912767,0.6628720340145384,,"(3, 5, 6)",0.9977578664325344,False,False
H10,newchain04,"(2, 4, 8)",newchain04_2-4-8,643.214275085855,1.0000000000004001,252,252,3182,OK,367.2785846626212,0.5017934741681134,0.2130650444283479,0.39240082584515773,0.03372926301153811,2.1512731706440302,0.9330971706349206,0.8475035,0.9112816502101867,,"(2, 4, 8)",4.409806189914862,False,False
H10,newchain04,"(1, 2, 9)",newchain04_1-2-9,472.84559273068714,1.0000000000004041,252,252,3232,OK,301.5791313268732,0.5601162075094426,0.245209705263352,0.39240082584515773,0.09801858468154631,1.9345295074488806,0.9366116666666666,0.8477935,0.9739901875126017,,"(1, 2, 9)",8.606656673386103,False,False
H10,newchain04,"(5, 6, 9)",newchain04_5-6-9,560.8895525977413,1.0000000000004008,252,252,3232,OK,307.20217245435674,0.556421961659723,0.22931081466954817,0.39240082584515773,0.06622080349393862,2.068907449527895,0.9324609642857142,0.8337625,0.9041050540719487,,"(5, 6, 9)",4.917263581780013,False,False
H10,newchain04,"(1, 2, 7)",newchain04_1-2-7,525.2975908246995,1.0000000000003983,252,252,3232,OK,458.15456597796356,0.46235895843128705,0.2144116172244811,0.39240082584515773,0.03642240860380452,1.6548134507109948,0.950542011904762,0.8828495,0.9494874184529357,,"(1, 2, 7)",5.0617315866224395,False,False
H10,newchain04,"(1, 5, 8)",newchain04_1-5-8,622.8820111555065,1.0000000000003892,252,252,3232,OK,367.7295628574795,0.5009286689149662,0.22666793317108072,0.39240082584515773,0.06093504049700372,2.178285439870279,0.9262418492063492,0.818027,0.9815818616308213,,"(1, 5, 8)",7.0726932562295595,False,False
H10,newchain04,"(0, 2, 5)",newchain04_0-2-5,522.3186428385551,1.0000000000004026,252,252,3232,OK,373.6960839153571,0.49504826678438224,0.23026024372448597,0.39240082584515773,0.06811966160381425,2.1013915945277954,0.9311835357142857,0.8299735,0.9660862192656362,,"(0, 2, 5)",5.291844210363828,False,False
H10,newchain04,"(4, 5, 7)",newchain04_4-5-7,600.2400710832934,1.0000000000004026,251,249,3232,OK,367.75505032988497,0.5102672976687675,0.1981155828894819,0.39240082584515773,0.0038303399338061165,1.6468834552301774,0.9564698326693227,0.903675,0.973668178433629,,"(4, 5, 7)",1.0949937268925862,False,False
H10,newchain04,"(4, 5, 6)",newchain04_4-5-6,607.1559484287156,1.0000000000004006,249,250,3232,OK,457.9651087311758,0.45942864302205394,0.19716615383454408,0.39240082584515773,0.0019314818239304394,1.6004703656243742,0.9582510200803213,0.910049,0.8050460279577225,,"(4, 5, 6)",0.7204130983087718,False,False
H10,newchain04,"(2, 5, 6)",newchain04_2-5-6,583.5960659880906,1.000000000000398,252,252,3232,OK,457.9651087311758,0.45942864302205394,0.1985127266306773,0.39240082584515773,0.0046246274161968375,1.6177699911673038,0.9568810277777777,0.906689,0.676750869762517,,"(2, 5, 6)",1.3723384950163495,False,False
H10,newchain04,"(0, 5, 8)",newchain04_0-5-8,580.0477395226621,1.0000000000003986,252,252,3232,OK,375.6689317024202,0.49259773683633545,0.24386313246721877,0.39240082584515773,0.09532543908927983,2.4396316014930903,0.9180521587301588,0.8109415,0.9223009120089672,,"(0, 5, 8)",7.954731276678526,False,False
H10,newchain04,"(0, 7, 8)",newchain04_0-7-8,584.0472656470457,1.000000000000398,252,252,3232,OK,300.34386021301975,0.5425926090486906,0.24520970526335198,0.39240082584515773,0.09801858468154624,2.5170123447707424,0.9129286507936508,0.802778,0.97136352137617,,"(0, 7, 8)",8.606656673386103,False,False
H10,newchain04,"(1, 3, 4)",newchain04_1-3-4,544.3201214352839,1.0000000000003941,252,251,3232,OK,457.98114637931155,0.46995682125175153,0.2121156153734101,0.39240082584515773,0.03183040490166244,1.4956322375066677,0.95863825,0.9097355,0.9329191340646539,,"(1, 3, 4)",4.035225561331047,False,False
H10,newchain04,"(0, 6, 8)",newchain04_0-6-8,580.0767211155788,1.0000000000004006,252,252,3232,OK,300.34386021301975,0.5425926090486906,0.24426027620841412,0.39240082584515773,0.09611972657167055,2.4696181200708107,0.9160980555555556,0.803931,0.9577949196678622,,"(0, 6, 8)",8.23207604480229,False,False
H10,newchain04,"(1, 8, 9)",newchain04_1-8-9,537.8400379096187,1.0000000000003983,252,252,3232,OK,298.6864752083962,0.5451471559355558,0.2588125940060848,0.39240082584515773,0.1252243621670119,2.368854809315315,0.9133386666666666,0.7854385,0.9778439314821141,,"(1, 8, 9)",11.2695437397008,False,False
H10,newchain04,"(3, 4, 7)",newchain04_3-4-7,595.9389477127451,1.0000000000003924,249,251,3232,OK,457.858252999654,0.4506387335033533,0.1985127266306773,0.39240082584515773,0.004624627416196836,1.646582350148549,0.9562027389558233,0.9050025,0.9247822644497229,,"(3, 4, 7)",1.3723384950163489,False,False
H10,newchain04,"(4, 6, 7)",newchain04_4-6-7,597.906213112096,1.000000000000398,251,250,3232,OK,367.75505032988497,0.5102672976687677,0.1985127266306773,0.39240082584515773,0.004624627416196836,1.66646064415293,0.9554054940239044,0.900558,0.9569220862846104,,"(4, 6, 7)",1.372338495016349,False,False
H10,newchain04,"(3, 5, 7)",newchain04_3-5-7,595.7553651260614,1.000000000000397,251,251,3232,OK,457.9145557409472,0.45070420295253927,0.1985127266306773,0.39240082584515773,0.004624627416196836,1.6421277754656332,0.956629390438247,0.9061225,0.9926309076737759,,"(3, 5, 7)",1.372338495016349,False,False
H10,newchain04,"(0, 2, 9)",newchain04_0-2-9,522.7372236532135,1.0000000000004006,252,252,3232,OK,265.42398145061077,0.6053655673297031,0.26240490455949006,0.39240082584515773,0.13240898327382242,2.873296656935865,0.8876709444444445,0.7261595,0.9023651571964234,,"(0, 2, 9)",9.488694693835068,False,False
H10,newchain04,"(0, 1, 9)",newchain04_0-1-9,449.4847249574292,1.0000000000004057,252,252,3232,OK,261.27515814669965,0.6169287152114482,0.27600779330222286,0.39240082584515773,0.15961476075928802,2.6553297998375425,0.9024681428571428,0.751959,0.9879337016574585,,"(0, 1, 9)",12.151581760149767,False,False
H10,newchain04,"(0, 8, 9)",newchain04_0-8-9,549.5671500602625,1.0000000000004021,252,252,3232,OK,272.15058387074185,0.5847552986996318,0.27600779330222286,0.39240082584515773,0.15961476075928802,3.0514133743421548,0.8781321428571428,0.710708,0.9975881513689788,,"(0, 8, 9)",12.151581760149767,False,False
H10,newchain04,"(0, 1, 8)",newchain04_0-1-8,515.8699866842173,1.0000000000004001,252,252,3232,OK,299.1458620829448,0.5437399118236458,0.2588125940060848,0.39240082584515773,0.12522436216701183,2.4083613435577464,0.9131281706349207,0.7864685,0.985050586399557,,"(0, 1, 8)",11.2695437397008,False,False
H10,newchain04,(),newchain04_floor,624.1559753308685,1.0000000000004097,243,243,3182,OK,457.9651087311758,0.459428643022054,0.19620041292257887,0.39240082584515773,0.0,1.5649825806279856,0.9598043045267489,0.9166945,0.6698480978626159,,(),,True,False
H10,newchain05,"(3, 7, 9)",newchain05_3-7-9,515.3167015194508,1.0000000000004028,252,252,3358,OK,229.89878883585658,0.6301203476894338,0.21288849109087038,0.35686303309553574,0.06891394908620502,1.3386294371709153,0.9630718452380952,0.911094,0.9319070807056757,,"(3, 7, 9)",5.56918897848759,False,False
H10,newchain05,"(0, 2, 8)",newchain05_0-2-8,569.2819381990332,1.000000000000398,252,252,3332,OK,219.8224952418988,0.6504859435284096,0.227440808888541,0.35686303309553574,0.09801858468154624,1.6413378893194888,0.9556474404761904,0.898752,0.9816411476140925,,"(0, 2, 8)",8.606656673386103,False,False
H10,newchain05,"(1, 2, 3)",newchain05_1-2-3,663.182725294691,1.0000000000004083,251,252,3332,OK,256.75810636631536,0.5837613779363682,0.19569329179473227,0.35686303309553574,0.03452355049392884,1.5558598710961997,0.9620653665338645,0.916416,0.9046665964394818,,"(1, 2, 3)",4.687150958038624,False,False
H10,newchain05,"(2, 4, 9)",newchain05_2-4-9,533.1378289981706,1.0000000000004006,251,252,3370,OK,271.82421828734516,0.5711821365815739,0.212491347349675,0.35686303309553574,0.06811966160381429,1.399159323677335,0.9611333984063745,0.9052705,0.9673347009626005,,"(2, 4, 9)",5.291844210363828,False,False
H10,newchain05,"(4, 6, 9)",newchain05_4-6-9,534.069952898812,1.000000000000404,252,251,3358,OK,226.77208625229994,0.635468488580706,0.21154191829473715,0.35686303309553574,0.06622080349393862,1.349062567006552,0.963534380952381,0.91183,0.8999358048467341,,"(4, 6, 9)",4.917263581780013,False,False
H10,newchain05,"(0, 3, 7)",newchain05_0-3-7,607.3425628878475,1.0000000000004055,252,252,3320,OK,219.93018562150547,0.6513263588236177,0.21288849109087032,0.35686303309553574,0.06891394908620498,1.6429093677421545,0.9559853611111111,0.8990865,0.9255633963123151,,"(0, 3, 7)",5.56918897848759,False,False
H10,newchain05,"(2, 7, 9)",newchain05_2-7-9,522.0604509019217,1.0000000000003955,252,252,3370,OK,189.73265746851098,0.6730515611895287,0.21383792014580819,0.35686303309553574,0.07081280719608068,1.4347041512643122,0.9595919444444444,0.902799,0.948103943193836,,"(2, 7, 9)",5.943769607071405,False,False
H10,newchain05,"(1, 3, 9)",newchain05_1-3-9,582.4515843425404,1.0000000000004063,252,252,3358,OK,226.24127549858207,0.6118555184976087,0.22649137983360318,0.35686303309553574,0.09611972657167062,1.6507367274811606,0.9555164246031747,0.8987215,0.9427799227799227,,"(1, 3, 9)",8.23207604480229,False,False
H10,newchain05,"(0, 5, 7)",newchain05_0-5-7,617.3316581188076,1.0000000000004068,252,252,3320,OK,219.93018562150547,0.6513263588236176,0.212491347349675,0.35686303309553574,0.06811966160381425,1.6474548946719962,0.9560557777777777,0.899029,0.9222924901185771,,"(0, 5, 7)",5.291844210363828,False,False
H10,newchain05,"(2, 5, 7)",newchain05_2-5-7,573.1393940834311,1.0000000000003968,250,251,3332,OK,296.790947030229,0.542379935657936,0.18169325931080413,0.35686303309553574,0.006523485526072514,1.0959959483347503,0.973307324,0.941908,0.9598993991896045,,"(2, 5, 7)",1.746919123600164,False,False
H10,newchain05,"(1, 3, 5)",newchain05_1-3-5,660.9113116282606,1.0000000000004006,252,250,3320,OK,256.9539103429035,0.5828197055767458,0.19434671899859907,0.35686303309553574,0.03183040490166244,1.455536285612995,0.9656241547619048,0.925565,0.9602752174477476,,"(1, 3, 5)",4.035225561331047,False,False
H10,newchain05,"(5, 6, 7)",newchain05_5-6-7,572.5670620490355,1.0000000000003995,250,245,3320,OK,302.18932221539063,0.5282809803904214,0.1807438302558663,0.35686303309553574,0.004624627416196836,1.009626402301485,0.976116616,0.949764,0.9924202362065926,,"(5, 6, 7)",1.3723384950163493,False,False
H10,newchain05,"(1, 2, 4)",newchain05_1-2-4,664.649823074698,1.0000000000004052,252,252,3332,OK,256.75810636631536,0.5837613779363681,0.19529614805353693,0.35686303309553574,0.03372926301153811,1.5361858796181764,0.963154746031746,0.918602,0.9493401923507045,,"(1, 2, 4)",4.409806189914862,False,False
H10,newchain05,"(2, 3, 6)",newchain05_2-3-6,579.879418527339,1.000000000000396,247,249,3332,OK,302.38720092795467,0.5257325315141843,0.18114097399706164,0.35686303309553574,0.005418914898587555,1.0813692179471501,0.9744197206477733,0.9477365,0.9007148530579825,,"(2, 3, 6)",1.6496832631401122,False,False
H10,newchain05,"(0, 2, 4)",newchain05_0-2-4,627.5437049525951,1.0000000000004021,252,252,3332,OK,220.47205004073422,0.6492542500115354,0.212491347349675,0.35686303309553574,0.06811966160381425,1.6957147103406074,0.9548690753968254,0.8958385,0.8921941570298235,,"(0, 2, 4)",5.291844210363828,False,False
H10,newchain05,"(1, 4, 8)",newchain05_1-4-8,636.2188280129146,1.0000000000004126,252,252,3320,OK,216.83140392161437,0.6425877236717514,0.20889903679626973,0.35686303309553574,0.06093504049700372,1.595422561895995,0.9571674246031746,0.896637,0.8690641764355256,,"(1, 4, 8)",7.0726932562295595,False,False
H10,newchain05,"(2, 8, 9)",newchain05_2-8-9,464.23088265145384,1.0000000000004003,252,252,3370,OK,232.39422977713443,0.6179613861965417,0.227440808888541,0.35686303309553574,0.09801858468154628,1.3151497226881326,0.9622350317460318,0.9078325,0.9820065430752454,,"(2, 8, 9)",8.606656673386103,False,False
H10,newchain05,"(2, 3, 8)",newchain05_2-3-8,540.1278162408953,1.0000000000003972,251,252,3332,OK,226.0025484414605,0.6312293043512763,0.19569329179473227,0.35686303309553574,0.03452355049392883,1.0873387657388032,0.971586796812749,0.9325295,0.9483473839154288,,"(2, 3, 8)",4.687150958038624,False,False
H10,newchain05,"(2, 3, 5)",newchain05_2-3-5,580.9386500016549,1.000000000000393,251,248,3332,OK,302.38720092795467,0.5257325315141843,0.1807438302558663,0.35686303309553574,0.0046246274161968375,1.056860116291786,0.9753665338645419,0.9499535,0.7105771886219276,,"(2, 3, 5)",1.3723384950163493,False,False
H10,newchain05,"(0, 1, 5)",newchain05_0-1-5,681.3606795519175,1.000000000000395,251,252,3320,OK,267.0149428382151,0.5821761936622052,0.22609423609240778,0.35686303309553574,0.09532543908927986,1.9280303479531697,0.9471771992031872,0.8801575,0.9621257188181638,,"(0, 1, 5)",7.954731276678526,False,False
H10,newchain05,"(0, 1, 4)",newchain05_0-1-4,676.4534755728686,1.0000000000004068,252,252,3320,OK,267.0149428382151,0.5821761936622053,0.22609423609240778,0.35686303309553574,0.09532543908927983,1.9152424566886133,0.947802246031746,0.881561,0.9114918835351713,,"(0, 1, 4)",7.954731276678526,False,False
H10,newchain05,"(3, 5, 6)",newchain05_3-5-6,584.232220323357,1.0000000000004003,248,244,3320,OK,296.8494706106224,0.540847239270534,0.17979440120092843,0.35686303309553574,0.0027257693063211593,1.0070954750660623,0.9766766814516129,0.952483,0.9221155311690291,,"(3, 5, 6)",0.9977578664325344,False,False
H10,newchain05,"(2, 4, 8)",newchain05_2-4-8,545.3418740229976,1.0000000000003986,252,252,3332,OK,266.3118617588465,0.5835385190630067,0.19529614805353693,0.35686303309553574,0.03372926301153811,1.0801547961161497,0.9721280753968254,0.933506,0.9517045454545454,,"(2, 4, 8)",4.409806189914862,False,False
H10,newchain05,"(5, 6, 9)",newchain05_5-6-9,537.5915351131395,1.0000000000004001,251,252,3358,OK,226.77208625229994,0.635468488580706,0.2115419182947372,0.35686303309553574,0.06622080349393862,1.3608418102369306,0.9627603426294821,0.9099985,0.9118842845973417,,"(5, 6, 9)",4.917263581780013,False,False
H10,newchain05,"(1, 2, 9)",newchain05_1-2-9,592.0270809716594,1.000000000000403,252,252,3370,OK,226.23524430753594,0.6112555977699586,0.227440808888541,0.35686303309553574,0.09801858468154631,1.7421031194486027,0.9519948134920635,0.892473,0.9791049312362282,,"(1, 2, 9)",8.606656673386103,False,False
H10,newchain05,"(1, 5, 8)",newchain05_1-5-8,639.697099570852,1.0000000000003988,251,252,3320,OK,216.83140392161437,0.6425877236717514,0.20889903679626973,0.35686303309553574,0.06093504049700372,1.6025074379380093,0.9567904900398406,0.896566,0.8157810190837242,,"(1, 5, 8)",7.0726932562295595,False,False
H10,newchain05,"(1, 2, 7)",newchain05_1-2-7,651.6463947458747,1.0000000000004017,252,252,3332,OK,222.90579453270266,0.629130764928266,0.1966427208496701,0.35686303309553574,0.03642240860380452,1.5782764575214447,0.9605015396825397,0.910973,0.9961806335654909,,"(1, 2, 7)",5.0617315866224395,False,False
H10,newchain05,"(0, 2, 5)",newchain05_0-2-5,632.5596100181334,1.0000000000003992,252,252,3332,OK,220.47205004073422,0.6492542500115355,0.212491347349675,0.35686303309553574,0.06811966160381425,1.7094446858583685,0.954502869047619,0.8957575,0.9247724366207779,,"(0, 2, 5)",5.291844210363828,False,False
H10,newchain05,"(4, 5, 7)",newchain05_4-5-7,572.5594325862202,1.000000000000394,249,245,3320,OK,301.76284563001764,0.5276768268505825,0.1803466865146709,0.35686303309553574,0.0038303399338061165,0.9860762783016811,0.9761793935742972,0.9507405,0.8884602482388461,,"(4, 5, 7)",1.0949937268925862,False,False
H10,newchain05,"(4, 5, 6)",newchain05_4-5-6,590.2616607631508,1.0000000000003955,244,243,3320,OK,302.18932221539063,0.5282809803904214,0.17939725745973306,0.35686303309553574,0.0019314818239304394,1.0004253481469811,0.9768803934426229,0.953568,0.9598540145985401,,"(4, 5, 6)",0.7204130983087718,False,False
H10,newchain05,"(2, 5, 6)",newchain05_2-5-6,588.9517575936436,1.000000000000394,246,246,3332,OK,296.20470469722716,0.5426803014907629,0.1807438302558663,0.35686303309553574,0.0046246274161968375,1.0836048513655476,0.974865581300813,0.9501225,0.9274391910358021,,"(2, 5, 6)",1.3723384950163495,False,False
H10,newchain05,"(0, 7, 8)",newchain05_0-7-8,564.2948002786774,1.0000000000003986,252,252,3320,OK,267.7806851524229,0.5857777145476745,0.227440808888541,0.35686303309553574,0.09801858468154624,1.6284719144896038,0.955337623015873,0.895824,0.9917938492215661,,"(0, 7, 8)",8.606656673386103,False,False
H10,newchain05,"(0, 5, 8)",newchain05_0-5-8,574.8713171694915,1.000000000000402,252,251,3320,OK,265.6181231188768,0.5854370723978976,0.22609423609240778,0.35686303309553574,0.09532543908927983,1.572211197050323,0.9582473174603174,0.903667,0.953490335105934,,"(0, 5, 8)",7.954731276678526,False,False
H10,newchain05,"(0, 6, 8)",newchain05_0-6-8,575.9448915269392,1.0000000000004032,252,252,3320,OK,267.7806851524229,0.5857777145476742,0.22649137983360315,0.35686303309553574,0.09611972657167055,1.6057749644809332,0.9573324642857143,0.901075,0.9897760878749472,,"(0, 6, 8)",8.23207604480229,False,False
H10,newchain05,"(1, 3, 4)",newchain05_1-3-4,656.3853639291137,1.0000000000004012,251,249,3320,OK,260.2610684539428,0.582808959471668,0.19434671899859907,0.35686303309553574,0.03183040490166244,1.4414880489765438,0.9658328525896415,0.925886,0.9646491697911087,,"(1, 3, 4)",4.035225561331047,False,False
H10,newchain05,"(1, 8, 9)",newchain05_1-8-9,534.3514550529376,1.000000000000407,252,252,3358,OK,190.00671034214545,0.669189852529679,0.2410436976312738,0.35686303309553574,0.1252243621670119,1.6939624352601053,0.9505832103174603,0.882163,0.9992973042033985,,"(1, 8, 9)",11.2695437397008,False,False
H10,newchain05,"(3, 4, 7)",newchain05_3-4-7,563.7499644477737,1.0000000000003992,248,248,3320,OK,301.76284563001764,0.5276768268505825,0.1807438302558663,0.35686303309553574,0.004624627416196836,0.97623640145457,0.9761151532258064,0.950808,0.851905684754522,,"(3, 4, 7)",1.3723384950163489,False,False
H10,newchain05,"(3, 5, 7)",newchain05_3-5-7,566.7827573441002,1.0000000000003908,247,249,3320,OK,296.81109593378886,0.5417720200977352,0.1807438302558663,0.35686303309553574,0.004624627416196836,0.9856520961358956,0.9758990485829959,0.9495715,0.9580991313234543,,"(3, 5, 7)",1.372338495016349,False,False
H10,newchain05,"(4, 6, 7)",newchain05_4-6-7,569.3405343056934,1.0000000000003915,250,249,3320,OK,301.76284563001764,0.5276768268505825,0.1807438302558663,0.35686303309553574,0.004624627416196836,0.9989203516417015,0.976273968,0.9511675,0.8788291354663036,,"(4, 6, 7)",1.372338495016349,False,False
H10,newchain05,"(0, 2, 9)",newchain05_0-2-9,610.9024874894225,1.0000000000004055,252,252,3370,OK,219.9049260850092,0.6547827697182128,0.24463600818467907,0.35686303309553574,0.13240898327382242,2.4449795305954836,0.9214564047619047,0.811702,0.9553133514986376,,"(0, 2, 9)",9.488694693835068,False,False
H10,newchain05,"(0, 1, 9)",newchain05_0-1-9,633.2221267510185,1.0000000000004041,252,252,3358,OK,220.21602364214664,0.652335233786935,0.25823889692741187,0.35686303309553574,0.15961476075928802,2.544291254415947,0.9165065952380952,0.806498,0.9344117647058824,,"(0, 1, 9)",12.151581760149767,False,False
H10,newchain05,"(0, 8, 9)",newchain05_0-8-9,522.403550313273,1.0000000000004006,252,252,3358,OK,268.9604306813127,0.5928441782006802,0.25823889692741187,0.35686303309553574,0.15961476075928802,2.252604659420786,0.932237253968254,0.83809,0.9682276622946162,,"(0, 8, 9)",12.151581760149767,False,False
H10,newchain05,"(0, 1, 8)",newchain05_0-1-8,633.3953692894703,1.0000000000004043,252,252,3320,OK,215.97242712046773,0.6549089218368734,0.24104369763127376,0.35686303309553574,0.12522436216701183,1.972249876196829,0.9416677023809524,0.8619925,0.9940799806693247,,"(0, 1, 8)",11.2695437397008,False,False
H10,newchain05,(),newchain05_floor,602.6956912207329,1.0000000000003957,242,235,3320,OK,297.27738342927256,0.5410666031239957,0.17843151654776787,0.35686303309553574,0.0,0.9640368597033138,0.9778591157024793,0.95551,0.9988231338264963,,(),,True,False
H10,newchain06,"(3, 7, 9)",newchain06_3-7-9,501.5629506480304,1.0000000000004037,250,251,3270,OK,189.3079420526469,0.679286638422355,0.20258977883894086,0.33626560859167676,0.06891394908620502,1.312586828326665,0.967063788,0.920716,0.9039214120277933,,"(3, 7, 9)",5.56918897848759,False,False
H10,newchain06,"(1, 2, 3)",newchain06_1-2-3,663.1861539799849,1.000000000000402,249,248,3232,OK,310.64283360283974,0.5117338237701662,0.18539457954280278,0.33626560859167676,0.03452355049392884,1.5767702309382696,0.9619867429718876,0.917157,0.919723365140506,,"(1, 2, 3)",4.687150958038624,False,False
H10,newchain06,"(0, 2, 8)",newchain06_0-2-8,511.6532035013588,1.0000000000004072,252,252,3232,OK,218.8909775281598,0.6560163293734341,0.2171420966366115,0.33626560859167676,0.09801858468154624,1.5299139217986144,0.960935623015873,0.910098,0.9806414091060153,,"(0, 2, 8)",8.606656673386103,False,False
H10,newchain06,"(2, 4, 9)",newchain06_2-4-9,549.7290242854866,1.0000000000004148,249,252,3270,OK,230.4940990813371,0.6164963067858977,0.20219263509774552,0.33626560859167676,0.06811966160381429,1.4713107083148358,0.9622416987951807,0.9128635,0.8977929195674715,,"(2, 4, 9)",5.291844210363828,False,False
H10,newchain06,"(4, 6, 9)",newchain06_4-6-9,535.7749821240301,1.0000000000004114,252,250,3270,OK,230.4940990813371,0.6164963067858978,0.20124320604280768,0.33626560859167676,0.06622080349393862,1.3765287481398245,0.9656569484126984,0.9173355,0.9753757595139111,,"(4, 6, 9)",4.917263581780013,False,False
H10,newchain06,"(0, 3, 7)",newchain06_0-3-7,535.7317935297879,1.0000000000004035,252,250,3232,OK,220.02320512790251,0.6531114611148817,0.20258977883894083,0.33626560859167676,0.06891394908620498,1.4726085970034264,0.962765126984127,0.9137305,0.8484007832898173,,"(0, 3, 7)",5.56918897848759,False,False
H10,newchain06,"(2, 7, 9)",newchain06_2-7-9,523.7283019554945,1.0000000000004001,251,250,3270,OK,189.3079420526469,0.6792866384223551,0.20353920789387872,0.33626560859167676,0.07081280719608068,1.458934120243075,0.9622124621513944,0.909292,0.9571973028437408,,"(2, 7, 9)",5.943769607071405,False,False
H10,newchain06,"(1, 3, 9)",newchain06_1-3-9,596.1287968340363,1.000000000000407,252,252,3270,OK,228.25303797309715,0.6156972532127867,0.2161926675816737,0.33626560859167676,0.09611972657167062,1.731310944443969,0.9559534880952381,0.901882,0.994580980003053,,"(1, 3, 9)",8.23207604480229,False,False
H10,newchain06,"(0, 5, 7)",newchain06_0-5-7,546.1715677728573,1.000000000000397,252,251,3282,OK,218.73410573451136,0.656547037506322,0.2021926350977455,0.33626560859167676,0.06811966160381425,1.4842105089752806,0.9625009682539682,0.912437,0.9884806702155511,,"(0, 5, 7)",5.291844210363828,False,False
H10,newchain06,"(2, 5, 7)",newchain06_2-5-7,547.7978345939345,1.000000000000405,251,247,3282,OK,313.31662457207,0.51112435141844,0.17139454705887464,0.33626560859167676,0.006523485526072514,1.0191612093808373,0.9763280717131474,0.947578,0.9123176946055175,,"(2, 5, 7)",1.746919123600164,False,False
H10,newchain06,"(1, 3, 5)",newchain06_1-3-5,648.5267932667468,1.0000000000004143,250,251,3282,OK,310.1501073997364,0.5074760433225973,0.18404800674666957,0.33626560859167676,0.03183040490166244,1.4457232536239466,0.966349164,0.928974,0.9165163359390659,,"(1, 3, 5)",4.035225561331047,False,False
H10,newchain06,"(5, 6, 7)",newchain06_5-6-7,531.7667067570549,1.0000000000003988,247,246,3282,OK,313.31662457207,0.51112435141844,0.1704451180039368,0.33626560859167676,0.004624627416196836,0.8790035615653773,0.9796178178137652,0.957649,0.9892950919006261,,"(5, 6, 7)",1.3723384950163493,False,False
H10,newchain06,"(1, 2, 4)",newchain06_1-2-4,663.5386387556084,1.0000000000003995,249,251,3232,OK,310.5304448835815,0.5100654589373336,0.1849974358016074,0.33626560859167676,0.03372926301153811,1.5620881211730202,0.9626844859437751,0.918811,0.9927797833935018,,"(1, 2, 4)",4.409806189914862,False,False
H10,newchain06,"(0, 2, 4)",newchain06_0-2-4,586.0039732353473,1.0000000000003981,251,251,3232,OK,218.6611611155982,0.6522411886377151,0.2021926350977455,0.33626560859167676,0.06811966160381425,1.6267942703183083,0.9579005019920319,0.905484,0.9701105845181675,,"(0, 2, 4)",5.291844210363828,False,False
H10,newchain06,"(2, 3, 6)",newchain06_2-3-6,569.2315094640303,1.0000000000004043,248,249,3232,OK,317.3498967801818,0.5016409862734947,0.17084226174513215,0.33626560859167676,0.005418914898587555,1.064712469836115,0.9757721330645162,0.949591,0.8478154945590385,,"(2, 3, 6)",1.6496832631401122,False,False
H10,newchain06,"(1, 4, 8)",newchain06_1-4-8,611.5398801847318,1.000000000000398,251,252,3232,OK,273.6196434614655,0.5494917509897259,0.1986003245443402,0.33626560859167676,0.06093504049700372,1.5663512437153508,0.9583954541832669,0.8933975,0.995616365568544,,"(1, 4, 8)",7.0726932562295595,False,False
H10,newchain06,"(2, 8, 9)",newchain06_2-8-9,473.08704997788186,1.000000000000408,252,252,3270,OK,191.52963101141918,0.673773253999135,0.2171420966366115,0.33626560859167676,0.09801858468154628,1.365444449808232,0.9634814841269841,0.9071485,0.970871060574156,,"(2, 8, 9)",8.606656673386103,False,False
H10,newchain06,"(2, 3, 5)",newchain06_2-3-5,571.9680605088975,1.0000000000004008,246,249,3282,OK,268.02599031848206,0.562907722451933,0.1704451180039368,0.33626560859167676,0.0046246274161968375,1.0405888111360624,0.9763123292682927,0.951247,0.957611152976639,,"(2, 3, 5)",1.3723384950163493,False,False
H10,newchain06,"(2, 3, 8)",newchain06_2-3-8,518.6387002775748,1.0000000000004055,249,249,3232,OK,268.1261635115879,0.5613882319424638,0.18539457954280278,0.33626560859167676,0.03452355049392883,1.0359572838061177,0.9739457590361446,0.9384205,0.9462083442665967,,"(2, 3, 8)",4.687150958038624,False,False
H10,newchain06,"(0, 1, 5)",newchain06_0-1-5,639.3646508438193,1.0000000000003966,250,252,3282,OK,263.9776158540466,0.5862482330178179,0.2157955238404783,0.33626560859167676,0.09532543908927986,1.8811047038102182,0.948890452,0.8857135,0.8984079715954645,,"(0, 1, 5)",7.954731276678526,False,False
H10,newchain06,"(0, 1, 4)",newchain06_0-1-4,631.7680063037443,1.0000000000003992,251,252,3232,OK,263.9776158540466,0.586248233017818,0.2157955238404783,0.33626560859167676,0.09532543908927983,1.8592890515184761,0.9499641115537849,0.8867375,0.9988999572205586,,"(0, 1, 4)",7.954731276678526,False,False
H10,newchain06,"(3, 5, 6)",newchain06_3-5-6,560.0483895058348,1.0000000000004081,243,245,3282,OK,313.07220010259584,0.5126823913315678,0.16949568894899894,0.33626560859167676,0.0027257693063211593,0.9402428677212931,0.9784156995884774,0.956127,0.9829214386176411,,"(3, 5, 6)",0.9977578664325344,False,False
H10,newchain06,"(2, 4, 8)",newchain06_2-4-8,522.4127575533872,1.0000000000004114,249,249,3232,OK,320.24151637737486,0.515712896670638,0.1849974358016074,0.33626560859167676,0.03372926301153811,1.0286999121787586,0.9742465863453815,0.938731,0.9723072826521102,,"(2, 4, 8)",4.409806189914862,False,False
H10,newchain06,"(1, 2, 9)",newchain06_1-2-9,619.6487734314574,1.0000000000004128,252,252,3270,OK,228.51124583143533,0.6153373856926234,0.21714209663661152,0.33626560859167676,0.09801858468154631,1.8549881355827909,0.9508544365079366,0.89166,0.9167391158964756,,"(1, 2, 9)",8.606656673386103,False,False
H10,newchain06,"(5, 6, 9)",newchain06_5-6-9,541.5162979071138,1.0000000000004023,251,252,3282,OK,230.4940990813371,0.6164963067858977,0.20124320604280768,0.33626560859167676,0.06622080349393862,1.3957948615538593,0.9648110478087649,0.916588,0.9207425094354156,,"(5, 6, 9)",4.917263581780013,False,False
H10,newchain06,"(1, 5, 8)",newchain06_1-5-8,617.8991463635972,1.0000000000004163,251,252,3282,OK,318.62378815863667,0.4956208085732373,0.1986003245443402,0.33626560859167676,0.06093504049700372,1.5849705374961893,0.9576424462151394,0.8926245,0.960624796615685,,"(1, 5, 8)",7.0726932562295595,False,False
H10,newchain06,"(1, 2, 7)",newchain06_1-2-7,636.2556160438278,1.0000000000004026,251,252,3232,OK,225.94919146441495,0.6149992793529877,0.1863440085977406,0.33626560859167676,0.03642240860380452,1.5561050670369219,0.962044812749004,0.915099,0.9600387289851245,,"(1, 2, 7)",5.0617315866224395,False,False
H10,newchain06,"(0, 2, 5)",newchain06_0-2-5,593.7320666630538,1.000000000000406,252,252,3282,OK,263.2179845066025,0.5930189575583082,0.2021926350977455,0.33626560859167676,0.06811966160381425,1.6475212659905392,0.9572179007936508,0.904132,0.9728787291747385,,"(0, 2, 5)",5.291844210363828,False,False
H10,newchain06,"(4, 5, 7)",newchain06_4-5-7,530.283488245149,1.0000000000004055,244,246,3282,OK,313.5725542120511,0.519509993881718,0.1700479742627414,0.33626560859167676,0.0038303399338061165,0.8436729352728248,0.9799628975409836,0.958562,0.8571428571428571,,"(4, 5, 7)",1.0949937268925862,False,False
H10,newchain06,"(4, 5, 6)",newchain06_4-5-6,564.9411594970841,1.0000000000004121,244,241,3282,OK,311.49172684726614,0.522775881949143,0.16909854520780357,0.33626560859167676,0.0019314818239304394,0.9347425780805526,0.9789658483606557,0.9580575,0.9291128867035443,,"(4, 5, 6)",0.7204130983087718,False,False
H10,newchain06,"(2, 5, 6)",newchain06_2-5-6,579.8987934204218,1.0000000000003948,246,246,3282,OK,316.99235820497586,0.5029796312502304,0.1704451180039368,0.33626560859167676,0.0046246274161968375,1.0797585623703574,0.9756124390243902,0.951358,0.8717596828301312,,"(2, 5, 6)",1.3723384950163495,False,False
H10,newchain06,"(0, 5, 8)",newchain06_0-5-8,502.7552496037364,1.0000000000004023,252,252,3282,OK,173.2537888328718,0.7215030764792458,0.2157955238404783,0.33626560859167676,0.09532543908927983,1.4080891851947424,0.9653241547619048,0.920144,0.9535087719298245,,"(0, 5, 8)",7.954731276678526,False,False
H10,newchain06,"(0, 7, 8)",newchain06_0-7-8,474.3734472214145,1.0000000000003995,252,252,3232,OK,178.7082470105501,0.7036461009117794,0.2171420966366115,0.33626560859167676,0.09801858468154624,1.4048989493438944,0.9648311071428571,0.917613,0.9687903017797266,,"(0, 7, 8)",8.606656673386103,False,False
H10,newchain06,"(0, 6, 8)",newchain06_0-6-8,501.97058609200695,1.0000000000003963,252,251,3232,OK,218.8909775281598,0.6560163293734342,0.21619266758167363,0.33626560859167676,0.09611972657167055,1.436010789323809,0.9648256706349206,0.9182435,0.9871582838797548,,"(0, 6, 8)",8.23207604480229,False,False
H10,newchain06,"(1, 3, 4)",newchain06_1-3-4,641.436906338404,1.0000000000004068,248,251,3232,OK,310.1501073997364,0.5074760433225973,0.18404800674666957,0.33626560859167676,0.03183040490166244,1.424471678981679,0.9667945483870968,0.928916,0.9604115410422724,,"(1, 3, 4)",4.035225561331047,False,False
H10,newchain06,"(3, 4, 7)",newchain06_3-4-7,520.2884773665248,1.0000000000004068,247,245,3232,OK,375.6156181093031,0.454307157500055,0.1704451180039368,0.33626560859167676,0.004624627416196836,0.825374265481843,0.9805227692307692,0.9578495,0.995880535530381,,"(3, 4, 7)",1.3723384950163489,False,False
H10,newchain06,"(1, 8, 9)",newchain06_1-8-9,539.2576086370458,1.0000000000004106,252,252,3270,OK,231.8413957882628,0.6111175739154084,0.23074498537934435,0.33626560859167676,0.1252243621670119,1.7553633871105958,0.9504393333333333,0.8796135,0.9147326218307076,,"(1, 8, 9)",11.2695437397008,False,False
H10,newchain06,"(3, 5, 7)",newchain06_3-5-7,525.7463937218239,1.0000000000004041,248,248,3282,OK,313.5725542120511,0.519509993881718,0.1704451180039368,0.33626560859167676,0.004624627416196836,0.8453244671512162,0.9801007096774194,0.9572735,0.9551186150886941,,"(3, 5, 7)",1.372338495016349,False,False
H10,newchain06,"(4, 6, 7)",newchain06_4-6-7,526.0336326861683,1.0000000000003977,242,245,3232,OK,313.5725542120511,0.519509993881718,0.1704451180039368,0.33626560859167676,0.004624627416196836,0.8579552227546932,0.9795723801652892,0.957944,0.9379383634431456,,"(4, 6, 7)",1.372338495016349,False,False
H10,newchain06,"(0, 2, 9)",newchain06_0-2-9,601.0864390840318,1.0000000000004077,252,252,3270,OK,218.83646420245117,0.656775701947458,0.23433729593274957,0.33626560859167676,0.13240898327382242,2.4812057982501323,0.9221429444444444,0.813761,0.7597554585152838,,"(0, 2, 9)",9.488694693835068,False,False
H10,newchain06,"(0, 1, 9)",newchain06_0-1-9,619.3245934523351,1.0000000000004081,252,252,3270,OK,219.01756752110035,0.6561695607252414,0.24794018467548237,0.33626560859167676,0.15961476075928802,2.5796653209666727,0.9180043333333333,0.8053405,0.8417323403947654,,"(0, 1, 9)",12.151581760149767,False,False
H10,newchain06,"(0, 8, 9)",newchain06_0-8-9,482.6066813806822,1.0000000000004088,252,251,3270,OK,173.0256136171082,0.723980147351093,0.24794018467548237,0.33626560859167676,0.15961476075928802,2.2166174847458984,0.9368089603174603,0.8419315,0.9657960503748714,,"(0, 8, 9)",12.151581760149767,False,False
H10,newchain06,"(0, 1, 8)",newchain06_0-1-8,574.9155444552656,1.0000000000004126,252,252,3232,OK,175.5575190408578,0.7131706548200955,0.2307449853793443,0.33626560859167676,0.12522436216701183,1.8906366671718695,0.9459572301587301,0.8674785,0.9936254980079682,,"(0, 1, 8)",11.2695437397008,False,False
H10,newchain06,(),newchain06_floor,578.1877760826717,1.000000000000415,233,238,3232,OK,373.0407067644794,0.46256602968258204,0.16813280429583838,0.33626560859167676,0.0,0.8944966387755618,0.9792079699570816,0.959607,0.9631849315068494,,(),,True,False
H10,newchain07,"(3, 7, 9)",newchain07_3-7-9,489.3513726501526,1.0000000000004046,252,251,3232,OK,220.27260348622147,0.6607354443320588,0.20531895260468006,0.3417239561231551,0.06891394908620502,1.2721278604140691,0.9614316825396826,0.9053785,0.9756770567194686,,"(3, 7, 9)",5.56918897848759,False,False
H10,newchain07,"(0, 2, 8)",newchain07_0-2-8,506.08141967039796,1.0000000000004114,252,252,3182,OK,178.5937720785915,0.7042444037538184,0.2198712704023507,0.3417239561231551,0.09801858468154624,1.5967008126482711,0.9514185119047619,0.886823,0.9127116622943,,"(0, 2, 8)",8.606656673386103,False,False
H10,newchain07,"(1, 2, 3)",newchain07_1-2-3,620.086279944652,1.0000000000004057,252,252,3232,OK,271.1705932383497,0.5707632001545482,0.18812375330854197,0.3417239561231551,0.03452355049392884,1.4487861326739733,0.959394134920635,0.904859,0.9652989163521247,,"(1, 2, 3)",4.687150958038624,False,False
H10,newchain07,"(2, 4, 9)",newchain07_2-4-9,516.7126247907214,1.0000000000004057,252,252,3220,OK,219.38220008660636,0.665141207232276,0.2049218088634847,0.3417239561231551,0.06811966160381429,1.35193046442534,0.9587263809523809,0.901011,0.8349780166096727,,"(2, 4, 9)",5.291844210363828,False,False
H10,newchain07,"(4, 6, 9)",newchain07_4-6-9,508.2557075687753,1.000000000000397,252,252,3220,OK,219.38220008660636,0.6651412072322759,0.20397237980854688,0.3417239561231551,0.06622080349393862,1.2712105580607318,0.9613143492063492,0.906258,0.8836467236467237,,"(4, 6, 9)",4.917263581780013,False,False
H10,newchain07,"(0, 3, 7)",newchain07_0-3-7,538.4118756822982,1.000000000000398,252,252,3232,OK,226.3535487226882,0.6374051291748817,0.20531895260468003,0.3417239561231551,0.06891394908620498,1.485976965358695,0.9555640198412698,0.8951215,0.9725394473018917,,"(0, 3, 7)",5.56918897848759,False,False
H10,newchain07,"(2, 7, 9)",newchain07_2-7-9,498.63992253712473,1.0000000000004021,252,252,3232,OK,180.7725643592848,0.6828324076462393,0.20626838165961792,0.3417239561231551,0.07081280719608068,1.3792441276337157,0.9577644761904762,0.8973235,0.9716703458425313,,"(2, 7, 9)",5.943769607071405,False,False
H10,newchain07,"(1, 3, 9)",newchain07_1-3-9,555.81674718597,1.000000000000404,252,252,3232,OK,175.30505567433164,0.7036599280762388,0.21892184134741288,0.3417239561231551,0.09611972657167062,1.6090377085559084,0.9520994444444445,0.888868,0.9905595437112794,,"(1, 3, 9)",8.23207604480229,False,False
H10,newchain07,"(0, 5, 7)",newchain07_0-5-7,544.8503307376766,1.000000000000407,252,252,3232,OK,219.52390835694402,0.6551011192616842,0.20492180886348468,0.3417239561231551,0.06811966160381425,1.4821866294810295,0.9558341825396826,0.895725,0.9292788879235447,,"(0, 5, 7)",5.291844210363828,False,False
H10,newchain07,"(2, 5, 7)",newchain07_2-5-7,527.6742851743493,1.000000000000397,250,250,3232,OK,362.04180653871276,0.4835014131077592,0.1741237208246138,0.3417239561231551,0.006523485526072514,0.9335437535329385,0.97337732,0.9390385,0.9269552823801889,,"(2, 5, 7)",1.746919123600164,False,False
H10,newchain07,"(1, 3, 5)",newchain07_1-3-5,613.3053623156721,1.0000000000004108,251,250,3232,OK,363.1057455630726,0.4626351767810239,0.18677718051240877,0.3417239561231551,0.03183040490166244,1.327334199221139,0.9629784262948207,0.91455,0.9953892053159751,,"(1, 3, 5)",4.035225561331047,False,False
H10,newchain07,"(5, 6, 7)",newchain07_5-6-7,517.8035571496827,1.0000000000004041,248,247,3232,OK,360.5737446450119,0.49016084386085923,0.173174291769676,0.3417239561231551,0.004624627416196836,0.8021086101797139,0.9772005080645161,0.9497855,0.9659288734145735,,"(5, 6, 7)",1.3723384950163493,False,False
H10,newchain07,"(1, 2, 4)",newchain07_1-2-4,616.1394120373735,1.0000000000004103,252,252,3182,OK,269.9789073368386,0.5727084456993519,0.1877266095673466,0.3417239561231551,0.03372926301153811,1.4182127825644588,0.9603614404761904,0.907455,0.9421653493915444,,"(1, 2, 4)",4.409806189914862,False,False
H10,newchain07,"(0, 2, 4)",newchain07_0-2-4,566.1495176765792,1.0000000000004083,252,252,3182,OK,218.8909775281598,0.6560163293734342,0.20492180886348468,0.3417239561231551,0.06811966160381425,1.567473111420824,0.952719746031746,0.890218,0.9976585365853659,,"(0, 2, 4)",5.291844210363828,False,False
H10,newchain07,"(2, 3, 6)",newchain07_2-3-6,541.5107141559537,1.0000000000003961,247,251,3232,OK,362.08915332584814,0.4783638161602493,0.17357143551087134,0.3417239561231551,0.005418914898587555,0.9402113206422882,0.9734683724696356,0.942004,0.996875,,"(2, 3, 6)",1.6496832631401122,False,False
H10,newchain07,"(1, 4, 8)",newchain07_1-4-8,583.963175688182,1.0000000000004028,252,251,3182,OK,189.51280682183037,0.673366527706114,0.2013294983100794,0.3417239561231551,0.06093504049700372,1.5566920573255112,0.9538873134920635,0.8794405,0.9874329389284927,,"(1, 4, 8)",7.0726932562295595,False,False
H10,newchain07,"(2, 8, 9)",newchain07_2-8-9,451.5502173325956,1.0000000000004068,250,252,3220,OK,180.6310235734445,0.6848849921834661,0.2198712704023507,0.3417239561231551,0.09801858468154628,1.3574606658102155,0.95738408,0.8946495,0.9342633288744506,,"(2, 8, 9)",8.606656673386103,False,False
H10,newchain07,"(2, 3, 8)",newchain07_2-3-8,507.353642858992,1.0000000000004112,252,251,3232,OK,212.6610530436217,0.6336439992905517,0.18812375330854197,0.3417239561231551,0.03452355049392883,1.0755622661207724,0.9677021865079365,0.9189495,0.9912733042443475,,"(2, 3, 8)",4.687150958038624,False,False
H10,newchain07,"(2, 3, 5)",newchain07_2-3-5,547.7756126562392,1.000000000000397,252,251,3232,OK,362.08915332584814,0.47836381616024926,0.173174291769676,0.3417239561231551,0.0046246274161968375,0.9296843755763982,0.9742243174603175,0.943363,0.9778761061946902,,"(2, 3, 5)",1.3723384950163493,False,False
H10,newchain07,"(0, 1, 5)",newchain07_0-1-5,608.4916850972215,1.0000000000004015,252,252,3232,OK,219.92706795865845,0.6487894731929829,0.21852469760621748,0.3417239561231551,0.09532543908927986,1.7853691758006545,0.9451966706349206,0.874865,0.8711859311588757,,"(0, 1, 5)",7.954731276678526,False,False
H10,newchain07,"(0, 1, 4)",newchain07_0-1-4,600.9404461283791,1.000000000000403,252,252,3182,OK,219.92706795865845,0.6487894731929826,0.21852469760621748,0.3417239561231551,0.09532543908927983,1.7645210331441241,0.9461477896825397,0.8765715,0.9332255456750203,,"(0, 1, 4)",7.954731276678526,False,False
H10,newchain07,"(3, 5, 6)",newchain07_3-5-6,541.8038328354955,1.000000000000398,250,249,3232,OK,362.08915332584814,0.4783638161602492,0.17222486271473814,0.3417239561231551,0.0027257693063211593,0.8351589884618136,0.976889872,0.9491755,0.8819617622610141,,"(3, 5, 6)",0.9977578664325344,False,False
H10,newchain07,"(2, 4, 8)",newchain07_2-4-8,507.30866666746977,1.000000000000402,252,252,3182,OK,252.00355189733335,0.5783036037436771,0.1877266095673466,0.3417239561231551,0.03372926301153811,1.0507413938332493,0.9684875753968254,0.9211295,0.9569952527227031,,"(2, 4, 8)",4.409806189914862,False,False
H10,newchain07,"(1, 2, 9)",newchain07_1-2-9,567.7370655612543,1.0000000000004041,252,252,3220,OK,180.7725643592848,0.6828324076462393,0.21987127040235072,0.3417239561231551,0.09801858468154631,1.709503477317284,0.9480596507936508,0.8812515,0.9759948886454911,,"(1, 2, 9)",8.606656673386103,False,False
H10,newchain07,"(5, 6, 9)",newchain07_5-6-9,513.8783725675182,1.0000000000004134,251,252,3232,OK,219.38220008660636,0.665141207232276,0.20397237980854688,0.3417239561231551,0.06622080349393862,1.2898844850171196,0.9604778525896415,0.905298,0.8851508120649652,,"(5, 6, 9)",4.917263581780013,False,False
H10,newchain07,"(1, 2, 7)",newchain07_1-2-7,595.8944712270667,1.0000000000004032,252,252,3232,OK,218.50540941056096,0.6197663707579305,0.1890731823634798,0.3417239561231551,0.03642240860380452,1.4476973213411872,0.9588620317460318,0.9036,0.9742003146303094,,"(1, 2, 7)",5.0617315866224395,False,False
H10,newchain07,"(1, 5, 8)",newchain07_1-5-8,589.9404502908396,1.0000000000004,252,252,3232,OK,270.0394222360201,0.564315536500408,0.2013294983100794,0.3417239561231551,0.06093504049700372,1.5732235650248942,0.9532321825396826,0.8781715,0.9974753100170788,,"(1, 5, 8)",7.0726932562295595,False,False
H10,newchain07,"(0, 2, 5)",newchain07_0-2-5,573.7442977704017,1.0000000000003988,252,252,3232,OK,215.54041164789516,0.6661460266348572,0.20492180886348468,0.3417239561231551,0.06811966160381425,1.5845522385412194,0.952135,0.889486,0.9856066460587326,,"(0, 2, 5)",5.291844210363828,False,False
H10,newchain07,"(4, 5, 7)",newchain07_4-5-7,520.1881811187023,1.0000000000004012,249,246,3232,OK,360.5737446450119,0.49016084386085934,0.1727771480284806,0.3417239561231551,0.0038303399338061165,0.7795801348103945,0.9778668634538152,0.951101,0.9933943089430894,,"(4, 5, 7)",1.0949937268925862,False,False
H10,newchain07,"(4, 5, 6)",newchain07_4-5-6,542.7125332314287,1.0000000000004035,247,245,3232,OK,359.85078255542203,0.4901326456077675,0.17182771897354276,0.3417239561231551,0.0019314818239304394,0.8106389749995775,0.9778324655870445,0.951284,0.9460142430507695,,"(4, 5, 6)",0.7204130983087718,False,False
H10,newchain07,"(2, 5, 6)",newchain07_2-5-6,547.9234457059982,1.000000000000409,247,249,3232,OK,361.6060354353019,0.4798650478944513,0.173174291769676,0.3417239561231551,0.0046246274161968375,0.9358096046552299,0.9740271700404858,0.944385,0.822463091011026,,"(2, 5, 6)",1.3723384950163495,False,False
H10,newchain07,"(0, 5, 8)",newchain07_0-5-8,507.77183198157337,1.0000000000003926,252,251,3232,OK,178.5937720785915,0.7042444037538182,0.21852469760621748,0.3417239561231551,0.09532543908927983,1.507041207072028,0.9547729444444445,0.8921045,0.9098287549054584,,"(0, 5, 8)",7.954731276678526,False,False
H10,newchain07,"(0, 7, 8)",newchain07_0-7-8,489.48134728016333,1.0000000000004037,252,252,3232,OK,180.33978882265345,0.6985227632120184,0.2198712704023507,0.3417239561231551,0.09801858468154624,1.5399745856450489,0.9531588253968254,0.884739,0.994108527131783,,"(0, 7, 8)",8.606656673386103,False,False
H10,newchain07,"(0, 6, 8)",newchain07_0-6-8,503.3423163478146,1.000000000000403,252,251,3182,OK,178.5937720785915,0.7042444037538182,0.21892184134741283,0.3417239561231551,0.09611972657167055,1.5242780383267738,0.9543512261904762,0.89116,0.8618554877509508,,"(0, 6, 8)",8.23207604480229,False,False
H10,newchain07,"(1, 3, 4)",newchain07_1-3-4,606.2855301154295,1.0000000000004006,252,251,3232,OK,363.79213132745394,0.4716030404819225,0.18677718051240877,0.3417239561231551,0.03183040490166244,1.3073807190971638,0.9637141587301588,0.914914,0.9267803410230692,,"(1, 3, 4)",4.035225561331047,False,False
H10,newchain07,"(3, 4, 7)",newchain07_3-4-7,514.1737312500165,1.0000000000004068,248,248,3232,OK,361.1963785885122,0.48985628238133894,0.173174291769676,0.3417239561231551,0.004624627416196836,0.7786892785286893,0.9775347782258065,0.950277,0.9954602774274905,,"(3, 4, 7)",1.3723384950163489,False,False
H10,newchain07,"(1, 8, 9)",newchain07_1-8-9,506.10909344827616,1.0000000000004028,252,252,3220,OK,189.7440544127571,0.6749572353781816,0.23347415914508354,0.3417239561231551,0.1252243621670119,1.7189944100733388,0.9458068571428572,0.8664275,0.991519333045853,,"(1, 8, 9)",11.2695437397008,False,False
H10,newchain07,"(3, 5, 7)",newchain07_3-5-7,519.4806253541282,1.0000000000003988,248,246,3232,OK,360.83269411137485,0.4897187886015907,0.173174291769676,0.3417239561231551,0.004624627416196836,0.7995428361374947,0.9770356653225807,0.949823,0.9268004722550177,,"(3, 5, 7)",1.372338495016349,False,False
H10,newchain07,"(4, 6, 7)",newchain07_4-6-7,512.26605116414,1.0000000000004015,247,247,3232,OK,356.5575871814204,0.5050222161160347,0.173174291769676,0.3417239561231551,0.004624627416196836,0.7804483792385948,0.9777242145748988,0.9509015,0.9876765083440308,,"(4, 6, 7)",1.372338495016349,False,False
H10,newchain07,"(0, 2, 9)",newchain07_0-2-9,577.968727886189,1.0000000000004157,252,252,3220,OK,218.83646420245117,0.656775701947458,0.23706646969848874,0.3417239561231551,0.13240898327382242,2.408831065159756,0.9194106031746032,0.814322,0.9176464987861189,,"(0, 2, 9)",9.488694693835068,False,False
H10,newchain07,"(0, 1, 9)",newchain07_0-1-9,585.9252701616988,1.0000000000003981,252,252,3220,OK,219.11468567113258,0.6556807640010411,0.25066935844122157,0.3417239561231551,0.15961476075928802,2.485922990174236,0.9151001825396825,0.8099925,0.7826050313935359,,"(0, 1, 9)",12.151581760149767,False,False
H10,newchain07,"(0, 8, 9)",newchain07_0-8-9,481.932902699044,1.0000000000003946,252,252,3220,OK,218.46804557562473,0.6591170346467696,0.25066935844122157,0.3417239561231551,0.15961476075928802,2.257184960238957,0.9279948373015873,0.8283115,0.9608528486543166,,"(0, 8, 9)",12.151581760149767,False,False
H10,newchain07,"(0, 1, 8)",newchain07_0-1-8,556.8617306832273,1.0000000000004032,252,252,3182,OK,176.62109899539757,0.7114544469893049,0.2334741591450835,0.3417239561231551,0.12522436216701183,1.9096665516582239,0.9388789642857143,0.8550685,0.9392857142857143,,"(0, 1, 8)",11.2695437397008,False,False
H10,newchain07,(),newchain07_floor,560.2489482052198,1.000000000000399,236,235,3182,OK,361.0297494388659,0.4804844012363017,0.17086197806157755,0.3417239561231551,0.0,0.7800189314128074,0.9782167881355932,0.954129,0.954421768707483,,(),,True,False
H10,newchain08,"(3, 7, 9)",newchain08_3-7-9,465.9118413431296,1.000000000000403,249,246,3282,OK,274.1426892195511,0.5810214304278425,0.20183863891418943,0.33476332874217385,0.06891394908620502,1.0929006146409346,0.9704318835341366,0.9263635,0.9991814181929807,,"(3, 7, 9)",5.56918897848759,False,False
H10,newchain08,"(0, 2, 8)",newchain08_0-2-8,463.11674419372116,1.0000000000004048,251,252,3282,OK,181.38642879585464,0.6975157234121517,0.21639095671186007,0.33476332874217385,0.09801858468154624,1.3336387713372075,0.9644362948207171,0.9157525,0.8931692527198145,,"(0, 2, 8)",8.606656673386103,False,False
H10,newchain08,"(1, 2, 3)",newchain08_1-2-3,537.7608349763045,1.0000000000004061,250,248,3282,OK,274.37534712891056,0.5670939599047887,0.18464343961805135,0.33476332874217385,0.03452355049392884,1.0917756510171435,0.973085576,0.9397145,0.9875959079283887,,"(1, 2, 3)",4.687150958038624,False,False
H10,newchain08,"(4, 6, 9)",newchain08_4-6-9,480.51735040287105,1.0000000000003975,250,247,3282,OK,271.131148050193,0.58961472905229,0.20049206611805626,0.33476332874217385,0.06622080349393862,1.0708317623845185,0.971739092,0.933206,0.8401510383889238,,"(4, 6, 9)",4.917263581780013,False,False
H10,newchain08,"(2, 4, 9)",newchain08_2-4-9,474.0688244185023,1.0000000000003968,250,250,3282,OK,270.8580628603992,0.5897313393185718,0.2014414951729941,0.33476332874217385,0.06811966160381429,1.1128177683202185,0.970315056,0.927213,0.9356817941394266,,"(2, 4, 9)",5.291844210363828,False,False
H10,newchain08,"(0, 3, 7)",newchain08_0-3-7,489.85416369174663,1.0000000000004001,251,252,3282,OK,219.13359953380683,0.6575069321067164,0.2018386389141894,0.33476332874217385,0.06891394908620498,1.2222347425707505,0.9684156294820717,0.9265795,0.982929104477612,,"(0, 3, 7)",5.56918897848759,False,False
H10,newchain08,"(2, 7, 9)",newchain08_2-7-9,465.2351885476866,1.0000000000004035,250,250,3282,OK,184.44702467277895,0.6937262950032226,0.20278806796912727,0.33476332874217385,0.07081280719608068,1.18015148568949,0.967924764,0.9207775,0.9008493818854596,,"(2, 7, 9)",5.943769607071405,False,False
H10,newchain08,"(1, 3, 9)",newchain08_1-3-9,501.8830880684133,1.0000000000004068,250,250,3282,OK,222.3874763180822,0.6318341866943686,0.21544152765692226,0.33476332874217385,0.09611972657167062,1.3527477881895351,0.965166172,0.9210765,0.9647721082258943,,"(1, 3, 9)",8.23207604480229,False,False
H10,newchain08,"(0, 5, 7)",newchain08_0-5-7,495.6206060488224,1.0000000000003988,251,251,3332,OK,221.69004810576888,0.6548422109968499,0.20144149517299406,0.33476332874217385,0.06811966160381425,1.2193836013818784,0.9685967490039841,0.927815,0.9718281517255257,,"(0, 5, 7)",5.291844210363828,False,False
H10,newchain08,"(2, 5, 7)",newchain08_2-5-7,473.8163167390885,1.0000000000004012,243,244,3332,OK,264.2159597675615,0.5836319791729496,0.17064340713412318,0.33476332874217385,0.006523485526072514,0.64374340169576,0.9814045226337449,0.962382,0.985731272294887,,"(2, 5, 7)",1.746919123600164,False,False
H10,newchain08,"(1, 3, 5)",newchain08_1-3-5,539.4971271192626,1.0000000000003986,248,247,3332,OK,378.92851065560774,0.4539902711634488,0.18329686682191815,0.33476332874217385,0.03183040490166244,0.9843756006246288,0.9756441491935484,0.947415,0.9893002717391305,,"(1, 3, 5)",4.035225561331047,False,False
H10,newchain08,"(5, 6, 7)",newchain08_5-6-7,478.8529816394149,1.0000000000004026,238,240,3332,OK,383.5528793205558,0.4752099108676649,0.16969397807918538,0.33476332874217385,0.004624627416196836,0.5656680563832338,0.9829519117647059,0.9677105,0.9620040349697377,,"(5, 6, 7)",1.3723384950163493,False,False
H10,newchain08,"(1, 2, 4)",newchain08_1-2-4,538.9095912007233,1.0000000000004068,250,249,3282,OK,272.07407885599275,0.568857839576873,0.184246295876856,0.33476332874217385,0.03372926301153811,1.0803320861688364,0.973519056,0.941556,0.9477124183006536,,"(1, 2, 4)",4.409806189914862,False,False
H10,newchain08,"(0, 2, 4)",newchain08_0-2-4,500.40019529917055,1.0000000000004043,251,250,3282,OK,219.13359953380683,0.6575069321067164,0.20144149517299406,0.33476332874217385,0.06811966160381425,1.250301552280292,0.9674761195219124,0.925292,0.9020170327207531,,"(0, 2, 4)",5.291844210363828,False,False
H10,newchain08,"(2, 3, 6)",newchain08_2-3-6,478.7386733568839,1.0000000000003968,240,242,3282,OK,367.0681911075562,0.47513365906027955,0.17009112182038072,0.33476332874217385,0.005418914898587555,0.6065574795101653,0.982280725,0.9669365,0.9398907103825137,,"(2, 3, 6)",1.6496832631401122,False,False
H10,newchain08,"(1, 4, 8)",newchain08_1-4-8,553.8591411982692,1.0000000000004017,252,251,3282,OK,272.44341565827847,0.5506372573995002,0.19784918461958878,0.33476332874217385,0.06093504049700372,1.3357660181287274,0.9634354603174603,0.906678,0.989323588420751,,"(1, 4, 8)",7.0726932562295595,False,False
H10,newchain08,"(2, 8, 9)",newchain08_2-8-9,435.4623831185966,1.0000000000003997,252,251,3282,OK,184.76662789016274,0.681680924469414,0.21639095671186007,0.33476332874217385,0.09801858468154628,1.1719406657769136,0.9679493650793651,0.922455,0.9501309880239521,,"(2, 8, 9)",8.606656673386103,False,False
H10,newchain08,"(2, 3, 8)",newchain08_2-3-8,473.28368600528404,1.0000000000003983,245,247,3282,OK,184.10585427309468,0.6818644202547623,0.18464343961805132,0.33476332874217385,0.03452355049392883,0.8174204088180477,0.9763179551020408,0.9460505,0.9440822830653339,,"(2, 3, 8)",4.687150958038624,False,False
H10,newchain08,"(2, 3, 5)",newchain08_2-3-5,478.5883367292616,1.0000000000004041,235,239,3332,OK,367.11090411834937,0.48369031508879784,0.16969397807918538,0.33476332874217385,0.0046246274161968375,0.563675318996694,0.9830323914893617,0.970455,0.9235998705082551,,"(2, 3, 5)",1.3723384950163493,False,False
H10,newchain08,"(0, 1, 5)",newchain08_0-1-5,531.9827462210975,1.000000000000397,251,252,3332,OK,220.2863490028264,0.6499656353417249,0.21504438391572683,0.33476332874217385,0.09532543908927986,1.4549799723111771,0.961631390438247,0.909586,0.9840519787359716,,"(0, 1, 5)",7.954731276678526,False,False
H10,newchain08,"(0, 1, 4)",newchain08_0-1-4,530.9435339440682,1.0000000000003975,252,252,3282,OK,227.08712393212238,0.6322388266890127,0.21504438391572683,0.33476332874217385,0.09532543908927983,1.4531617000359167,0.9616885992063492,0.90929,0.9548312375909993,,"(0, 1, 4)",7.954731276678526,False,False
H10,newchain08,"(3, 5, 6)",newchain08_3-5-6,487.90752478199016,1.0000000000004046,240,240,3332,OK,450.051485405722,0.4338976317781847,0.16874454902424751,0.33476332874217385,0.0027257693063211593,0.5263892542764496,0.98411235,0.9720305,0.9996274217585693,,"(3, 5, 6)",0.9977578664325344,False,False
H10,newchain08,"(2, 4, 8)",newchain08_2-4-8,478.3739776884621,1.0000000000003955,247,245,3282,OK,176.87657904912245,0.6854750421452219,0.184246295876856,0.33476332874217385,0.03372926301153811,0.8166180265135269,0.976800020242915,0.9474015,0.9869891320985764,,"(2, 4, 8)",4.409806189914862,False,False
H10,newchain08,"(5, 6, 9)",newchain08_5-6-9,479.3684805328207,1.0000000000004068,250,248,3332,OK,271.131148050193,0.5896147290522901,0.20049206611805626,0.33476332874217385,0.06622080349393862,1.0657075993135339,0.971804048,0.933617,0.7988279168886521,,"(5, 6, 9)",4.917263581780013,False,False
H10,newchain08,"(1, 2, 9)",newchain08_1-2-9,503.51383117931283,1.0000000000004086,251,251,3282,OK,222.3874763180822,0.6318341866943685,0.21639095671186007,0.33476332874217385,0.09801858468154631,1.4355653586200832,0.9630376533864542,0.9166415,0.9022229254014714,,"(1, 2, 9)",8.606656673386103,False,False
H10,newchain08,"(1, 2, 7)",newchain08_1-2-7,529.1147414909441,1.0000000000004154,251,251,3282,OK,186.60117140150413,0.6883862658219329,0.1855928686729892,0.33476332874217385,0.03642240860380452,1.150258374069945,0.9710214860557769,0.9342525,0.9703770197486535,,"(1, 2, 7)",5.0617315866224395,False,False
H10,newchain08,"(1, 5, 8)",newchain08_1-5-8,553.5739570132323,1.0000000000004021,250,251,3332,OK,272.44341565827847,0.5506372573995002,0.19784918461958878,0.33476332874217385,0.06093504049700372,1.3319931501081577,0.963285036,0.906585,0.9854585312385824,,"(1, 5, 8)",7.0726932562295595,False,False
H10,newchain08,"(0, 2, 5)",newchain08_0-2-5,501.740923403065,1.0000000000004092,251,250,3332,OK,219.13359953380683,0.6575069321067166,0.20144149517299406,0.33476332874217385,0.06811966160381425,1.2528390775897018,0.9675465498007968,0.925592,0.8853785397803892,,"(0, 2, 5)",5.291844210363828,False,False
H10,newchain08,"(4, 5, 7)",newchain08_4-5-7,481.69422445698996,1.0000000000004046,240,240,3332,OK,459.41594635572255,0.41810217192449234,0.16929683433798998,0.33476332874217385,0.0038303399338061165,0.5432073687768751,0.9833807875,0.9686215,0.8319405756731661,,"(4, 5, 7)",1.0949937268925862,False,False
H10,newchain08,"(4, 5, 6)",newchain08_4-5-6,494.4450132991882,1.0000000000004037,242,234,3332,OK,453.5689889276204,0.440788456637148,0.16834740528305214,0.33476332874217385,0.0019314818239304394,0.5300510488158936,0.9845450867768595,0.9741685,0.8284740628549792,,"(4, 5, 6)",0.7204130983087718,False,False
H10,newchain08,"(2, 5, 6)",newchain08_2-5-6,484.17472179686973,1.0000000000003983,240,239,3332,OK,367.0681911075562,0.4751336590602796,0.16969397807918538,0.33476332874217385,0.0046246274161968375,0.6046040267658425,0.9828903666666666,0.9688625,0.8967760180995475,,"(2, 5, 6)",1.3723384950163495,False,False
H10,newchain08,"(0, 5, 8)",newchain08_0-5-8,472.86607777117774,1.0000000000003988,252,251,3332,OK,218.1592656446787,0.6592466277643971,0.21504438391572683,0.33476332874217385,0.09532543908927983,1.2646044144031396,0.9668997103174604,0.918719,0.9850655903128154,,"(0, 5, 8)",7.954731276678526,False,False
H10,newchain08,"(0, 7, 8)",newchain08_0-7-8,468.8183071752645,1.000000000000401,252,252,3282,OK,186.1160531532562,0.6827556729033071,0.21639095671186007,0.33476332874217385,0.09801858468154624,1.3489175068289314,0.9639742857142857,0.912447,0.9764279238440616,,"(0, 7, 8)",8.606656673386103,False,False
H10,newchain08,"(1, 3, 4)",newchain08_1-3-4,539.1441611862123,1.0000000000004097,248,245,3282,OK,374.3528696427996,0.46148910271529836,0.18329686682191815,0.33476332874217385,0.03183040490166244,0.9855039507821916,0.9754840766129033,0.9472715,0.9726548978885428,,"(1, 3, 4)",4.035225561331047,False,False
H10,newchain08,"(0, 6, 8)",newchain08_0-6-8,474.8146307784804,1.0000000000003995,252,252,3282,OK,224.57996623956421,0.6418378105082032,0.21544152765692223,0.33476332874217385,0.09611972657167055,1.3038611457286957,0.9657525793650794,0.916777,0.9972256473489519,,"(0, 6, 8)",8.23207604480229,False,False
H10,newchain08,"(1, 8, 9)",newchain08_1-8-9,486.89942431778286,1.0000000000004052,252,251,3282,OK,189.82965922356598,0.6732514231244955,0.2299938454545929,0.33476332874217385,0.1252243621670119,1.5345264757568615,0.9565742658730159,0.892222,0.935252240088376,,"(1, 8, 9)",11.2695437397008,False,False
H10,newchain08,"(3, 4, 7)",newchain08_3-4-7,476.9079932514595,1.0000000000004048,235,240,3282,OK,458.1305423234277,0.4200015012426743,0.16969397807918538,0.33476332874217385,0.004624627416196836,0.5428519256403197,0.9828253276595744,0.967546,0.9899856938483548,,"(3, 4, 7)",1.3723384950163489,False,False
H10,newchain08,"(3, 5, 7)",newchain08_3-5-7,475.378709496244,1.0000000000004041,244,242,3332,OK,458.03292917634855,0.4198671873227114,0.16969397807918538,0.33476332874217385,0.004624627416196836,0.534151343405548,0.9838277745901639,0.968486,0.971589032044929,,"(3, 5, 7)",1.372338495016349,False,False
H10,newchain08,"(4, 6, 7)",newchain08_4-6-7,479.9619510588231,1.0000000000004088,241,238,3282,OK,459.35961394082534,0.4186241523242889,0.16969397807918538,0.33476332874217385,0.004624627416196836,0.5726786624762288,0.9828955809128631,0.967393,0.9422891952548894,,"(4, 6, 7)",1.372338495016349,False,False
H10,newchain08,"(0, 2, 9)",newchain08_0-2-9,528.6336754492042,1.0000000000004035,252,252,3282,OK,219.7253005151847,0.6554182112578293,0.23358615600799815,0.33476332874217385,0.13240898327382242,2.181771217647399,0.9377891825396826,0.843993,0.9704019888362494,,"(0, 2, 9)",9.488694693835068,False,False
H10,newchain08,"(0, 1, 9)",newchain08_0-1-9,529.9475900171426,1.0000000000004048,252,252,3282,OK,221.90427862032536,0.6527483734163233,0.24718904475073097,0.33476332874217385,0.15961476075928802,2.2516268672176385,0.9345250793650793,0.84208,0.8841300870801493,,"(0, 1, 9)",12.151581760149767,False,False
H10,newchain08,"(0, 8, 9)",newchain08_0-8-9,469.218870403517,1.0000000000004103,252,252,3282,OK,172.64984840434482,0.7228376648054322,0.24718904475073097,0.33476332874217385,0.15961476075928802,2.091481469799609,0.9414791428571428,0.853305,0.9853953244024166,,"(0, 8, 9)",12.151581760149767,False,False
H10,newchain08,"(0, 1, 8)",newchain08_0-1-8,513.7610063420049,1.0000000000003972,252,252,3282,OK,183.61884619076196,0.6942830920447453,0.22999384545459284,0.33476332874217385,0.12522436216701183,1.6596246750326231,0.9526996904761905,0.883743,0.9550110203552444,,"(0, 1, 8)",11.2695437397008,False,False
H10,newchain08,(),newchain08_floor,508.40431012408874,1.000000000000402,228,223,3282,OK,453.5689889276204,0.44078845663714805,0.16738166437108692,0.33476332874217385,0.0,0.4791593582891469,0.9851089035087719,0.976716,0.8359899328859061,,(),,True,False
H10,newchain09,"(3, 7, 9)",newchain09_3-7-9,645.6536508247676,1.0000000000003983,252,252,3332,OK,374.24895130671575,0.48447080732761005,0.23117926769707228,0.3934445863079395,0.06891394908620502,2.2540517199720798,0.9174577222222222,0.813577,0.9945745120009436,,"(3, 7, 9)",5.56918897848759,False,False
H10,newchain09,"(0, 2, 8)",newchain09_0-2-8,591.6823924368151,1.0000000000004012,252,252,3282,OK,290.3725064533767,0.5707213926502648,0.2457315854947429,0.3934445863079395,0.09801858468154624,2.2517678224667375,0.911300376984127,0.7973935,0.9901160862354892,,"(0, 2, 8)",8.606656673386103,False,False
H10,newchain09,"(1, 2, 3)",newchain09_1-2-3,840.1927891535071,1.0000000000003981,252,252,3332,OK,373.90318929985875,0.48391057598383835,0.21398406840093415,0.3934445863079395,0.03452355049392884,2.4809345897098227,0.9144425714285714,0.820942,0.9038494834651123,,"(1, 2, 3)",4.687150958038624,False,False
H10,newchain09,"(2, 4, 9)",newchain09_2-4-9,689.9444634810843,1.0000000000003966,252,252,3320,OK,376.29999957745054,0.4730569036232866,0.23078212395587688,0.3934445863079395,0.06811966160381429,2.3629507239379883,0.912023253968254,0.806174,0.9917709019091507,,"(2, 4, 9)",5.291844210363828,False,False
H10,newchain09,"(4, 6, 9)",newchain09_4-6-9,679.5065455688824,1.0000000000004012,252,252,3320,OK,373.90318929985875,0.48391057598383835,0.22983269490093905,0.3934445863079395,0.06622080349393862,2.283175671848176,0.9165480476190476,0.813847,0.9783169850283944,,"(4, 6, 9)",4.917263581780013,False,False
H10,newchain09,"(0, 3, 7)",newchain09_0-3-7,663.4581858310567,1.0000000000004077,252,252,3332,OK,305.7097375730846,0.5589467210021712,0.23117926769707223,0.3934445863079395,0.06891394908620498,2.3326487623728314,0.9105020873015873,0.799953,0.9548704723947955,,"(0, 3, 7)",5.56918897848759,False,False
H10,newchain09,"(2, 7, 9)",newchain09_2-7-9,660.6644453698003,1.0000000000004032,252,252,3320,OK,296.9090713344027,0.5426692526413337,0.2321286967520101,0.3934445863079395,0.07081280719608068,2.3597087690974274,0.9111529126984127,0.8027005,0.9462243183173416,,"(2, 7, 9)",5.943769607071405,False,False
H10,newchain09,"(1, 3, 9)",newchain09_1-3-9,764.0820813632931,1.0000000000004063,252,252,3332,OK,310.7597304290328,0.5114438437088439,0.24478215643980508,0.3934445863079395,0.09611972657167062,2.6206630821530053,0.9016850873015873,0.7994345,0.9964259786675602,,"(1, 3, 9)",8.23207604480229,False,False
H10,newchain09,"(0, 5, 7)",newchain09_0-5-7,668.8601995126478,1.0000000000003917,252,252,3282,OK,361.0572098467131,0.5016881997982784,0.23078212395587688,0.3934445863079395,0.06811966160381425,2.3402506328618924,0.9097248253968254,0.800459,0.9067939359910163,,"(0, 5, 7)",5.291844210363828,False,False
H10,newchain09,"(2, 5, 7)",newchain09_2-5-7,701.7955177845305,1.0000000000003966,252,252,3282,OK,371.4100792866857,0.4961208201092563,0.199984035917006,0.3934445863079395,0.006523485526072514,1.9790891833887472,0.9360533095238095,0.860001,0.9873820825572313,,"(2, 5, 7)",1.746919123600164,False,False
H10,newchain09,"(1, 3, 5)",newchain09_1-3-5,826.8216344534558,1.0000000000004063,252,252,3332,OK,373.90318929985875,0.48391057598383835,0.21263749560480097,0.3934445863079395,0.03183040490166244,2.3726920178288347,0.9215222857142857,0.8352135,0.8708824501487276,,"(1, 3, 5)",4.035225561331047,False,False
H10,newchain09,"(5, 6, 7)",newchain09_5-6-7,689.8605602078271,1.0000000000004001,252,252,3282,OK,371.4100792866857,0.4961208201092562,0.19903460686206817,0.3934445863079395,0.004624627416196836,1.859948672474603,0.9428550198412698,0.8743405,0.9125437611467072,,"(5, 6, 7)",1.3723384950163493,False,False
H10,newchain09,"(1, 2, 4)",newchain09_1-2-4,839.3673765666812,1.0000000000003944,252,252,3282,OK,373.90318929985875,0.4839105759838384,0.21358692465973883,0.3934445863079395,0.03372926301153811,2.4678650950978533,0.9153295912698413,0.8228775,0.8461191844091472,,"(1, 2, 4)",4.409806189914862,False,False
H10,newchain09,"(0, 2, 4)",newchain09_0-2-4,712.6617519047525,1.0000000000004001,252,252,3282,OK,361.0572098467131,0.5016881997982784,0.23078212395587688,0.3934445863079395,0.06811966160381425,2.4654359914922845,0.9023497738095239,0.785892,0.9587467945144387,,"(0, 2, 4)",5.291844210363828,False,False
H10,newchain09,"(2, 3, 6)",newchain09_2-3-6,730.3965090640165,1.0000000000003944,252,252,3332,OK,373.90318929985875,0.48391057598383835,0.19943175060326354,0.3934445863079395,0.005418914898587555,2.0162095813702563,0.9354815396825397,0.8580885,0.9500969544884225,,"(2, 3, 6)",1.6496832631401122,False,False
H10,newchain09,"(1, 4, 8)",newchain09_1-4-8,736.187046473085,1.0000000000003941,252,252,3282,OK,373.90318929985875,0.4839105759838383,0.22718981340247163,0.3934445863079395,0.06093504049700372,2.350437308548124,0.9129620476190476,0.798541,0.9698381944808085,,"(1, 4, 8)",7.0726932562295595,False,False
H10,newchain09,"(2, 8, 9)",newchain09_2-8-9,568.4877883729271,1.0000000000004043,252,252,3320,OK,300.1792395734828,0.5433582468495657,0.2457315854947429,0.3934445863079395,0.09801858468154628,2.152427400209127,0.9187010515873016,0.809175,0.9810822172842472,,"(2, 8, 9)",8.606656673386103,False,False
H10,newchain09,"(2, 3, 8)",newchain09_2-3-8,630.8792524684526,1.000000000000403,252,252,3332,OK,358.9151672357769,0.5206855498853211,0.21398406840093415,0.3934445863079395,0.03452355049392883,1.848294159262358,0.9371143174603175,0.8536725,0.9452077199869153,,"(2, 3, 8)",4.687150958038624,False,False
H10,newchain09,"(2, 3, 5)",newchain09_2-3-5,732.8388081374504,1.0000000000004066,252,252,3332,OK,373.90318929985875,0.48391057598383835,0.19903460686206817,0.3934445863079395,0.0046246274161968375,2.001909006578412,0.9365319126984127,0.860811,0.8959463087248322,,"(2, 3, 5)",1.3723384950163493,False,False
H10,newchain09,"(0, 1, 5)",newchain09_0-1-5,788.97514716554,1.0000000000003932,252,252,3282,OK,363.8564311821737,0.4792667387276263,0.24438501269860965,0.3934445863079395,0.09532543908927986,2.7007912234356772,0.8924996468253968,0.775166,0.8951401780189443,,"(0, 1, 5)",7.954731276678526,False,False
H10,newchain09,"(0, 1, 4)",newchain09_0-1-4,784.4134507803133,1.0000000000004001,252,252,3282,OK,363.8564311821737,0.4792667387276264,0.24438501269860965,0.3934445863079395,0.09532543908927983,2.6884484140488603,0.8934875912698412,0.775227,0.9174437223321089,,"(0, 1, 4)",7.954731276678526,False,False
H10,newchain09,"(3, 5, 6)",newchain09_3-5-6,723.8977920692075,1.000000000000398,251,252,3332,OK,371.4100792866857,0.4961208201092562,0.19808517780713034,0.3934445863079395,0.0027257693063211593,1.9111321880620584,0.9409219482071713,0.869888,0.9149355924335616,,"(3, 5, 6)",0.9977578664325344,False,False
H10,newchain09,"(2, 4, 8)",newchain09_2-4-8,632.3542982610509,1.0000000000004046,252,252,3282,OK,358.9547160232387,0.5207537458141115,0.21358692465973883,0.3934445863079395,0.03372926301153811,1.8407309636467104,0.9376189007936508,0.855593,0.9794537709847156,,"(2, 4, 8)",4.409806189914862,False,False
H10,newchain09,"(1, 2, 9)",newchain09_1-2-9,782.8447882691067,1.0000000000004063,252,252,3320,OK,238.57288368698892,0.5708993695283487,0.2457315854947429,0.3934445863079395,0.09801858468154631,2.7073866163319122,0.8959873134920635,0.7900215,0.9601245425247174,,"(1, 2, 9)",8.606656673386103,False,False
H10,newchain09,"(5, 6, 9)",newchain09_5-6-9,683.5654194512308,1.0000000000003988,252,252,3320,OK,373.90318929985875,0.4839105759838384,0.22983269490093908,0.3934445863079395,0.06622080349393862,2.2960274958753426,0.9156388253968254,0.812548,0.8575418994413407,,"(5, 6, 9)",4.917263581780013,False,False
H10,newchain09,"(1, 2, 7)",newchain09_1-2-7,807.7118401528462,1.0000000000004023,252,252,3282,OK,373.90318929985875,0.4839105759838384,0.214933497455872,0.3934445863079395,0.03642240860380452,2.465789861107771,0.9134168214285714,0.8181255,0.8916387580178237,,"(1, 2, 7)",5.0617315866224395,False,False
H10,newchain09,"(1, 5, 8)",newchain09_1-5-8,740.3549061906106,1.0000000000003966,252,252,3282,OK,295.2517060039188,0.5336358411308143,0.22718981340247163,0.3934445863079395,0.06093504049700372,2.3629095677822285,0.9120511111111111,0.797198,0.9900188127090301,,"(1, 5, 8)",7.0726932562295595,False,False
H10,newchain09,"(0, 2, 5)",newchain09_0-2-5,717.7347121358774,1.0000000000004052,252,252,3282,OK,361.7028172192551,0.4912581515209865,0.23078212395587688,0.3934445863079395,0.06811966160381425,2.480903849623686,0.9011359126984126,0.784273,0.9995559995559996,,"(0, 2, 5)",5.291844210363828,False,False
H10,newchain09,"(4, 5, 7)",newchain09_4-5-7,690.2268964204738,1.000000000000401,252,252,3282,OK,364.1247996849337,0.5077360306093676,0.1986374631208728,0.3934445863079395,0.0038303399338061165,1.8382083740123476,0.9439835595238095,0.8774985,0.9795709908069459,,"(4, 5, 7)",1.0949937268925862,False,False
H10,newchain09,"(4, 5, 6)",newchain09_4-5-6,726.6366808380455,1.0000000000003975,251,251,3282,OK,371.4100792866857,0.49612082010925623,0.19768803406593496,0.3934445863079395,0.0019314818239304394,1.905390758669856,0.9413342868525897,0.870735,0.8197610026231419,,"(4, 5, 6)",0.7204130983087718,False,False
H10,newchain09,"(2, 5, 6)",newchain09_2-5-6,736.2708159001778,1.0000000000004008,252,252,3282,OK,373.90318929985875,0.4839105759838383,0.19903460686206817,0.3934445863079395,0.0046246274161968375,2.0263836415067495,0.9349586547619048,0.855995,0.9723454689114447,,"(2, 5, 6)",1.3723384950163495,False,False
H10,newchain09,"(0, 5, 8)",newchain09_0-5-8,584.7938230615597,1.0000000000004046,252,252,3282,OK,288.8231169252107,0.5718949853800316,0.24438501269860965,0.3934445863079395,0.09532543908927983,2.142399730173064,0.9182837658730159,0.813159,0.9520071610548785,,"(0, 5, 8)",7.954731276678526,False,False
H10,newchain09,"(0, 7, 8)",newchain09_0-7-8,555.5678836582656,1.0000000000004003,252,252,3282,OK,235.42213599281502,0.6288053537227161,0.2457315854947429,0.3934445863079395,0.09801858468154624,2.1434585554920513,0.9179316468253969,0.8119595,0.9054933261788182,,"(0, 7, 8)",8.606656673386103,False,False
H10,newchain09,"(0, 6, 8)",newchain09_0-6-8,584.0806033967789,1.000000000000394,252,252,3282,OK,288.8231169252107,0.5718949853800315,0.24478215643980503,0.3934445863079395,0.09611972657167055,2.1689154741436876,0.9166033611111111,0.808099,0.9725823878984333,,"(0, 6, 8)",8.23207604480229,False,False
H10,newchain09,"(1, 3, 4)",newchain09_1-3-4,822.8971916277636,1.0000000000004003,252,252,3332,OK,373.90318929985875,0.4839105759838384,0.21263749560480097,0.3934445863079395,0.03183040490166244,2.358603935533317,0.9222901269841269,0.8368695,0.8562687848862173,,"(1, 3, 4)",4.035225561331047,False,False
H10,newchain09,"(1, 8, 9)",newchain09_1-8-9,654.8734974656049,1.000000000000396,252,252,3320,OK,240.07697128289695,0.5774452974987996,0.2593344742374757,0.3934445863079395,0.1252243621670119,2.5306203916537213,0.8996542063492063,0.7780165,0.9829571625978811,,"(1, 8, 9)",11.2695437397008,False,False
H10,newchain09,"(3, 4, 7)",newchain09_3-4-7,684.9584289697245,1.0000000000003968,252,252,3332,OK,364.1247996849337,0.5077360306093676,0.19903460686206817,0.3934445863079395,0.004624627416196836,1.828454420367025,0.9446171111111111,0.8787925,0.8965651328580687,,"(3, 4, 7)",1.3723384950163489,False,False
H10,newchain09,"(4, 6, 7)",newchain09_4-6-7,686.6258705198023,1.000000000000397,252,252,3282,OK,370.612046441102,0.49798641329501714,0.19903460686206817,0.3934445863079395,0.004624627416196836,1.8445597899284105,0.943851253968254,0.876728,0.9956712979124485,,"(4, 6, 7)",1.372338495016349,False,False
H10,newchain09,"(3, 5, 7)",newchain09_3-5-7,687.5858648038378,1.0000000000004035,252,252,3332,OK,364.1247996849337,0.5077360306093676,0.19903460686206817,0.3934445863079395,0.004624627416196836,1.8404253399398314,0.9439789563492064,0.8768065,0.9754374380983823,,"(3, 5, 7)",1.372338495016349,False,False
H10,newchain09,"(0, 2, 9)",newchain09_0-2-9,709.7873127798939,1.000000000000398,252,252,3320,OK,222.60217059766418,0.6517048991382353,0.262926784790881,0.3934445863079395,0.13240898327382242,3.1463602549674436,0.8540427738095238,0.686536,0.9325690203221544,,"(0, 2, 9)",9.488694693835068,False,False
H10,newchain09,"(0, 1, 9)",newchain09_0-1-9,756.9639071347858,1.0000000000004026,252,252,3320,OK,227.60065118656757,0.6352837569930372,0.2765296735336138,0.3934445863079395,0.15961476075928802,3.2500006025302093,0.8495490873015873,0.6907,0.9799418951725236,,"(0, 1, 9)",12.151581760149767,False,False
H10,newchain09,"(0, 8, 9)",newchain09_0-8-9,558.0327135020253,1.0000000000004068,252,252,3320,OK,208.95374513184973,0.6777350641823358,0.2765296735336138,0.3934445863079395,0.15961476075928802,2.832058752832675,0.8780877261904761,0.7215685,0.9925546565673954,,"(0, 8, 9)",12.151581760149767,False,False
H10,newchain09,"(0, 1, 8)",newchain09_0-1-8,677.2945855838622,1.0000000000003997,252,252,3282,OK,297.3566899500888,0.5461083337221642,0.25933447423747563,0.3934445863079395,0.12522436216701183,2.591994678865405,0.8923428452380953,0.7597865,0.9487255483106105,,"(0, 1, 8)",11.2695437397008,False,False
H10,newchain09,(),newchain09_floor,742.8302950443389,1.0000000000004032,247,247,3282,OK,371.4100792866857,0.4961208201092562,0.19672229315396975,0.3934445863079395,0.0,1.8761653924718396,0.9427593603238866,0.8751745,0.8297338879708246,,(),,True,False
H10,newchain10,"(3, 7, 9)",newchain10_3-7-9,562.5794440132435,1.0000000000003926,252,252,3232,OK,300.2934714320906,0.5717834913398825,0.22650207529716934,0.3840902015081336,0.06891394908620502,2.0288444264215078,0.9283189722222223,0.829712,0.9599047831585211,,"(3, 7, 9)",5.56918897848759,False,False
H10,newchain10,"(0, 2, 8)",newchain10_0-2-8,542.0768897247231,1.0000000000003955,252,252,3280,OK,373.2641195805062,0.5055165720827849,0.24105439309483995,0.3840902015081336,0.09801858468154624,2.3173399801321795,0.9128708492063492,0.796036,0.9639453717754173,,"(0, 2, 8)",8.606656673386103,False,False
H10,newchain10,"(1, 2, 3)",newchain10_1-2-3,611.4753197743381,1.0000000000004023,252,252,3280,OK,376.00697089744716,0.5223244404293551,0.2093068760010312,0.3840902015081336,0.03452355049392884,1.8115423179204004,0.9412245753968254,0.8650935,0.9816218264494126,,"(1, 2, 3)",4.687150958038624,False,False
H10,newchain10,"(2, 4, 9)",newchain10_2-4-9,573.0003910158122,1.0000000000004086,252,252,3280,OK,303.19077094812917,0.5622275045146339,0.22610493155597394,0.3840902015081336,0.06811966160381429,2.050274600993334,0.9273327817460317,0.8279415,0.9900332225913622,,"(2, 4, 9)",5.291844210363828,False,False
H10,newchain10,"(4, 6, 9)",newchain10_4-6-9,586.2854928436523,1.000000000000405,252,252,3280,OK,240.2760538050428,0.6297559431851026,0.2251555025010361,0.3840902015081336,0.06622080349393862,2.024541713366318,0.9290623055555556,0.8313225,0.9987369985141159,,"(4, 6, 9)",4.917263581780013,False,False
H10,newchain10,"(2, 7, 9)",newchain10_2-7-9,560.3591833231967,1.0000000000004086,252,252,3280,OK,306.1891183662837,0.5598831250943201,0.22745150435210715,0.3840902015081336,0.07081280719608068,2.10705030253143,0.923559623015873,0.81849,0.9947258146087711,,"(2, 7, 9)",5.943769607071405,False,False
H10,newchain10,"(0, 3, 7)",newchain10_0-3-7,544.7654952379812,1.0000000000004,252,252,3232,OK,295.8331220117731,0.5751482414838871,0.2265020752971693,0.3840902015081336,0.06891394908620498,2.037282361265409,0.9277056071428571,0.8291325,0.9847795386788012,,"(0, 3, 7)",5.56918897848759,False,False
H10,newchain10,"(1, 3, 9)",newchain10_1-3-9,553.3902829435729,1.0000000000004061,252,252,3232,OK,306.06090010111586,0.5637774893468612,0.24010496403990214,0.3840902015081336,0.09611972657167062,2.084730022830013,0.9245807619047619,0.8224985,0.9112139397006724,,"(1, 3, 9)",8.23207604480229,False,False
H10,newchain10,"(0, 5, 7)",newchain10_0-5-7,550.7168942871541,1.0000000000004055,252,252,3232,OK,373.62877125139704,0.525826343650216,0.22610493155597394,0.3840902015081336,0.06811966160381425,2.043486415428305,0.9273125,0.829517,0.933422946153238,,"(0, 5, 7)",5.291844210363828,False,False
H10,newchain10,"(2, 5, 7)",newchain10_2-5-7,596.827133053333,1.0000000000004097,252,252,3280,OK,458.7492303692819,0.46894280107816844,0.19530684351710306,0.3840902015081336,0.006523485526072514,1.5843369763935053,0.9551023015873016,0.9005545,0.9791792395896198,,"(2, 5, 7)",1.746919123600164,False,False
H10,newchain10,"(1, 3, 5)",newchain10_1-3-5,613.4026149886198,1.0000000000004072,252,252,3232,OK,458.35339494170137,0.4692180507525691,0.20796030320489803,0.3840902015081336,0.03183040490166244,1.6915492935484429,0.947717130952381,0.8831595,0.9788786482334869,,"(1, 3, 5)",4.035225561331047,False,False
H10,newchain10,"(5, 6, 7)",newchain10_5-6-7,608.9614665372256,1.0000000000004032,251,251,3232,OK,458.3784609455748,0.4691421481760796,0.19435741446216523,0.3840902015081336,0.004624627416196836,1.5158669218714707,0.9595530836653386,0.911465,0.9650370818828515,,"(5, 6, 7)",1.3723384950163493,False,False
H10,newchain10,"(1, 2, 4)",newchain10_1-2-4,613.891474529443,1.0000000000004086,252,252,3280,OK,376.00697089744716,0.5223244404293551,0.2089097322598359,0.3840902015081336,0.03372926301153811,1.8064764923894339,0.9414432182539683,0.866819,0.9463878326996198,,"(1, 2, 4)",4.409806189914862,False,False
H10,newchain10,"(0, 2, 4)",newchain10_0-2-4,560.0080310834156,1.0000000000004017,252,252,3280,OK,373.2470607124734,0.5160023046348795,0.22610493155597394,0.3840902015081336,0.06811966160381425,2.0803538326682447,0.9254130793650793,0.8243885,0.962234706616729,,"(0, 2, 4)",5.291844210363828,False,False
H10,newchain10,"(2, 3, 6)",newchain10_2-3-6,608.2416857419579,1.0000000000003944,251,252,3280,OK,458.7530834212332,0.4690018342019524,0.1947545582033606,0.3840902015081336,0.005418914898587555,1.5571661074939374,0.9570049920318725,0.905104,0.9160419790104948,,"(2, 3, 6)",1.6496832631401122,False,False
H10,newchain10,"(1, 4, 8)",newchain10_1-4-8,638.2112676403615,1.000000000000403,252,252,3280,OK,279.9904175995156,0.571274594799954,0.2225126210025687,0.3840902015081336,0.06093504049700372,2.1803539465223207,0.920202492063492,0.8042595,0.8881294732091044,,"(1, 4, 8)",7.0726932562295595,False,False
H10,newchain10,"(2, 8, 9)",newchain10_2-8-9,559.8462447545263,1.0000000000003968,252,252,3280,OK,293.0377674860871,0.5644182192290212,0.24105439309483995,0.3840902015081336,0.09801858468154628,2.255219979264311,0.9165263849206349,0.805279,0.9883707990206989,,"(2, 8, 9)",8.606656673386103,False,False
H10,newchain10,"(2, 3, 8)",newchain10_2-3-8,615.4245417950923,1.0000000000004001,252,252,3280,OK,445.99760967504574,0.4835419622661044,0.2093068760010312,0.3840902015081336,0.03452355049392883,1.9321653797756138,0.9361972539682539,0.8524955,0.9300613496932515,,"(2, 3, 8)",4.687150958038624,False,False
H10,newchain10,"(0, 1, 5)",newchain10_0-1-5,547.1388590694195,1.0000000000004035,252,252,3232,OK,365.16888953314907,0.5338318060828438,0.23970782029870671,0.3840902015081336,0.09532543908927986,2.077449701547343,0.9243148611111112,0.826776,0.976409530549658,,"(0, 1, 5)",7.954731276678526,False,False
H10,newchain10,"(2, 3, 5)",newchain10_2-3-5,606.3944942611164,1.000000000000407,252,252,3280,OK,458.7530834212332,0.4690018342019524,0.19435741446216523,0.3840902015081336,0.0046246274161968375,1.5124031173786514,0.9598192658730159,0.911593,0.9547486033519553,,"(2, 3, 5)",1.3723384950163493,False,False
H10,newchain10,"(0, 1, 4)",newchain10_0-1-4,546.7755006809085,1.0000000000003995,252,252,3280,OK,365.3177896335329,0.541724494303172,0.23970782029870671,0.3840902015081336,0.09532543908927983,2.073929965871054,0.9246473015873016,0.8271565,0.958356690958597,,"(0, 1, 4)",7.954731276678526,False,False
H10,newchain10,"(2, 4, 8)",newchain10_2-4-8,621.7733306323288,1.000000000000402,252,252,3280,OK,445.99760967504574,0.48354196226610435,0.2089097322598359,0.3840902015081336,0.03372926301153811,1.9384165830205338,0.936180996031746,0.8522975,0.9243238557558946,,"(2, 4, 8)",4.409806189914862,False,False
H10,newchain10,"(3, 5, 6)",newchain10_3-5-6,621.3445624098508,1.000000000000405,252,252,3232,OK,458.3784609455748,0.4691421481760796,0.1934079854072274,0.3840902015081336,0.0027257693063211593,1.4773389213950527,0.9623129365079365,0.9163265,0.9893487522824103,,"(3, 5, 6)",0.9977578664325344,False,False
H10,newchain10,"(1, 2, 9)",newchain10_1-2-9,556.7959860799085,1.0000000000004095,252,252,3280,OK,306.166682393183,0.5624498756023442,0.24105439309483995,0.3840902015081336,0.09801858468154631,2.1689134780151123,0.9199133214285714,0.813146,0.9587435861877687,,"(1, 2, 9)",8.606656673386103,False,False
H10,newchain10,"(5, 6, 9)",newchain10_5-6-9,586.0978356723754,1.0000000000004097,252,252,3232,OK,240.2760538050428,0.6297559431851026,0.22515550250103614,0.3840902015081336,0.06622080349393862,2.0220200578837746,0.929211634920635,0.832419,0.9383998812527832,,"(5, 6, 9)",4.917263581780013,False,False
H10,newchain10,"(1, 5, 8)",newchain10_1-5-8,638.2168963324668,1.000000000000395,252,252,3232,OK,279.9904175995156,0.571274594799954,0.2225126210025687,0.3840902015081336,0.06093504049700372,2.179295202054148,0.9202009484126984,0.8036145,0.8970142212037474,,"(1, 5, 8)",7.0726932562295595,False,False
H10,newchain10,"(1, 2, 7)",newchain10_1-2-7,596.5149885800374,1.0000000000004075,252,252,3280,OK,376.21636849871186,0.5222208920168669,0.21025630505596907,0.3840902015081336,0.03642240860380452,1.860540257208344,0.9379569880952381,0.855168,0.9655009451795841,,"(1, 2, 7)",5.0617315866224395,False,False
H10,newchain10,"(0, 2, 5)",newchain10_0-2-5,561.196724301885,1.0000000000004106,252,252,3280,OK,372.9481797645562,0.5162060742614277,0.22610493155597394,0.3840902015081336,0.06811966160381425,2.0834016083525504,0.9252784801587302,0.8240685,0.9626190104573124,,"(0, 2, 5)",5.291844210363828,False,False
H10,newchain10,"(4, 5, 7)",newchain10_4-5-7,608.7627555303561,1.0000000000004041,251,250,3280,OK,458.0080007056404,0.46961524883581895,0.19396027072096986,0.3840902015081336,0.0038303399338061165,1.4857832118744636,0.9612314780876494,0.9158655,0.9742159227985525,,"(4, 5, 7)",1.0949937268925862,False,False
H10,newchain10,"(4, 5, 6)",newchain10_4-5-6,629.4313439124544,1.000000000000403,250,252,3280,OK,458.7492303692819,0.46894280107816844,0.19301084166603202,0.3840902015081336,0.0019314818239304394,1.4941838138251144,0.961135232,0.913858,0.994424064563463,,"(4, 5, 6)",0.7204130983087718,False,False
H10,newchain10,"(2, 5, 6)",newchain10_2-5-6,615.4099537406781,1.0000000000004041,251,250,3280,OK,458.7530834212332,0.46900183420195246,0.19435741446216523,0.3840902015081336,0.0046246274161968375,1.567590654869698,0.9567323466135458,0.903309,0.9359937807722207,,"(2, 5, 6)",1.3723384950163495,False,False
H10,newchain10,"(0, 5, 8)",newchain10_0-5-8,554.3903091032769,1.0000000000004023,252,252,3232,OK,373.2641195805062,0.5055165720827849,0.23970782029870671,0.3840902015081336,0.09532543908927983,2.258846169033308,0.9168088492063492,0.802501,0.9489628501113325,,"(0, 5, 8)",7.954731276678526,False,False
H10,newchain10,"(0, 7, 8)",newchain10_0-7-8,547.7318310355868,1.000000000000399,252,252,3232,OK,374.6868375804384,0.5036857793729368,0.24105439309483995,0.3840902015081336,0.09801858468154624,2.325064447016347,0.9117520158730159,0.7904435,0.9921543923949147,,"(0, 7, 8)",8.606656673386103,False,False
H10,newchain10,"(0, 6, 8)",newchain10_0-6-8,557.6936533794736,1.0000000000004032,252,252,3230,OK,373.2641195805062,0.505516572082785,0.24010496403990209,0.3840902015081336,0.09611972657167055,2.2976893054359975,0.9143633611111112,0.799278,0.874926380039621,,"(0, 6, 8)",8.23207604480229,False,False
H10,newchain10,"(1, 3, 4)",newchain10_1-3-4,613.5049466233334,1.0000000000003966,252,252,3280,OK,376.2626322954494,0.5218750060261999,0.20796030320489803,0.3840902015081336,0.03183040490166244,1.691683716354295,0.9478099444444444,0.8840465,0.8435349511046722,,"(1, 3, 4)",4.035225561331047,False,False
H10,newchain10,"(1, 8, 9)",newchain10_1-8-9,558.7383288634963,1.0000000000004041,252,252,3230,OK,244.51815484850846,0.6089002702648033,0.25465728183757275,0.3840902015081336,0.1252243621670119,2.3800465530402435,0.9068444801587302,0.7776095,0.9506933744221879,,"(1, 8, 9)",11.2695437397008,False,False
H10,newchain10,"(3, 4, 7)",newchain10_3-4-7,602.1567981308796,1.0000000000004037,250,252,3280,OK,458.0080007056404,0.46961524883581895,0.19435741446216523,0.3840902015081336,0.004624627416196836,1.475194795329022,0.961664276,0.9178405,0.8576779026217228,,"(3, 4, 7)",1.3723384950163489,False,False
H10,newchain10,"(4, 6, 7)",newchain10_4-6-7,609.6025881904543,1.0000000000004043,251,251,3280,OK,458.0080007056404,0.46961524883581895,0.19435741446216523,0.3840902015081336,0.004624627416196836,1.5231327299038628,0.9590352231075697,0.910704,0.9183761918520659,,"(4, 6, 7)",1.372338495016349,False,False
H10,newchain10,"(3, 5, 7)",newchain10_3-5-7,600.8731938967094,1.000000000000402,252,252,3232,OK,458.0080007056404,0.46961524883581895,0.19435741446216523,0.3840902015081336,0.004624627416196836,1.4675052638593746,0.9624388531746032,0.9187425,0.9554927061625483,,"(3, 5, 7)",1.372338495016349,False,False
H10,newchain10,"(0, 2, 9)",newchain10_0-2-9,563.3521628977895,1.000000000000407,252,252,3280,OK,256.3073930163791,0.6232830550860526,0.258249592390978,0.3840902015081336,0.13240898327382242,2.9063127722758373,0.8771597261904762,0.713101,0.8590470919238042,,"(0, 2, 9)",9.488694693835068,False,False
H10,newchain10,"(0, 1, 9)",newchain10_0-1-9,529.869953641275,1.0000000000004072,252,252,3230,OK,256.199690152318,0.6237008676485437,0.27185248113371085,0.3840902015081336,0.15961476075928802,2.831850859568509,0.88231125,0.7278845,0.7928754730111783,,"(0, 1, 9)",12.151581760149767,False,False
H10,newchain10,"(0, 8, 9)",newchain10_0-8-9,532.1706534143482,1.000000000000401,252,252,3230,OK,256.3073930163791,0.6232830550860524,0.27185248113371085,0.3840902015081336,0.15961476075928802,2.9425021047253717,0.8748706984126984,0.7064065,0.8322637106184364,,"(0, 8, 9)",12.151581760149767,False,False
H10,newchain10,"(0, 1, 8)",newchain10_0-1-8,541.1971245770148,1.0000000000004086,252,252,3230,OK,223.3358144140789,0.6231086366848533,0.2546572818375727,0.3840902015081336,0.12522436216701183,2.412455475513289,0.9046236388888889,0.7735475,0.9989657549988509,,"(0, 1, 8)",11.2695437397008,False,False
H10,newchain10,(),newchain10_floor,643.4190136708553,1.0000000000004037,238,235,3230,OK,458.3784609455748,0.4691421481760796,0.1920451007540668,0.3840902015081336,0.0,1.434434794701607,0.9637586218487395,0.922328,0.9475374732334048,,(),,True,False
H10,newchain11,"(3, 7, 9)",newchain11_3-7-9,505.68504651922376,1.000000000000401,252,252,3232,OK,186.46610495269388,0.6896625854552457,0.20080355900942348,0.33269316893264195,0.06891394908620502,1.3430719440936196,0.9619823888888889,0.9040845,0.8496161372873702,,"(3, 7, 9)",5.56918897848759,False,False
H10,newchain11,"(0, 2, 8)",newchain11_0-2-8,451.25736505878234,1.000000000000401,252,252,3282,OK,179.1742510711005,0.7014034938792453,0.21535587680709412,0.33269316893264195,0.09801858468154624,1.3518697303598317,0.9610553333333334,0.908463,0.9273508264076945,,"(0, 2, 8)",8.606656673386103,False,False
H10,newchain11,"(1, 2, 3)",newchain11_1-2-3,619.6623526495957,1.0000000000004057,251,252,3282,OK,228.7387164479302,0.6105891961899788,0.1836083597132854,0.33269316893264195,0.03452355049392884,1.433029831346452,0.9630100517928287,0.9200905,0.9609998691270776,,"(1, 2, 3)",4.687150958038624,False,False
H10,newchain11,"(2, 4, 9)",newchain11_2-4-9,533.595304179725,1.0000000000004037,251,252,3232,OK,224.03991728376215,0.634963518408886,0.20040641526822814,0.33269316893264195,0.06811966160381429,1.4201089213251425,0.9597246852589641,0.9043915,0.9737197300516078,,"(2, 4, 9)",5.291844210363828,False,False
H10,newchain11,"(4, 6, 9)",newchain11_4-6-9,526.7159679065871,1.0000000000004046,251,252,3232,OK,183.91189331772839,0.6961403720475483,0.1994569862132903,0.33269316893264195,0.06622080349393862,1.3354034046850232,0.9626277330677291,0.909319,0.9168554408926923,,"(4, 6, 9)",4.917263581780013,False,False
H10,newchain11,"(0, 3, 7)",newchain11_0-3-7,494.6883106001083,1.0000000000004072,250,251,3282,OK,226.16114310436419,0.6359860411896998,0.20080355900942345,0.33269316893264195,0.06891394908620498,1.3166791227757642,0.962387736,0.909483,0.9808367327578029,,"(0, 3, 7)",5.56918897848759,False,False
H10,newchain11,"(2, 7, 9)",newchain11_2-7-9,514.273038915075,1.000000000000406,252,252,3232,OK,186.46610495269388,0.6896625854552456,0.20175298806436134,0.33269316893264195,0.07081280719608068,1.4419923991399581,0.958542626984127,0.898983,0.976605899381895,,"(2, 7, 9)",5.943769607071405,False,False
H10,newchain11,"(1, 3, 9)",newchain11_1-3-9,584.8274752119664,1.0000000000004046,252,252,3282,OK,222.5141206930088,0.6303152905479883,0.2144064477521563,0.33269316893264195,0.09611972657167062,1.7036670680152621,0.9527743888888889,0.893809,0.8888640429338104,,"(1, 3, 9)",8.23207604480229,False,False
H10,newchain11,"(0, 5, 7)",newchain11_0-5-7,499.0586557462251,1.0000000000004041,251,252,3282,OK,228.89037040937322,0.6317577052705907,0.2004064152682281,0.33269316893264195,0.06811966160381425,1.3101139557216324,0.9626175657370518,0.9093725,0.9320818205968299,,"(0, 5, 7)",5.291844210363828,False,False
H10,newchain11,"(2, 5, 7)",newchain11_2-5-7,512.8237763290873,1.0000000000004001,251,249,3282,OK,248.0443335670488,0.5970547339292867,0.16960832722935723,0.33269316893264195,0.006523485526072514,0.8787584004522551,0.9755235856573705,0.9429335,0.9996485061511423,,"(2, 5, 7)",1.746919123600164,False,False
H10,newchain11,"(1, 3, 5)",newchain11_1-3-5,611.5557943133965,1.0000000000004081,250,252,3282,OK,225.7441697115885,0.6182285278081389,0.1822617869171522,0.33269316893264195,0.03183040490166244,1.310629202486965,0.96701608,0.92949,0.8817985998922994,,"(1, 3, 5)",4.035225561331047,False,False
H10,newchain11,"(5, 6, 7)",newchain11_5-6-7,503.9430045707958,1.0000000000004041,245,248,3282,OK,245.11143815625314,0.6003959920632589,0.16865889817441942,0.33269316893264195,0.004624627416196836,0.74008723451191,0.978755906122449,0.95488,0.9156684235745088,,"(5, 6, 7)",1.3723384950163493,False,False
H10,newchain11,"(1, 2, 4)",newchain11_1-2-4,618.1245990329077,1.0000000000004101,252,251,3282,OK,228.16867814315688,0.6108069489362152,0.18321121597209003,0.33269316893264195,0.03372926301153811,1.4051255035718822,0.9641440833333333,0.9222245,0.9605720395616145,,"(1, 2, 4)",4.409806189914862,False,False
H10,newchain11,"(0, 2, 4)",newchain11_0-2-4,525.0022790374115,1.0000000000003986,252,252,3282,OK,222.06894343685147,0.6515054477330173,0.2004064152682281,0.33269316893264195,0.06811966160381425,1.4165610480492659,0.9587555873015873,0.902917,0.9851390220517737,,"(0, 2, 4)",5.291844210363828,False,False
H10,newchain11,"(2, 3, 6)",newchain11_2-3-6,529.3939902662448,1.0000000000004032,250,250,3232,OK,261.13432469949504,0.5841034396473364,0.16905604191561477,0.33269316893264195,0.005418914898587555,0.8933930395110163,0.975307112,0.9447805,0.9914581147909486,,"(2, 3, 6)",1.6496832631401122,False,False
H10,newchain11,"(1, 4, 8)",newchain11_1-4-8,582.0804373079085,1.0000000000004012,252,250,3282,OK,222.52745037815114,0.6273481598592459,0.19681410471482283,0.33269316893264195,0.06093504049700372,1.4668328495985477,0.9594263571428572,0.898076,0.990297833935018,,"(1, 4, 8)",7.0726932562295595,False,False
H10,newchain11,"(2, 8, 9)",newchain11_2-8-9,461.3184809284192,1.0000000000004017,252,251,3270,OK,184.47969215072746,0.6830368779718873,0.21535587680709412,0.33269316893264195,0.09801858468154628,1.341969076250765,0.9617669722222222,0.9049655,0.9776852622814322,,"(2, 8, 9)",8.606656673386103,False,False
H10,newchain11,"(2, 3, 8)",newchain11_2-3-8,488.2800678711572,1.0000000000004021,251,252,3270,OK,175.72652060710413,0.6888616902144917,0.1836083597132854,0.33269316893264195,0.03452355049392883,0.9195986053700547,0.9731950916334662,0.9337065,0.9833725721012361,,"(2, 3, 8)",4.687150958038624,False,False
H10,newchain11,"(2, 3, 5)",newchain11_2-3-5,532.5474772226535,1.0000000000004061,249,250,3282,OK,248.54111057352046,0.5934275048140788,0.16865889817441942,0.33269316893264195,0.0046246274161968375,0.8790474001156166,0.9757158514056224,0.94607,0.9975050678309684,,"(2, 3, 5)",1.3723384950163493,False,False
H10,newchain11,"(0, 1, 5)",newchain11_0-1-5,579.3023303804991,1.0000000000004052,251,251,3282,OK,225.50144703903197,0.6296278165914085,0.2140093040109609,0.33269316893264195,0.09532543908927986,1.6611313817922666,0.9524397171314741,0.8902105,0.9912084398976982,,"(0, 1, 5)",7.954731276678526,False,False
H10,newchain11,"(0, 1, 4)",newchain11_0-1-4,575.640657830979,1.0000000000004037,252,252,3282,OK,232.5778222032051,0.6108623000903551,0.2140093040109609,0.33269316893264195,0.09532543908927983,1.6504539499071045,0.9529804246031746,0.891243,0.9650801439319594,,"(0, 1, 4)",7.954731276678526,False,False
H10,newchain11,"(3, 5, 6)",newchain11_3-5-6,527.7219667145907,1.000000000000405,247,246,3282,OK,248.2374641162961,0.5919642718602247,0.16770946911948156,0.33269316893264195,0.0027257693063211593,0.7816739535310964,0.9780712672064777,0.9527175,0.9951200468475503,,"(3, 5, 6)",0.9977578664325344,False,False
H10,newchain11,"(2, 4, 8)",newchain11_2-4-8,489.98538860834276,1.0000000000004001,252,251,3270,OK,171.6496697767882,0.6952160737515019,0.18321121597209003,0.33269316893264195,0.03372926301153811,0.9012081795659899,0.9737467579365079,0.93455,0.9772727272727273,,"(2, 4, 8)",4.409806189914862,False,False
H10,newchain11,"(1, 2, 9)",newchain11_1-2-9,596.1208680776462,1.0000000000004,252,252,3282,OK,222.5141206930088,0.6303152905479883,0.21535587680709414,0.33269316893264195,0.09801858468154631,1.7897697474722503,0.9491969365079365,0.8900925,0.9731809701492538,,"(1, 2, 9)",8.606656673386103,False,False
H10,newchain11,"(5, 6, 9)",newchain11_5-6-9,528.9601250648293,1.0000000000003988,250,250,3282,OK,183.91189331772839,0.6961403720475483,0.1994569862132903,0.33269316893264195,0.06622080349393862,1.3425746696056888,0.962104944,0.908795,0.929776192020759,,"(5, 6, 9)",4.917263581780013,False,False
H10,newchain11,"(1, 2, 7)",newchain11_1-2-7,597.4044277594448,1.0000000000004012,252,251,3282,OK,228.86995804906806,0.6122087297905151,0.18455778876822324,0.33269316893264195,0.03642240860380452,1.427986595391614,0.9631146666666667,0.919916,0.908864325964456,,"(1, 2, 7)",5.0617315866224395,False,False
H10,newchain11,"(1, 5, 8)",newchain11_1-5-8,584.2669948378747,1.0000000000004088,252,252,3282,OK,221.5618446175842,0.6282721646968693,0.19681410471482283,0.33269316893264195,0.06093504049700372,1.4736563076456581,0.9589846746031746,0.89696,0.9976029962546816,,"(1, 5, 8)",7.0726932562295595,False,False
H10,newchain11,"(0, 2, 5)",newchain11_0-2-5,528.6717929160263,1.0000000000004114,252,252,3282,OK,222.26202404509098,0.6516430489980694,0.2004064152682281,0.33269316893264195,0.06811966160381425,1.4295028943873476,0.9582223571428572,0.9021585,0.9972056272884949,,"(0, 2, 5)",5.291844210363828,False,False
H10,newchain11,"(4, 5, 7)",newchain11_4-5-7,507.36668992641046,1.0000000000003895,251,250,3282,OK,252.96131817967637,0.5767447631457545,0.16826175443322403,0.33269316893264195,0.0038303399338061165,0.7305301157496218,0.9794422549800796,0.954981,0.9983124397299904,,"(4, 5, 7)",1.0949937268925862,False,False
H10,newchain11,"(4, 5, 6)",newchain11_4-5-6,530.6358103727051,1.0000000000003941,246,246,3282,OK,247.90417480689797,0.5926586150684287,0.1673123253782862,0.33269316893264195,0.0019314818239304394,0.764227962712282,0.9787602195121952,0.9551375,0.927982297324482,,"(4, 5, 6)",0.7204130983087718,False,False
H10,newchain11,"(2, 5, 6)",newchain11_2-5-6,533.8276107117057,1.0000000000003961,249,250,3282,OK,247.46028157055645,0.5956588198545977,0.16865889817441942,0.33269316893264195,0.0046246274161968375,0.8850657816964504,0.9757196827309237,0.947397,0.9094982078853047,,"(2, 5, 6)",1.3723384950163495,False,False
H10,newchain11,"(0, 5, 8)",newchain11_0-5-8,450.891830786345,1.0000000000004003,252,252,3282,OK,173.4969017917729,0.7215817673448858,0.2140093040109609,0.33269316893264195,0.09532543908927983,1.2457226505570878,0.964890257936508,0.9160815,0.9183755934942923,,"(0, 5, 8)",7.954731276678526,False,False
H10,newchain11,"(0, 7, 8)",newchain11_0-7-8,434.66362426401963,1.0000000000003997,252,252,3282,OK,179.1742510711005,0.7014034938792453,0.21535587680709412,0.33269316893264195,0.09801858468154624,1.2865968843413276,0.9633767460317461,0.912039,0.8974475018102824,,"(0, 7, 8)",8.606656673386103,False,False
H10,newchain11,"(0, 6, 8)",newchain11_0-6-8,449.06858086182046,1.0000000000004086,252,252,3282,OK,173.4969017917729,0.7215817673448857,0.21440644775215625,0.33269316893264195,0.09611972657167055,1.2717689646029982,0.9639620912698412,0.9140095,0.9193017456359103,,"(0, 6, 8)",8.23207604480229,False,False
H10,newchain11,"(1, 3, 4)",newchain11_1-3-4,608.3738488223913,1.000000000000406,251,251,3282,OK,225.7441697115885,0.6182285278081389,0.1822617869171522,0.33269316893264195,0.03183040490166244,1.2974589481204406,0.9676822191235059,0.93113,0.8709258537852227,,"(1, 3, 4)",4.035225561331047,False,False
H10,newchain11,"(1, 8, 9)",newchain11_1-8-9,531.0322744794692,1.0000000000003955,252,252,3282,OK,230.38732463384903,0.6107995406579813,0.22895876554982697,0.33269316893264195,0.1252243621670119,1.7437832177858779,0.9481871309523809,0.8717595,0.9905166574296447,,"(1, 8, 9)",11.2695437397008,False,False
H10,newchain11,"(3, 4, 7)",newchain11_3-4-7,503.5082043359802,1.000000000000395,249,250,3232,OK,205.7336311575595,0.6378306189740606,0.16865889817441942,0.33269316893264195,0.004624627416196836,0.7366392270610113,0.9793317590361446,0.9554295,0.9535280728376327,,"(3, 4, 7)",1.3723384950163489,False,False
H10,newchain11,"(4, 6, 7)",newchain11_4-6-7,502.45940145870895,1.000000000000401,250,247,3232,OK,248.85120539384343,0.5959184584906272,0.16865889817441942,0.33269316893264195,0.004624627416196836,0.7320090461901823,0.979482436,0.95527,0.9745616201531242,,"(4, 6, 7)",1.372338495016349,False,False
H10,newchain11,"(3, 5, 7)",newchain11_3-5-7,504.6799606346566,1.000000000000402,249,248,3282,OK,205.7336311575595,0.6378306189740606,0.16865889817441942,0.33269316893264195,0.004624627416196836,0.7432370874386238,0.979084108433735,0.954358,0.9789897183728208,,"(3, 5, 7)",1.372338495016349,False,False
H10,newchain11,"(0, 2, 9)",newchain11_0-2-9,564.0860504191139,1.0000000000004046,252,252,3282,OK,222.24777262493058,0.6535246657510961,0.23255107610323217,0.33269316893264195,0.13240898327382242,2.366594022186142,0.9234273055555555,0.8188915,0.9985661424606845,,"(0, 2, 9)",9.488694693835068,False,False
H10,newchain11,"(0, 1, 9)",newchain11_0-1-9,586.2345177349537,1.000000000000403,252,252,3282,OK,222.43391684108983,0.6522792210693725,0.246153964845965,0.33269316893264195,0.15961476075928802,2.4675461706070574,0.9185857658730159,0.8172725,0.8800493594163975,,"(0, 1, 9)",12.151581760149767,False,False
H10,newchain11,"(0, 8, 9)",newchain11_0-8-9,459.5443666542742,1.0000000000004021,252,252,3282,OK,175.54212629681308,0.719213463812387,0.246153964845965,0.33269316893264195,0.15961476075928802,2.1564217588076673,0.9359106468253968,0.844001,0.9628390367553865,,"(0, 8, 9)",12.151581760149767,False,False
H10,newchain11,"(0, 1, 8)",newchain11_0-1-8,519.6125220324612,1.0000000000003952,252,252,3282,OK,179.5483801917399,0.6957522893071841,0.22895876554982691,0.33269316893264195,0.12522436216701183,1.7182335913852187,0.9486825119047619,0.8766705,0.9393884675574816,,"(0, 1, 8)",11.2695437397008,False,False
H10,newchain11,(),newchain11_floor,546.4946935352,1.0000000000004075,226,227,3232,OK,248.2374641162961,0.5919642718602247,0.16634658446632097,0.33269316893264195,0.0,0.7364961162202182,0.9780374115044248,0.9571855,0.9135878489326765,,(),,True,False
H10,newchain00,,newchain00_default,535.9733612239008,1.0000000000003901,252,252,3332,OK,217.87914259329355,0.6581101054983927,,0.33528211510542105,0.13240898327382244,,,,,default_anchor,,,False,True
H10,newchain01,,newchain01_default,558.6353863922992,1.0000000000004055,247,242,3280,OK,397.4206659977941,0.45816671915396556,,0.3866664285980977,0.0046246274161968375,,,,,default_anchor,,,False,True
H10,newchain02,,newchain02_default,590.8322432763154,1.0000000000004126,252,252,3282,OK,217.05249847760211,0.661384164224307,,0.34964657949280487,0.06811966160381425,,,,,default_anchor,,,False,True
H10,newchain03,,newchain03_default,514.7898309643084,1.0000000000004055,248,245,3332,OK,178.73498837171908,0.7098115280714549,,0.42790392198906396,0.0953254390892799,,,,,default_anchor,,,False,True
H10,newchain04,,newchain04_default,671.0610694746641,1.0000000000004017,252,252,3232,OK,367.2785846626212,0.5017934741681134,,0.39240082584515773,0.03183040490166244,,,,,default_anchor,,,False,True
H10,newchain06,,newchain06_default,531.7667067570549,1.0000000000003988,247,246,3282,OK,313.31662457207,0.51112435141844,,0.33626560859167676,0.004624627416196836,,,,,default_anchor,,,False,True
H10,newchain07,,newchain07_default,501.91147855201734,1.0000000000004041,252,252,3182,OK,178.5937720785915,0.7042444037538185,,0.3417239561231551,0.09532543908927983,,,,,default_anchor,,,False,True
H10,newchain05,,newchain05_default,584.601375470756,1.000000000000397,252,252,3358,OK,219.8508330393327,0.6312523853534915,,0.35686303309553574,0.0961197265716706,,,,,default_anchor,,,False,True
H10,newchain08,,newchain08_default,556.1946929053292,1.0000000000003972,252,251,3282,OK,229.90884416202206,0.6110958937323255,,0.33476332874217385,0.061729327979394434,,,,,default_anchor,,,False,True
H10,newchain09,,newchain09_default,560.8539337836218,1.0000000000004083,252,252,3320,OK,293.839652818348,0.5632996294470087,,0.3934445863079395,0.09532543908927989,,,,,default_anchor,,,False,True
H10,newchain10,,newchain10_default,634.6837941454817,1.0000000000004046,252,252,3232,OK,279.9904175995156,0.571274594799954,,0.3840902015081336,0.061729327979394434,,,,,default_anchor,,,False,True
H10,newchain11,,newchain11_default,530.9779286096124,1.0000000000004086,252,252,3232,OK,189.3079420526469,0.679286638422355,,0.33269316893264195,0.068913949086205,,,,,default_anchor,,,False,True
