triple,captured,err_sqd,err_lucj,S0,S_int,S0_plus_Sint,system,chain
"(0, 1, 6)",0.5885763371019783,287.9825389173369,491.1771192923107,8.23207604480229,31.139863528784684,2.053085337263252,H10,identity
"(0, 1, 7)",0.6256356334818867,225.95309927133388,479.6226885678667,8.606656673386103,32.83293317781348,2.349070867813788,H10,identity
"(0, 1, 4)",0.6356385055764427,225.9529912288274,495.9167643847708,7.954731276678526,30.86864576608879,1.9231200469079501,H10,identity
"(0, 1, 5)",0.6356385055764427,225.9529912288274,495.82634686413394,7.954731276678526,30.86864576608879,1.9231200469079501,H10,identity
"(0, 1, 8)",0.6136709749648273,237.40961119760317,487.0496842892686,11.2695437397008,47.08739870417019,4.65463781930128,H10,identity
"(0, 1, 2)",0.6282143489644749,224.59889961938285,496.03208162255544,8.606656673386103,32.83293317781348,2.349070867813788,H10,identity
"(0, 1, 3)",0.6356385055764429,225.9529912288274,496.0783809389557,8.23207604480229,31.139863528784684,2.053085337263252,H10,identity
"(0, 1, 9)",0.6375995619759883,247.27858328064744,465.0262831240566,12.151581760149767,45.3649425431995,4.833276558676202,H10,identity
"(0, 2, 4)",0.6329303916639428,233.2070232490526,494.8106077309147,5.291844210363828,16.61418023973207,-0.3824469045795422,H10,identity
"(0, 2, 5)",0.5757256819880452,294.25998017798884,495.6278187479928,5.291844210363828,16.61418023973207,-0.3824469045795422,H10,identity
"(0, 2, 3)",0.6329303916639427,233.2070232490526,491.4806864689707,5.56918897848759,16.885398002427966,-0.2524816142242411,H10,identity
"(0, 2, 6)",0.5757256819880452,294.25998017798884,492.0593372179187,5.569188978487591,16.885398002427966,-0.2524816142242407,H10,identity
"(0, 2, 7)",0.5749080116609866,295.8198576831057,484.534736524088,5.943769607071405,18.578467651456762,0.04350391632629583,H10,identity
"(0, 3, 4)",0.6329303916639429,233.2070232490526,502.3437463768481,4.917263581780013,14.921110590703275,-0.6784324351300791,H10,identity
"(0, 2, 8)",0.552231926660376,303.8089550003589,472.76989256416704,8.606656673386103,32.83293317781347,2.3490708678137877,H10,identity
"(0, 2, 9)",0.6375995619759883,247.27858328064744,487.2541096978864,9.488694693835068,31.11047701684278,2.527709607188709,H10,identity
"(0, 3, 5)",0.6329303916639428,233.2070232490526,502.1327165142839,4.917263581780013,14.921110590703275,-0.6784324351300791,H10,identity
"(0, 4, 6)",0.5749080116609866,295.8198576831057,501.63496461475887,4.917263581780014,14.921110590703275,-0.6784324351300788,H10,identity
"(0, 4, 7)",0.5749080116609866,295.8198576831057,491.8506385829078,5.291844210363828,16.61418023973207,-0.3824469045795422,H10,identity
"(0, 3, 6)",0.5749080116609866,295.8198576831057,497.9087696589479,5.194608349903776,15.192328353399166,-0.548467144774778,H10,identity
"(0, 4, 5)",0.5749080116609866,295.8198576831057,507.37888900637176,4.639918813656251,14.649892828007385,-0.80839772548538,H10,identity
"(0, 3, 7)",0.5749080116609866,295.8198576831057,488.4993240064803,5.56918897848759,16.885398002427962,-0.2524816142242414,H10,identity
"(0, 3, 8)",0.5500036044192987,306.0917193849022,482.0882508525921,8.232076044802287,31.139863528784673,2.05308533726325,H10,identity
"(0, 3, 9)",0.6375995619759882,247.27858328064744,493.0284419537516,9.114114065251254,29.41740736781398,2.231724076638172,H10,identity
"(0, 4, 8)",0.5554887797095325,300.31919403956664,486.45040599536935,7.954731276678526,30.868645766088783,1.9231200469079495,H10,identity
"(0, 4, 9)",0.6375995619759884,247.27858328064744,497.717474328427,8.836769297127493,29.14618960511809,2.1017587862828715,H10,identity
"(0, 5, 6)",0.5749080116609866,295.8198576831057,502.03949755075337,4.917263581780014,14.921110590703275,-0.6784324351300788,H10,identity
"(0, 5, 7)",0.5749080116609866,295.8198576831057,491.24879544774024,5.291844210363828,16.61418023973207,-0.3824469045795422,H10,identity
"(0, 5, 8)",0.4943643243316059,374.3630554883097,486.4407790371281,7.954731276678526,30.868645766088783,1.9231200469079495,H10,identity
"(0, 5, 9)",0.6375995619759884,247.27858328064744,497.71747432850066,8.836769297127493,29.14618960511809,2.1017587862828715,H10,identity
"(0, 6, 7)",0.5749080116609865,295.8198576831057,487.79015163836,5.569188978487591,16.885398002427962,-0.25248161422424104,H10,identity
"(0, 6, 8)",0.4962774758602947,372.931064268756,486.55486483324495,8.23207604480229,31.139863528784673,2.0530853372632505,H10,identity
"(0, 6, 9)",0.6375995619759882,247.27858328064744,491.9770508179244,9.114114065251254,29.41740736781398,2.231724076638172,H10,identity
"(0, 7, 8)",0.5554887797095325,300.31919403956664,483.11733698523176,8.606656673386103,32.83293317781347,2.3490708678137877,H10,identity
"(0, 7, 9)",0.6375995619759884,247.27858328064744,486.786296091978,9.488694693835068,31.110477016842776,2.527709607188709,H10,identity
"(1, 2, 4)",0.5732385911630595,294.5243494375287,559.4266088877324,4.409806189914862,18.336636400702766,-0.561085643954464,H10,identity
"(0, 8, 9)",0.6288742346048453,257.11435362020563,450.533798639567,12.151581760149767,45.36494254319949,4.833276558676202,H10,identity
"(1, 2, 5)",0.5176330377054383,365.3931112773181,560.0498839605326,4.409806189914862,18.336636400702766,-0.561085643954464,H10,identity
"(1, 2, 3)",0.5176330377054384,365.3931112773181,560.3751655731584,4.687150958038624,18.60785416339866,-0.4311203535991628,H10,identity
"(1, 2, 6)",0.5176330377054383,365.3931112773181,558.061885492827,4.687150958038625,18.60785416339866,-0.43112035359916245,H10,identity
"(1, 2, 7)",0.5176330377054384,365.3931112773181,546.2033076698782,5.0617315866224395,20.300923812427456,-0.1351348230486259,H10,identity
"(1, 2, 8)",0.6137443107057516,240.1625352889134,577.2854788098903,7.724618652937137,34.55538933878417,2.1704321284388657,H10,identity
"(1, 2, 9)",0.6168087900914776,233.34141210869143,486.32667028443154,8.606656673386103,32.83293317781347,2.3490708678137877,H10,identity
"(1, 3, 4)",0.5188705860538558,365.3773667024529,564.46222868278,4.035225561331047,16.64356675167397,-0.8570711745050009,H10,identity
"(1, 3, 5)",0.5175877685217029,365.4335079906108,564.0533523285916,4.035225561331047,16.64356675167397,-0.8570711745050009,H10,identity
"(1, 3, 6)",0.5174272757180145,365.4504865056092,561.6485988556237,4.31257032945481,16.914784514369863,-0.7271058841496993,H10,identity
"(1, 3, 7)",0.5175877685217027,365.4335079906108,547.7107979882971,4.687150958038625,18.60785416339866,-0.43112035359916245,H10,identity
"(1, 3, 8)",0.5775381093186457,296.5457231982533,583.8429223898673,7.3500380243533225,32.86231968975537,1.8744465978883285,H10,identity
"(1, 4, 6)",0.5174272757180144,365.4504865056092,560.9308518479885,4.035225561331047,16.64356675167397,-0.8570711745050009,H10,identity
"(1, 4, 7)",0.5732385911630595,294.5243494375287,546.812813851047,4.409806189914862,18.336636400702766,-0.561085643954464,H10,identity
"(1, 4, 5)",0.5188705860538558,365.3773667024529,565.0408631486865,3.7578807932072844,16.372348988978075,-0.9870364648603022,H10,identity
"(1, 3, 9)",0.5734402956236083,295.92940093880316,488.2740544528162,8.23207604480229,31.139863528784677,2.0530853372632514,H10,identity
"(1, 4, 8)",0.5760241298828297,296.56640998204864,584.1618795127914,7.0726932562295595,32.591101927059476,1.7444813075330274,H10,identity
"(1, 4, 9)",0.5734402956236082,295.92940093880316,488.8009651316905,7.954731276678526,30.868645766088783,1.9231200469079495,H10,identity
"(1, 5, 6)",0.5174272757180144,365.4504865056092,561.1955870000518,4.035225561331048,16.64356675167397,-0.8570711745050006,H10,identity
"(1, 5, 7)",0.5175877685217027,365.4335079906108,546.0847367918423,4.409806189914862,18.336636400702766,-0.561085643954464,H10,identity
"(1, 5, 8)",0.5760241298828006,296.56640998204773,584.1618795127523,7.0726932562295595,32.591101927059476,1.7444813075330274,H10,identity
"(1, 5, 9)",0.5734402956236082,295.92940093880316,488.9572222500247,7.954731276678526,30.868645766088783,1.9231200469079495,H10,identity
"(1, 6, 7)",0.4588397102591525,458.2753501346808,544.3809363233801,4.687150958038625,18.60785416339866,-0.43112035359916245,H10,identity
"(1, 6, 8)",0.5596740718651256,303.7640003041826,585.564134664561,7.3500380243533225,32.86231968975537,1.8744465978883285,H10,identity
"(1, 6, 9)",0.5634385197749637,300.6037081154602,484.8996585090717,8.23207604480229,31.139863528784677,2.0530853372632514,H10,identity
"(1, 7, 8)",0.6137443107057515,240.1625352889134,577.9300398812346,7.724618652937137,34.55538933878417,2.1704321284388657,H10,identity
"(1, 7, 9)",0.6258653439561566,230.3124333400728,474.67299515584216,8.606656673386103,32.83293317781347,2.3490708678137877,H10,identity
"(1, 8, 9)",0.6131574261325994,238.4666851471939,486.22364910041506,11.2695437397008,47.087398704170184,4.6546378193012785,H10,identity
"(2, 3, 4)",0.470193930372267,458.6996615694874,540.6851205638086,1.3723384950163493,2.389101225317248,-3.162638125992493,H10,identity
"(2, 3, 5)",0.470193930372267,458.6996615694874,541.0026169440396,1.3723384950163493,2.389101225317248,-3.162638125992493,H10,identity
"(2, 3, 6)",0.470193930372267,458.6996615694874,539.6067880171182,1.6496832631401122,2.6603189880131404,-3.032672835637192,H10,identity
"(2, 3, 7)",0.4730280434619366,458.549396056509,530.0189981918413,2.024263891723927,4.353388637041936,-2.7366873050866554,H10,identity
"(2, 3, 8)",0.4590415324649288,458.3386915538306,547.5086243016101,4.687150958038624,18.60785416339865,-0.43112035359916373,H10,identity
"(2, 4, 5)",0.470193930372267,458.6996615694874,545.2776097498262,1.0949937268925867,2.117883462621356,-3.292603416347794,H10,identity
"(2, 3, 9)",0.5700632483773542,301.5627342514975,486.4930198325359,5.569188978487591,16.885398002427955,-0.25248161422424165,H10,identity
"(2, 4, 6)",0.470193930372267,458.6996615694874,542.2122562598126,1.3723384950163493,2.389101225317248,-3.162638125992493,H10,identity
"(2, 4, 7)",0.4700962892052299,458.69520919153393,532.3435046244614,1.746919123600164,4.082170874346044,-2.8666525954419564,H10,identity
"(2, 4, 8)",0.4726305812957362,446.27385466703015,550.75311593738,4.409806189914862,18.336636400702755,-0.5610856439544649,H10,identity
"(2, 4, 9)",0.5700632483773542,301.5627342514975,490.8176562598747,5.291844210363828,16.614180239732065,-0.3824469045795429,H10,identity
"(2, 5, 7)",0.4714804052538836,458.62551271719366,532.3435046244169,1.746919123600164,4.082170874346044,-2.8666525954419564,H10,identity
"(2, 5, 6)",0.4704020787680804,457.9529596286971,543.1771423041924,1.3723384950163495,2.389101225317248,-3.162638125992493,H10,identity
"(2, 5, 8)",0.4726305812957362,446.27385466703015,551.4698100513806,4.409806189914862,18.336636400702755,-0.5610856439544649,H10,identity
"(2, 5, 9)",0.6275684925998496,238.28833543724937,491.50023303505463,5.291844210363828,16.614180239732065,-0.3824469045795429,H10,identity
"(2, 6, 7)",0.4730280434619365,458.549396056509,531.6427135952173,2.024263891723927,4.353388637041936,-2.7366873050866554,H10,identity
"(2, 6, 8)",0.4726305812957362,446.27385466703015,553.8632310039402,4.687150958038624,18.60785416339865,-0.43112035359916373,H10,identity
"(2, 6, 9)",0.6275684925998497,238.28833543724937,488.5840816896678,5.569188978487591,16.885398002427955,-0.25248161422424165,H10,identity
"(2, 7, 8)",0.5176993128688027,365.3359286769646,550.1193139525977,5.0617315866224395,20.300923812427442,-0.13513482304862717,H10,identity
"(3, 4, 6)",0.470193930372267,458.6996615694874,553.4540947178695,0.9977578664325344,0.6960315762884526,-3.45862365654303,H10,identity
"(3, 4, 5)",0.470193930372267,458.6996615694874,557.0073591449445,0.7204130983087715,0.42481381359256054,-3.5885889468983314,H10,identity
"(2, 7, 9)",0.6297827813983574,236.38581837080696,482.54092677266146,5.943769607071405,18.57846765145675,0.043503916326294856,H10,identity
"(2, 8, 9)",0.5643467347777683,293.95766463686533,472.41898156670106,8.606656673386103,32.83293317781346,2.3490708678137864,H10,identity
"(3, 4, 7)",0.470193930372267,458.6996615694874,541.5446224819824,1.3723384950163489,2.389101225317248,-3.1626381259924936,H10,identity
"(3, 4, 8)",0.4590415324649288,458.3386915538306,565.5018429449194,4.035225561331047,16.64356675167396,-0.8570711745050019,H10,identity
"(3, 4, 9)",0.6297827813983574,236.38581837080696,500.5664767903282,4.917263581780013,14.921110590703268,-0.6784324351300798,H10,identity
"(3, 5, 7)",0.470193930372267,458.6996615694874,540.5769523617865,1.372338495016349,2.3891012253172486,-3.1626381259924936,H10,identity
"(3, 5, 6)",0.470193930372267,458.6996615694874,553.454094717849,0.9977578664325344,0.6960315762884526,-3.45862365654303,H10,identity
"(3, 5, 9)",0.6297827813983574,236.38581837080696,500.25944676279187,4.917263581780013,14.921110590703268,-0.6784324351300798,H10,identity
"(3, 5, 8)",0.4590313394325113,458.35173990481337,565.201136334216,4.035225561331047,16.64356675167396,-0.8570711745050019,H10,identity
"(3, 6, 7)",0.470193930372267,458.6996615694874,539.3711060573256,1.649683263140112,2.66031898801314,-3.032672835637192,H10,identity
"(3, 6, 8)",0.459059116929777,458.3452761510429,567.1426743153676,4.312570329454809,16.914784514369853,-0.7271058841497007,H10,identity
"(3, 6, 9)",0.6297827813983575,236.38581837080696,496.8874054361265,5.194608349903776,15.192328353399159,-0.5484671447747786,H10,identity
"(3, 7, 8)",0.459357921052832,458.2881897578508,561.4996559537894,4.687150958038624,18.60785416339865,-0.43112035359916373,H10,identity
"(4, 5, 6)",0.470193930372267,458.6996615694874,558.0968137061868,0.7204130983087718,0.42481381359256043,-3.5885889468983314,H10,identity
"(4, 5, 7)",0.470193930372267,458.6996615694874,544.946579989209,1.0949937268925862,2.1178834626213563,-3.292603416347794,H10,identity
"(3, 7, 9)",0.6297827813983575,236.38581837080696,488.66257223161114,5.56918897848759,16.885398002427955,-0.252481614224242,H10,identity
"(3, 8, 9)",0.5735870187954646,294.8068205631822,483.352752545243,8.232076044802287,31.139863528784666,2.0530853372632496,H10,identity
"(4, 5, 8)",0.459059116929777,458.3452761510429,570.4812612901807,3.757880793207284,16.372348988978068,-0.987036464860303,H10,identity
"(4, 5, 9)",0.6297827813983574,236.38581837080696,506.6369116046303,4.639918813656251,14.649892828007376,-0.8083977254853808,H10,identity
"(4, 6, 7)",0.470193930372267,458.6996615694874,542.0729876263124,1.372338495016349,2.389101225317248,-3.1626381259924936,H10,identity
"(4, 6, 8)",0.517642676055443,365.4517569539335,570.7414890433693,4.035225561331047,16.64356675167396,-0.8570711745050019,H10,identity
"(4, 6, 9)",0.6297827813983573,236.38581837080696,501.6909540244754,4.917263581780013,14.921110590703268,-0.6784324351300798,H10,identity
"(4, 7, 8)",0.518163284684482,365.0589076076844,564.8098887030768,4.409806189914861,18.336636400702755,-0.5610856439544654,H10,identity
"(4, 7, 9)",0.6297827813983574,236.38581837080696,493.12499741593376,5.291844210363828,16.614180239732065,-0.3824469045795429,H10,identity
"(4, 8, 9)",0.5738656579728079,294.5982984505724,489.0113889032852,7.954731276678525,30.868645766088775,1.9231200469079486,H10,identity
"(5, 6, 7)",0.470193930372267,458.6996615694874,541.7645566288201,1.3723384950163493,2.389101225317248,-3.162638125992493,H10,identity
"(5, 6, 8)",0.5176426760554429,365.4517569539335,571.1225565093488,4.035225561331047,16.64356675167396,-0.8570711745050019,H10,identity
"(5, 6, 9)",0.6297827813983574,236.38581837080696,501.96925772790826,4.917263581780013,14.921110590703268,-0.6784324351300798,H10,identity
"(5, 7, 8)",0.518163284684482,365.0589076076844,564.1432761711078,4.409806189914861,18.336636400702755,-0.5610856439544654,H10,identity
"(5, 8, 9)",0.6306276897312906,231.5027027367096,489.0626742584745,7.954731276678526,30.868645766088775,1.9231200469079488,H10,identity
"(5, 7, 9)",0.6297827813983574,236.38581837080696,492.4005382871979,5.291844210363828,16.614180239732065,-0.3824469045795429,H10,identity
"(6, 7, 8)",0.5181632846844821,365.0589076076844,566.5868313190527,4.687150958038624,18.60785416339865,-0.43112035359916373,H10,identity
"(6, 7, 9)",0.6297827813983574,236.38581837080696,489.737505837744,5.56918897848759,16.885398002427955,-0.252481614224242,H10,identity
"(6, 8, 9)",0.6258450900157321,230.86586030434563,489.91002699465633,8.232076044802287,31.139863528784666,2.0530853372632496,H10,identity
"(7, 8, 9)",0.6230070889245248,230.2839613082117,486.8114958338241,8.606656673386102,32.83293317781346,2.3490708678137855,H10,identity
"(1, 4, 7)",0.5780884770024218,268.87516285398937,573.5291565729196,4.409806189914862,13.191491282784412,0.617085206162739,H10,physical
"(2, 4, 6)",0.5516742832724483,297.572227797807,543.5469793089061,1.3723384950163493,2.9880413592596136,-2.2371528475291296,H10,physical
"(1, 6, 8)",0.6894747491861564,183.58452992042817,627.8038481413378,7.3500380243533225,25.998589859332228,3.852094548579001,H10,physical
"(0, 2, 7)",0.65710199899811,221.6289189077152,569.2231987578032,5.943769607071405,3.4467711708105098,-0.3418599900202717,H10,physical
"(1, 2, 6)",0.6397214424179712,220.4397209424638,571.9299272141676,4.687150958038625,14.649054299901215,0.9624364639516151,H10,physical
"(1, 6, 7)",0.578889164121683,270.74337446453,572.0075332408144,4.687150958038625,12.926598138930522,0.6849058742832588,H10,physical
"(3, 6, 9)",0.5923666542545941,269.1237568078595,547.2182783110471,5.194608349903776,3.070711011121628,-0.7009384708301027,H10,physical
"(1, 5, 7)",0.6203579204161187,226.48491392501313,570.3142466378042,4.409806189914862,13.086358383890362,0.6001456775496181,H10,physical
"(5, 7, 9)",0.6583515136233303,219.32371513488567,549.2362237674264,5.291844210363828,2.445886449236744,-0.7628719108431414,H10,physical
"(2, 3, 5)",0.5322891496125512,304.7670319220908,532.6775449619952,1.3723384950163493,4.126223078761183,-2.0537634232171635,H10,physical
"(0, 2, 9)",0.5933187615824217,268.5719206638488,602.4733056805492,9.488694693835068,4.273475509101486,1.2037353553015042,H10,physical
"(0, 5, 7)",0.6586595808195449,220.94528600747145,577.3358597889278,5.291844210363828,1.4253454432487593,-0.9273064860679573,H10,physical
"(5, 6, 7)",0.5721703343610745,269.86705160719634,548.1555388011898,1.3723384950163493,1.1604522993948714,-2.531622965810606,H10,physical
"(0, 2, 6)",0.6615930986901128,218.63787417716551,569.8481240247384,5.569188978487591,2.9880413592596136,-0.5650156996659602,H10,physical
"(1, 5, 6)",0.6511451413497085,210.0243033866711,576.4553827275219,4.035225561331048,12.627628572339466,0.3769899679039298,H10,physical
"(2, 6, 9)",0.59629229067241,268.3478007147997,541.864767463621,5.569188978487591,4.008582365247599,-0.40058112444114413,H10,physical
"(4, 6, 8)",0.5457347834575439,301.16552450996005,591.3582465847495,4.035225561331047,14.337576918690624,0.6525052370982565,H10,physical
"(1, 3, 5)",0.5687982412580788,264.65016424447094,572.0086899395964,4.035225561331047,13.870943190735085,0.5773189208290161,H10,physical
"(0, 6, 7)",0.6615930986901126,218.63787417716551,577.0673355190486,5.569188978487591,1.2655851982889208,-0.8425462893343163,H10,physical
"(2, 4, 7)",0.6955385362149424,172.14939218691416,541.6021254577306,1.746919123600164,3.4467711708105098,-2.0139971378834405,H10,physical
"(3, 4, 6)",0.4530670348135028,386.4008031346869,551.1723763754235,0.9977578664325344,2.0501700051336424,-2.5375101939180875,H10,physical
"(0, 3, 4)",0.658659580819545,220.94528600747145,575.4256702109072,4.917263581780013,2.31506314898753,-0.9331937141754387,H10,physical
"(0, 1, 9)",0.6547827697182128,219.9049260850092,588.6505862537001,12.151581760149767,14.018195621075389,3.8348176993476843,H10,physical
"(3, 8, 9)",0.6386663352819468,225.71215968089663,542.4601412591485,8.232076044802287,16.601432543074228,2.6894059131113277,H10,physical
"(5, 6, 8)",0.6067004880571014,251.1205221539532,586.7050880757167,4.035225561331047,14.232444019796574,0.6355657084851356,H10,physical
"(0, 5, 6)",0.6615930986901126,218.63787417716551,581.3216555606004,4.917263581780014,0.9666156316978631,-1.1504621957136456,H10,physical
"(0, 4, 8)",0.6532612127357948,214.50849171642173,584.3114706836543,7.954731276678526,14.602470062544512,2.2568217168409057,H10,physical
"(2, 3, 9)",0.5924755498458512,268.6432425764611,536.1828114809128,5.569188978487591,5.251896983643217,-0.2002521715160576,H10,physical
"(1, 2, 7)",0.6726222492452094,189.39782400814752,569.2755825430825,5.0617315866224395,15.10778411145211,1.1855921735973034,H10,physical
"(4, 5, 6)",0.4788693343078371,373.109132816376,557.8550583595004,0.7204130983087718,0.9666156316978629,-2.822599343576815,H10,physical
"(0, 4, 9)",0.6003501654672635,266.64047918834746,616.7529241134977,8.836769297127493,2.3571826804337848,0.6352283878669401,H10,physical
"(0, 2, 3)",0.6615930986901126,218.63787417716551,560.4989837213,5.56918897848759,4.231355977655231,-0.364686746740874,H10,physical
"(0, 2, 4)",0.6615930986901126,218.63787417716551,570.5565317509222,5.291844210363828,3.252934503113501,-0.6328363677864803,H10,physical
"(2, 6, 7)",0.63653624917405,218.56940597565887,540.5871002427523,2.024263891723927,3.1818780269566225,-1.9461764697629205,H10,physical
"(4, 6, 9)",0.6570911626581302,219.74517877720336,557.0298184490117,4.917263581780013,2.092289536579897,-0.9690880918757094,H10,physical
"(0, 1, 3)",0.6994102249597494,181.4337155473007,573.8335472198175,8.23207604480229,13.976076089629133,2.266395597305306,H10,physical
"(1, 7, 9)",0.63192635520319,229.400497251123,550.3153263048679,8.606656673386103,14.212032288772397,2.453656929250724,H10,physical
"(2, 3, 7)",0.6890443543524386,175.17356732665235,533.7249878811612,2.024263891723927,4.42519264535224,-1.7458475168378342,H10,physical
"(0, 1, 5)",0.6994102249597492,181.4337155473007,579.6544079375669,7.954731276678526,12.892521716193354,1.9813064476465787,H10,physical
"(3, 5, 9)",0.6028366049528782,256.18934824031305,548.0263981572922,4.917263581780013,3.230471256081466,-0.7856986675637436,H10,physical
"(2, 4, 6)",0.4511884049703825,372.8896294803494,571.8489957778932,1.3723384950163493,2.113335816605353,-2.901804771161905,H10,rand007
"(1, 6, 8)",0.6293327259725365,221.6377001311667,640.7952061771507,7.3500380243533225,26.02797637127412,1.484736319820654,H10,rand007
"(1, 4, 7)",0.5737332499436106,260.87977530669895,586.4094777366757,4.409806189914862,14.01861137408096,-0.693526676374397,H10,rand007
"(1, 6, 7)",0.5128302772233498,310.1122018089564,593.3144755243073,4.687150958038625,14.047812904252853,-0.5805770362708707,H10,rand007
"(0, 2, 7)",0.6695513834559433,215.39947887265853,578.6990209780561,5.943769607071405,20.723880035541246,0.47977649082219154,H10,rand007
"(3, 6, 9)",0.5923666542545103,269.1237568080016,550.2798409134613,5.194608349903776,21.752351086790846,0.26751177799096004,H10,rand007
"(1, 2, 6)",0.5163581200713618,309.62763259623307,630.4643858124912,4.687150958038625,15.643872366787946,-0.44677257230013445,H10,rand007
"(1, 5, 7)",0.5185250822422232,307.4320742311212,593.478239136008,4.409806189914862,13.930357172509273,-0.7009254020557751,H10,rand007
"(0, 2, 9)",0.6609392640751481,217.85019032460883,619.881838816041,9.488694693835068,40.715825131636215,3.5681790993345466,H10,rand007
"(2, 3, 5)",0.4580023516347256,371.58477217940344,565.3726442896741,1.3723384950163493,3.2390097214873874,-2.8074347323355635,H10,rand007
"(5, 7, 9)",0.6562824502450649,219.67120761325543,539.8716358734497,5.291844210363828,20.337323354125868,0.18762533487773914,H10,rand007
"(0, 5, 7)",0.6763101581038712,212.1238972681727,571.1073022356867,5.291844210363828,19.09400873573025,0.08339297388714834,H10,rand007
"(1, 5, 6)",0.5273514390385423,303.04575867559345,620.6896403413848,4.035225561331048,14.01400106697695,-0.8431560892351775,H10,rand007
"(5, 6, 7)",0.5642934866836116,255.9476032054704,547.8985542715407,1.3723384950163493,0.42902215249857345,-3.0430079608140193,H10,rand007
"(0, 2, 6)",0.6763101581038711,212.1238972681727,600.221839158726,5.569188978487591,20.807523930008923,0.3375458036427891,H10,rand007
"(2, 6, 9)",0.6199018458143988,232.94094787676656,566.9524848961834,5.569188978487591,22.050838548404542,0.44177816463337993,H10,rand007
"(4, 6, 8)",0.4974898002373317,340.71379782044266,571.5766673100973,4.035225561331047,12.497439821091529,-0.9702958790411162,H10,rand007
"(1, 3, 5)",0.5237414350028798,304.07945309189887,610.483710384786,4.035225561331047,15.227929173430672,-0.7413873247274586,H10,rand007
"(0, 6, 7)",0.6763101581038711,212.1238972681727,569.9319744330733,5.569188978487591,19.211464467473828,0.20374133967205282,H10,rand007
"(2, 4, 7)",0.5638144127688542,256.01746921348314,548.605735314136,1.746919123600164,2.029691922137677,-2.7595740839825025,H10,rand007
"(3, 4, 6)",0.4511884049703825,372.8896294803494,555.6080508162156,0.9977578664325344,1.814848354991657,-3.0760711578043245,H10,rand007
"(0, 3, 4)",0.6763101581038711,212.1238972681727,574.6602098111682,4.917263581780013,20.479834938223334,0.05032977689684286,H10,rand007
"(0, 1, 9)",0.6572112097363891,218.6538135657612,610.6545536919912,12.151581760149767,52.7047445835795,5.634226506942651,H10,rand007
"(3, 8, 9)",0.6378104746488928,225.4373425633629,517.1359068355548,8.232076044802287,33.64887065934444,2.475055821261887,H10,rand007
"(5, 6, 8)",0.4990303611132524,340.52337391812057,577.0418283725531,4.035225561331047,12.409185619519842,-0.9776946047224941,H10,rand007
"(0, 5, 6)",0.6763101581038711,212.1238972681727,596.1984734030024,4.917263581780014,19.177652630197926,-0.05883771329225411,H10,rand007
"(2, 3, 9)",0.7002444637381979,181.36166671463272,556.2863065787295,5.569188978487591,23.264766654858263,0.5435469291410991,H10,rand007
"(0, 4, 8)",0.6581663914550515,219.0999715854449,558.477385648139,7.954731276678526,31.162426404323206,2.156105055660052,H10,rand007
"(4, 5, 6)",0.4511884049703825,372.8896294803494,570.4920969332896,0.7204130983087718,0.48346451679435715,-3.298188288096948,H10,rand007
"(1, 2, 7)",0.5720882373340894,260.76595742499273,606.874029806578,5.0617315866224395,15.560228472320269,-0.30454188512073205,H10,rand007
"(0, 4, 9)",0.5955224169443551,268.2063642335324,611.0240526626294,8.836769297127493,39.17420803339691,3.1791943080808824,H10,rand007
"(0, 2, 3)",0.6763101581038711,212.1238972681727,584.6110129594306,5.56918897848759,22.021452036462644,0.439314568150508,H10,rand007
"(2, 6, 7)",0.5638144127688542,256.01746921348314,555.9238799791792,2.024263891723927,2.0588934523095688,-2.646624443878976,H10,rand007
"(0, 2, 4)",0.6763101581038711,212.1238972681727,593.0928121861418,5.291844210363828,20.77832239983703,0.22459616353926265,H10,rand007
"(4, 6, 9)",0.5923666542545104,269.1237568080016,556.9470430086776,4.917263581780013,20.50922145016523,0.05279337337971436,H10,rand007
"(0, 1, 3)",0.5995156824584572,261.59552953727336,602.8339159197919,8.23207604480229,34.01037148840593,2.505361975758614,H10,rand007
"(2, 3, 7)",0.5655187337498514,255.8458898518392,542.8482985182139,2.024263891723927,3.2728215587632903,-2.5448556793712562,H10,rand007
"(1, 7, 9)",0.6759621879798738,189.72591267387796,560.7915036614744,8.606656673386103,33.95611410588015,2.6500562594208876,H10,rand007
"(0, 1, 5)",0.5995156824584572,261.59552953727336,615.9617054260549,7.954731276678526,32.678987650208626,2.2832448454659895,H10,rand007
"(3, 5, 9)",0.719213463812387,175.54212629681308,553.6716401042474,4.917263581780013,21.634895355047266,0.1471634122060556,H10,rand007
"(0, 1, 2)",0.9806563594670196,28.84444850734269,196.99025271097528,1.0482837986399605,0.45406343000046834,2.271714520347501,N2,identity
"(0, 1, 3)",0.9788639618129478,31.870454303643218,199.73821783479195,0.9898300637000548,0.4425601527193188,2.039819841671935,N2,identity
"(0, 1, 4)",0.9788639618129478,31.870454303643218,199.73821783479195,0.9898300637000548,0.4425601527193188,2.039819841671935,N2,identity
"(0, 1, 5)",0.9788639618129478,31.870454303643218,199.73821783479195,0.9898300637000548,0.4425601527193188,2.039819841671935,N2,identity
"(0, 1, 6)",0.9788639618129478,31.870454303643218,199.73821783479195,0.9898300637000548,0.4425601527193188,2.039819841671935,N2,identity
"(0, 1, 7)",0.9831338991515088,24.289052413038803,195.56600417168113,1.0482837986399605,0.45406343000046834,2.271714520347501,N2,identity
"(0, 1, 8)",0.9788639618129475,31.870454303643218,178.78282184649663,1.421873223676595,0.6695918677195529,4.62532518139114,N2,identity
"(0, 1, 9)",0.9831497139805824,24.267038653349005,171.6496972727839,1.5476169674235694,0.6580885904384034,4.901706124145916,N2,identity
"(0, 2, 3)",0.965979281459412,46.56101398974499,219.48523498463143,0.6162406386634199,0.2270317150002342,-0.3137908193717053,N2,identity
"(0, 2, 4)",0.965979281459412,46.56101398974499,219.48523498463143,0.6162406386634199,0.2270317150002342,-0.3137908193717053,N2,identity
"(0, 2, 5)",0.965979281459412,46.56101398974499,219.48523498463143,0.6162406386634199,0.2270317150002342,-0.3137908193717053,N2,identity
"(0, 2, 6)",0.965979281459412,46.56101398974499,219.48523498463143,0.6162406386634199,0.2270317150002342,-0.3137908193717053,N2,identity
"(0, 2, 7)",0.9394902763932316,51.57122019664939,215.57680901892695,0.6746943736033255,0.23853499228138375,-0.08189614069613937,N2,identity
"(0, 2, 8)",0.9788639618129475,31.870454303643218,196.2401214284455,1.04828379863996,0.45406343000046834,2.2717145203474995,N2,identity
"(0, 2, 9)",0.965979281459412,46.56101398974499,190.9296843770676,1.1740275423869344,0.4425601527193188,2.5480954631022747,N2,identity
"(0, 3, 4)",0.9788639618129475,31.870454303643218,222.44706873203768,0.5577869037235144,0.21552843771908464,-0.5456854980472712,N2,identity
"(0, 3, 5)",0.9788639618129475,31.870454303643218,222.44706873203768,0.5577869037235144,0.21552843771908464,-0.5456854980472712,N2,identity
"(0, 3, 6)",0.9788639618129475,31.870454303643218,222.44706873203768,0.5577869037235144,0.21552843771908464,-0.5456854980472712,N2,identity
"(0, 3, 7)",0.9394902763932312,51.57122019664939,218.46622406026484,0.6162406386634199,0.2270317150002342,-0.3137908193717053,N2,identity
"(0, 3, 8)",0.9788639618129475,31.870454303643218,199.48932575398717,0.9898300637000546,0.4425601527193188,2.0398198416719344,N2,identity
"(0, 3, 9)",0.965979281459412,46.56101398974499,194.1210960501678,1.1155738074470287,0.43105687543816923,2.3162007844267087,N2,identity
"(0, 4, 5)",0.9788639618129475,31.870454303643218,222.44706873203768,0.5577869037235144,0.21552843771908464,-0.5456854980472712,N2,identity
"(0, 4, 6)",0.9788639618129475,31.870454303643218,222.44706873203768,0.5577869037235144,0.21552843771908464,-0.5456854980472712,N2,identity
"(0, 4, 7)",0.9394902763932312,51.57122019664939,218.46622406026484,0.6162406386634199,0.2270317150002342,-0.3137908193717053,N2,identity
"(0, 4, 8)",0.9788639618129475,31.870454303643218,199.48932575398717,0.9898300637000546,0.4425601527193188,2.0398198416719344,N2,identity
"(0, 4, 9)",0.965979281459412,46.56101398974499,194.1210960501678,1.1155738074470287,0.43105687543816923,2.3162007844267087,N2,identity
"(0, 5, 6)",0.9788639618129475,31.870454303643218,222.44706873203768,0.5577869037235144,0.21552843771908464,-0.5456854980472712,N2,identity
"(0, 5, 7)",0.9394902763932312,51.57122019664939,218.46622406026484,0.6162406386634199,0.2270317150002342,-0.3137908193717053,N2,identity
"(0, 5, 8)",0.9788639618129475,31.870454303643218,199.48932575398717,0.9898300637000546,0.4425601527193188,2.0398198416719344,N2,identity
"(0, 5, 9)",0.965979281459412,46.56101398974499,194.1210960501678,1.1155738074470287,0.43105687543816923,2.3162007844267087,N2,identity
"(0, 6, 7)",0.9394902763932312,51.57122019664939,218.46622406026484,0.6162406386634199,0.2270317150002342,-0.3137908193717053,N2,identity
"(0, 6, 8)",0.9788639618129475,31.870454303643218,199.48932575398717,0.9898300637000546,0.4425601527193188,2.0398198416719344,N2,identity
"(0, 6, 9)",0.965979281459412,46.56101398974499,194.1210960501678,1.1155738074470287,0.43105687543816923,2.3162007844267087,N2,identity
"(0, 7, 8)",0.9790483593664856,28.615051437640204,195.82076334684473,1.04828379863996,0.45406343000046834,2.2717145203474995,N2,identity
"(0, 7, 9)",0.965979281459412,46.56101398974499,191.13416703146413,1.1740275423869344,0.4425601527193188,2.5480954631022747,N2,identity
"(0, 8, 9)",0.9762021976868116,31.307073886935655,173.93339520938866,1.547616967423569,0.6580885904384034,4.901706124145914,N2,identity
"(1, 2, 4)",0.9781335524780966,29.068263305447317,222.46989511181425,0.490496894916446,0.23853499228138375,-0.590171762126479,N2,identity
"(1, 2, 3)",0.9781335524780966,29.068263305447317,222.46989511181425,0.490496894916446,0.23853499228138375,-0.590171762126479,N2,identity
"(1, 2, 5)",0.9781335524780966,29.068263305447317,222.46989511181425,0.490496894916446,0.23853499228138375,-0.590171762126479,N2,identity
"(1, 2, 6)",0.9781335524780966,29.068263305447317,222.46989511181425,0.490496894916446,0.23853499228138375,-0.590171762126479,N2,identity
"(1, 2, 7)",0.9788648172146902,27.133941327647904,218.63625060402111,0.5489506298563516,0.2500382695625333,-0.35827708345091336,N2,identity
"(1, 2, 8)",0.9770425035292898,32.43364529834025,201.60100754070243,0.9225400548929862,0.46556670728161786,1.995333577592726,N2,identity
"(1, 2, 9)",0.9788639618129475,31.870454303643218,195.7700306299159,1.0482837986399605,0.45406343000046834,2.271714520347501,N2,identity
"(1, 3, 4)",0.9581210331383864,46.02280850293994,226.2432446882627,0.4320431599765404,0.2270317150002342,-0.822066440802045,N2,identity
"(1, 3, 5)",0.9581210331383864,46.02280850293994,226.2432446882627,0.4320431599765404,0.2270317150002342,-0.822066440802045,N2,identity
"(1, 3, 6)",0.9581210331383864,46.02280850293994,226.2432446882627,0.4320431599765404,0.2270317150002342,-0.822066440802045,N2,identity
"(1, 3, 7)",0.9784605395115764,27.934429967942265,222.34307368525208,0.490496894916446,0.23853499228138375,-0.590171762126479,N2,identity
"(1, 3, 8)",0.9562949301626548,51.781914492949,205.66206399405473,0.8640863199530806,0.45406343000046834,1.76343889891716,N2,identity
"(1, 3, 9)",0.9788639618129475,31.870454303643218,199.76319712480972,0.9898300637000549,0.4425601527193188,2.0398198416719353,N2,identity
"(1, 4, 5)",0.9581210331383864,46.02280850293994,226.2432446882627,0.4320431599765404,0.2270317150002342,-0.822066440802045,N2,identity
"(1, 4, 6)",0.9581210331383864,46.02280850293994,226.2432446882627,0.4320431599765404,0.2270317150002342,-0.822066440802045,N2,identity
"(1, 4, 7)",0.9784605395115764,27.934429967942265,222.34307368525208,0.490496894916446,0.23853499228138375,-0.590171762126479,N2,identity
"(1, 4, 8)",0.9562949301626548,51.781914492949,205.66206399405473,0.8640863199530806,0.45406343000046834,1.76343889891716,N2,identity
"(1, 4, 9)",0.9788639618129475,31.870454303643218,199.76319712480972,0.9898300637000549,0.4425601527193188,2.0398198416719353,N2,identity
"(1, 5, 6)",0.9581210331383864,46.02280850293994,226.2432446882627,0.4320431599765404,0.2270317150002342,-0.822066440802045,N2,identity
"(1, 5, 7)",0.9784605395115764,27.934429967942265,222.34307368525208,0.490496894916446,0.23853499228138375,-0.590171762126479,N2,identity
"(1, 5, 9)",0.9788639618129475,31.870454303643218,199.76319712480972,0.9898300637000549,0.4425601527193188,2.0398198416719353,N2,identity
"(1, 5, 8)",0.9562949301626548,51.781914492949,205.66206399405473,0.8640863199530806,0.45406343000046834,1.76343889891716,N2,identity
"(1, 6, 7)",0.9784605395115764,27.934429967942265,222.34307368525208,0.490496894916446,0.23853499228138375,-0.590171762126479,N2,identity
"(1, 6, 8)",0.9562949301626548,51.781914492949,205.66206399405473,0.8640863199530806,0.45406343000046834,1.76343889891716,N2,identity
"(1, 6, 9)",0.9788639618129475,31.870454303643218,199.76319712480972,0.9898300637000549,0.4425601527193188,2.0398198416719353,N2,identity
"(1, 7, 8)",0.9779408261104372,29.53252499214898,202.06666723062483,0.9225400548929862,0.46556670728161786,1.995333577592726,N2,identity
"(1, 7, 9)",0.9781007032403896,31.220052190747083,196.8434288821612,1.0482837986399605,0.45406343000046834,2.271714520347501,N2,identity
"(1, 8, 9)",0.9788639618129475,31.870454303643218,181.75380398555777,1.4218732236765952,0.6695918677195529,4.6253251813911405,N2,identity
"(2, 3, 4)",0.8020183055023274,106.66698534174655,247.85509242479975,0.058453734939905605,0.011503277281149547,-3.175677101845685,N2,identity
"(2, 3, 5)",0.8020183055023274,106.66698534174655,247.85509242479975,0.058453734939905605,0.011503277281149547,-3.175677101845685,N2,identity
"(2, 3, 6)",0.8020183055023274,106.66698534174655,247.85509242479975,0.058453734939905605,0.011503277281149547,-3.175677101845685,N2,identity
"(2, 3, 7)",0.8030626249760254,104.01992929894276,244.24523114676333,0.11690746987981121,0.023006554562299088,-2.9437824231701195,N2,identity
"(2, 3, 8)",0.9781335524780966,29.068263305447317,224.9537484457278,0.49049689491644577,0.23853499228138367,-0.5901717621264803,N2,identity
"(2, 3, 9)",0.9558504132451004,33.0299463829391,221.09361992492893,0.61624063866342,0.22703171500023414,-0.3137908193717053,N2,identity
"(2, 4, 5)",0.8020183055023274,106.66698534174655,247.85509242479975,0.058453734939905605,0.011503277281149547,-3.175677101845685,N2,identity
"(2, 4, 6)",0.8020183055023274,106.66698534174655,247.85509242479975,0.058453734939905605,0.011503277281149547,-3.175677101845685,N2,identity
"(2, 4, 7)",0.8030626249760254,104.01992929894276,244.24523114676333,0.11690746987981121,0.023006554562299088,-2.9437824231701195,N2,identity
"(2, 4, 8)",0.9781335524780966,29.068263305447317,224.9537484457278,0.49049689491644577,0.23853499228138367,-0.5901717621264803,N2,identity
"(2, 4, 9)",0.9558504132451004,33.0299463829391,221.09361992492893,0.61624063866342,0.22703171500023414,-0.3137908193717053,N2,identity
"(2, 5, 6)",0.8020183055023274,106.66698534174655,247.85509242479975,0.058453734939905605,0.011503277281149547,-3.175677101845685,N2,identity
"(2, 5, 7)",0.8030626249760254,104.01992929894276,244.24523114676333,0.11690746987981121,0.023006554562299088,-2.9437824231701195,N2,identity
"(2, 5, 8)",0.9781335524780966,29.068263305447317,224.9537484457278,0.49049689491644577,0.23853499228138367,-0.5901717621264803,N2,identity
"(2, 5, 9)",0.9558504132451004,33.0299463829391,221.09361992492893,0.61624063866342,0.22703171500023414,-0.3137908193717053,N2,identity
"(2, 6, 7)",0.8030626249760254,104.01992929894276,244.24523114676333,0.11690746987981121,0.023006554562299088,-2.9437824231701195,N2,identity
"(2, 6, 8)",0.9781335524780966,29.068263305447317,224.9537484457278,0.49049689491644577,0.23853499228138367,-0.5901717621264803,N2,identity
"(2, 6, 9)",0.9558504132451004,33.0299463829391,221.09361992492893,0.61624063866342,0.22703171500023414,-0.3137908193717053,N2,identity
"(2, 7, 8)",0.9802140099837237,25.222162771839866,221.64850201534136,0.5489506298563513,0.2500382695625332,-0.35827708345091436,N2,identity
"(2, 7, 9)",0.9394902763932316,51.57122019664939,218.4791036838476,0.6746943736033257,0.23853499228138367,-0.08189614069613929,N2,identity
"(2, 8, 9)",0.9765678292215162,33.36606662193731,200.8592187391116,1.0482837986399602,0.4540634300004682,2.2717145203474995,N2,identity
"(3, 4, 6)",0.7962485851786193,113.99971569494484,251.87747738830524,2.505569063878359e-33,8.026099831447695e-36,-3.407571780521251,N2,identity
"(3, 4, 5)",0.7962485851786193,113.99971569494484,251.87747738830524,1.3426945516619363e-33,6.283947010460183e-36,-3.407571780521251,N2,identity
"(3, 4, 7)",0.8020183055023276,106.66698534184604,248.20147582488516,0.058453734939905605,0.011503277281149542,-3.175677101845685,N2,identity
"(3, 4, 8)",0.9581210331383864,46.02280850293994,229.2616047512297,0.4320431599765402,0.22703171500023414,-0.8220664408020459,N2,identity
"(3, 5, 6)",0.7962485851786193,113.99971569494484,251.87747738830524,3.066798202155826e-33,8.026099831447695e-36,-3.407571780521251,N2,identity
"(3, 4, 9)",0.9788639618129475,31.870454303643218,225.3515752890536,0.5577869037235145,0.2155284377190846,-0.5456854980472712,N2,identity
"(3, 5, 7)",0.8020183055023276,106.66698534184604,248.20147582488516,0.058453734939905605,0.011503277281149542,-3.175677101845685,N2,identity
"(3, 5, 8)",0.9581210331383864,46.02280850293994,229.2616047512297,0.4320431599765402,0.22703171500023414,-0.8220664408020459,N2,identity
"(3, 5, 9)",0.9788639618129475,31.870454303643218,225.3515752890536,0.5577869037235145,0.2155284377190846,-0.5456854980472712,N2,identity
"(3, 6, 7)",0.8020183055023276,106.66698534184604,248.20147582488516,0.058453734939905605,0.011503277281149542,-3.175677101845685,N2,identity
"(3, 6, 8)",0.9581210331383864,46.02280850293994,229.2616047512297,0.4320431599765402,0.22703171500023414,-0.8220664408020459,N2,identity
"(3, 6, 9)",0.9788639618129475,31.870454303643218,225.3515752890536,0.5577869037235145,0.2155284377190846,-0.5456854980472712,N2,identity
"(3, 7, 8)",0.9788648172146904,27.133941327647904,225.89050181281323,0.49049689491644577,0.23853499228138367,-0.5901717621264803,N2,identity
"(3, 7, 9)",0.9394902763932316,51.57122019664939,222.66688074347485,0.61624063866342,0.22703171500023414,-0.3137908193717053,N2,identity
"(3, 8, 9)",0.9788639618129475,31.870454303643218,205.37821239115317,0.9898300637000547,0.4425601527193187,2.0398198416719335,N2,identity
"(4, 5, 6)",0.7962485851786193,113.99971569494484,251.87747738830524,2.547985835484871e-33,1.7421528209875115e-36,-3.407571780521251,N2,identity
"(4, 5, 7)",0.8020183055023276,106.66698534184604,248.20147582488516,0.058453734939905605,0.011503277281149542,-3.175677101845685,N2,identity
"(4, 5, 8)",0.9581210331383864,46.02280850293994,229.2616047512297,0.4320431599765402,0.22703171500023414,-0.8220664408020459,N2,identity
"(4, 5, 9)",0.9788639618129475,31.870454303643218,225.3515752890536,0.5577869037235145,0.2155284377190846,-0.5456854980472712,N2,identity
"(4, 6, 7)",0.8020183055023276,106.66698534184604,248.20147582488516,0.058453734939905605,0.011503277281149542,-3.175677101845685,N2,identity
"(4, 6, 8)",0.9581210331383864,46.02280850293994,229.2616047512297,0.4320431599765402,0.22703171500023414,-0.8220664408020459,N2,identity
"(4, 6, 9)",0.9788639618129475,31.870454303643218,225.3515752890536,0.5577869037235145,0.2155284377190846,-0.5456854980472712,N2,identity
"(4, 7, 8)",0.9788648172146904,27.133941327647904,225.89050181281323,0.49049689491644577,0.23853499228138367,-0.5901717621264803,N2,identity
"(4, 7, 9)",0.9394902763932316,51.57122019664939,222.66688074347485,0.61624063866342,0.22703171500023414,-0.3137908193717053,N2,identity
"(4, 8, 9)",0.9788639618129475,31.870454303643218,205.37821239115317,0.9898300637000547,0.4425601527193187,2.0398198416719335,N2,identity
"(5, 6, 7)",0.8020183055023276,106.66698534184604,248.20147582488516,0.058453734939905605,0.011503277281149542,-3.175677101845685,N2,identity
"(5, 6, 8)",0.9581210331383864,46.02280850293994,229.2616047512297,0.4320431599765402,0.22703171500023414,-0.8220664408020459,N2,identity
"(5, 6, 9)",0.9788639618129475,31.870454303643218,225.3515752890536,0.5577869037235145,0.2155284377190846,-0.5456854980472712,N2,identity
"(5, 7, 8)",0.9788648172146904,27.133941327647904,225.89050181281323,0.49049689491644577,0.23853499228138367,-0.5901717621264803,N2,identity
"(5, 7, 9)",0.9394902763932316,51.57122019664939,222.66688074347485,0.61624063866342,0.22703171500023414,-0.3137908193717053,N2,identity
"(5, 8, 9)",0.9788639618129475,31.870454303643218,205.37821239115317,0.9898300637000547,0.4425601527193187,2.0398198416719335,N2,identity
"(6, 7, 8)",0.9788648172146904,27.133941327647904,225.89050181281323,0.49049689491644577,0.23853499228138367,-0.5901717621264803,N2,identity
"(6, 7, 9)",0.9394902763932316,51.57122019664939,222.66688074347485,0.61624063866342,0.22703171500023414,-0.3137908193717053,N2,identity
"(6, 8, 9)",0.9788639618129475,31.870454303643218,205.37821239115317,0.9898300637000547,0.4425601527193187,2.0398198416719335,N2,identity
"(7, 8, 9)",0.9788515552522662,29.259903314340363,202.97158975022,1.0482837986399602,0.4540634300004682,2.2717145203474995,N2,identity
"(2, 4, 6)",0.8020183055023274,106.66698534174655,247.85509242479975,0.058453734939905605,0.011503277281149547,-2.755180849638616,N2,reverse
"(2, 4, 5)",0.8020183055023274,106.66698534174655,247.85509242479975,0.058453734939905605,0.011503277281149547,-2.755180849638616,N2,reverse
"(2, 5, 8)",0.9781335524780966,29.068263305447317,224.9537484457278,0.49049689491644577,0.2385349922813837,-0.5549058731956522,N2,reverse
"(3, 5, 7)",0.8020183055023276,106.66698534184604,248.20147582488516,0.058453734939905605,0.011503277281149542,-2.755180849638616,N2,reverse
"(0, 3, 9)",0.965979281459412,46.56101398974499,194.1210960501678,1.1155738074470287,0.43105687543816923,1.914764712439832,N2,reverse
"(2, 5, 9)",0.9558504132451004,33.0299463829391,221.09361992492893,0.61624063866342,0.22703171500023414,-0.32179532653825693,N2,reverse
"(0, 2, 3)",0.965979281459412,46.56101398974499,219.48523498463143,0.6162406386634199,0.2270317150002342,-0.32179532653825693,N2,reverse
"(0, 3, 5)",0.9788639618129475,31.870454303643218,222.44706873203768,0.5577869037235144,0.21552843771908464,-0.5186208106605268,N2,reverse
"(0, 1, 4)",0.9788639618129478,31.870454303643218,199.73821783479195,0.9898300637000548,0.4425601527193188,1.6816541657824378,N2,reverse
"(0, 6, 9)",0.965979281459412,46.56101398974499,194.1210960501678,1.1155738074470287,0.43105687543816923,1.914764712439832,N2,reverse
"(2, 3, 5)",0.8020183055023274,106.66698534174655,247.85509242479975,0.058453734939905605,0.011503277281149547,-2.755180849638616,N2,reverse
"(2, 4, 9)",0.9558504132451004,33.0299463829391,221.09361992492893,0.61624063866342,0.22703171500023414,-0.32179532653825693,N2,reverse
"(0, 6, 8)",0.9788639618129475,31.870454303643218,199.48932575398717,0.9898300637000546,0.44256015271931876,1.6816541657824369,N2,reverse
"(3, 6, 8)",0.9581210331383864,46.02280850293994,229.2616047512297,0.4320431599765402,0.22703171500023414,-0.7517313573179221,N2,reverse
"(2, 3, 7)",0.8030626249760254,104.01992929894276,244.24523114676333,0.11690746987981121,0.023006554562299088,-2.558355365516346,N2,reverse
"(3, 6, 9)",0.9788639618129475,31.870454303643218,225.3515752890536,0.5577869037235145,0.2155284377190846,-0.5186208106605268,N2,reverse
"(7, 8, 9)",0.9788515552522662,29.259903314340363,202.97158975022,1.0482837986399602,0.4540634300004683,1.878479649904707,N2,reverse
"(1, 5, 6)",0.9581210331383864,46.02280850293994,226.2432446882627,0.4320431599765404,0.2270317150002342,-0.7517313573179212,N2,reverse
"(1, 2, 7)",0.9788648172146902,27.133941327647904,218.63625060402111,0.5489506298563516,0.2500382695625333,-0.3580803890733817,N2,reverse
"(0, 5, 8)",0.9788639618129475,31.870454303643218,199.48932575398717,0.9898300637000546,0.44256015271931876,1.6816541657824369,N2,reverse
"(1, 2, 9)",0.9788639618129475,31.870454303643218,195.7700306299159,1.0482837986399605,0.45406343000046834,1.8784796499047076,N2,reverse
"(0, 1, 9)",0.9831497139805824,24.267038653349005,171.6496972727839,1.5476169674235694,0.6580885904384034,4.115039688882797,N2,reverse
"(3, 8, 9)",0.9788639618129475,31.870454303643218,205.37821239115317,0.9898300637000547,0.4425601527193187,1.6816541657824369,N2,reverse
"(2, 3, 4)",0.8020183055023274,106.66698534174655,247.85509242479975,0.058453734939905605,0.011503277281149547,-2.755180849638616,N2,reverse
"(2, 6, 7)",0.8030626249760254,104.01992929894276,244.24523114676333,0.11690746987981121,0.023006554562299088,-2.558355365516346,N2,reverse
"(0, 3, 6)",0.9788639618129475,31.870454303643218,222.44706873203768,0.5577869037235144,0.21552843771908464,-0.5186208106605268,N2,reverse
"(0, 1, 3)",0.9788639618129478,31.870454303643218,199.73821783479195,0.9898300637000548,0.4425601527193188,1.6816541657824378,N2,reverse
"(3, 5, 6)",0.7962485851786193,113.99971569494484,251.87747738830524,3.066798202155826e-33,8.026099831447695e-36,-2.952006333760886,N2,reverse
"(0, 3, 8)",0.9788639618129475,31.870454303643218,199.48932575398717,0.9898300637000546,0.44256015271931876,1.6816541657824369,N2,reverse
"(1, 3, 8)",0.9562949301626548,51.781914492949,205.66206399405473,0.8640863199530806,0.45406343000046834,1.4485436191250427,N2,reverse
"(1, 3, 9)",0.9788639618129475,31.870454303643218,199.76319712480972,0.9898300637000549,0.4425601527193188,1.681654165782438,N2,reverse
"(0, 1, 2)",0.9806563594670196,28.84444850734269,196.99025271097528,1.0482837986399605,0.45406343000046834,1.8784796499047076,N2,reverse
"(5, 8, 9)",0.9788639618129475,31.870454303643218,205.37821239115317,0.9898300637000547,0.4425601527193187,1.6816541657824369,N2,reverse
"(3, 4, 5)",0.7962485851786193,113.99971569494484,251.87747738830524,1.3426945516619363e-33,6.283947010460183e-36,-2.952006333760886,N2,reverse
"(2, 3, 6)",0.8020183055023274,106.66698534174655,247.85509242479975,0.058453734939905605,0.011503277281149547,-2.755180849638616,N2,reverse
"(0, 8, 9)",0.9762021976868116,31.307073886935655,173.93339520938866,1.547616967423569,0.6580885904384033,4.115039688882796,N2,reverse
"(4, 5, 9)",0.9788639618129475,31.870454303643218,225.3515752890536,0.5577869037235145,0.2155284377190846,-0.5186208106605268,N2,reverse
"(1, 5, 9)",0.9788639618129475,31.870454303643218,199.76319712480972,0.9898300637000549,0.4425601527193188,1.681654165782438,N2,reverse
"(3, 5, 8)",0.9581210331383864,46.02280850293994,229.2616047512297,0.4320431599765402,0.22703171500023414,-0.7517313573179221,N2,reverse
"(5, 6, 9)",0.9788639618129475,31.870454303643218,225.3515752890536,0.5577869037235145,0.2155284377190846,-0.5186208106605268,N2,reverse
"(2, 4, 6)",0.964392756715518,45.75080481754412,267.07652547921157,0.058453734939905605,0.0034168391284247414,-2.530488502135983,N2,r039
"(2, 4, 5)",0.964392756715518,45.75080481754412,267.07652547921157,0.058453734939905605,0.0034168391284247414,-2.530488502135983,N2,r039
"(2, 5, 8)",0.973211483030115,37.2598280890486,241.54385177331503,0.49049689491644577,0.0034168391284247414,-1.522054930460562,N2,r039
"(3, 5, 7)",0.9645794364322232,41.59491381363978,266.5205507887407,0.058453734939905605,0.0034168391284247414,-2.530488502135983,N2,r039
"(0, 3, 9)",0.9629211927822986,48.084568788738125,212.15498198834837,1.1155738074470287,0.837780897650015,2.699924647209544,N2,r039
"(2, 5, 9)",0.9620023579000732,49.22033479513743,236.5760135249104,0.61624063866342,0.5300715068129745,0.5154537626984339,N2,r039
"(0, 2, 3)",0.9632309741275616,50.33715381054549,241.1634771947604,0.6162406386634199,0.3145430690938899,-0.1982657179505231,N2,r039
"(0, 3, 5)",0.9620186330560144,51.71034096474614,243.87458946036136,0.5577869037235144,0.3111262299654652,-0.3460176176248726,N2,r039
"(0, 1, 4)",0.9762021976868118,31.307073886935655,220.9527530809083,0.9898300637000548,0.5266546676845498,1.3761354346995058,N2,r039
"(0, 6, 9)",0.9629211927822986,48.084568788738125,212.15498198834837,1.1155738074470287,0.837780897650015,2.699924647209544,N2,r039
"(2, 3, 5)",0.964392756715518,45.75080481754412,267.07652547921157,0.058453734939905605,0.0034168391284247414,-2.530488502135983,N2,r039
"(2, 4, 9)",0.9620023579000732,49.22033479513743,236.5760135249104,0.61624063866342,0.5300715068129745,0.5154537626984339,N2,r039
"(0, 6, 8)",0.972737887074901,39.53086646883719,218.7170897838655,0.9898300637000546,0.3111262299654652,0.6624159540505486,N2,r039
"(3, 6, 8)",0.9570155385460308,49.74748074573654,245.56959412902305,0.4320431599765402,2.689956693544489e-35,-1.6698068301349114,N2,r039
"(2, 3, 7)",0.9674939870277988,38.688189150647645,262.84131698631086,0.11690746987981121,0.006833678256849483,-2.3827366024616334,N2,r039
"(3, 6, 9)",0.9620023579000732,49.22033479513743,240.55128666454095,0.5577869037235145,0.5266546676845498,0.3677018630240845,N2,r039
"(7, 8, 9)",0.9586843253266693,53.32064297364525,215.16282453404756,1.0482837986399602,0.5300715068129745,1.523887334373855,N2,r039
"(1, 5, 6)",0.942393460578674,68.95021345904695,245.24401080779512,0.4320431599765404,0.21552843771908464,-0.9560873494859541,N2,r039
"(1, 2, 7)",0.9647967029331338,44.664896552149,237.29449294354765,0.5489506298563516,0.22236211597593414,-0.660583550137255,N2,r039
"(0, 5, 8)",0.972737887074901,39.53086646883719,218.7170897838655,0.9898300637000546,0.3111262299654652,0.6624159540505486,N2,r039
"(1, 2, 9)",0.9762021976868118,31.307073886935655,211.2020897824749,1.0482837986399605,0.7455999445320591,2.2376068150228123,N2,r039
"(0, 1, 9)",0.9762021976868116,31.307073886935655,189.29863894774712,1.5476169674235694,1.0533093353690997,4.422077699533924,N2,r039
"(3, 8, 9)",0.9692307391254824,44.76206515614933,218.1819586831466,0.9898300637000547,0.5266546676845498,1.3761354346995056,N2,r039
"(2, 3, 4)",0.964392756715518,45.75080481754412,267.07652547921157,0.058453734939905605,0.0034168391284247414,-2.530488502135983,N2,r039
"(2, 6, 7)",0.9674939870277988,38.688189150647645,262.84131698631086,0.11690746987981121,0.006833678256849483,-2.3827366024616334,N2,r039
"(0, 3, 6)",0.9620186330560144,51.71034096474614,243.87458946036136,0.5577869037235144,0.3111262299654652,-0.3460176176248726,N2,r039
"(0, 1, 3)",0.9762021976868118,31.307073886935655,220.9527530809083,0.9898300637000548,0.5266546676845498,1.3761354346995058,N2,r039
"(3, 5, 6)",0.9571792171749968,49.68586330053881,270.8228584398995,3.066798202155826e-33,2.689956693544489e-35,-2.6782404018103327,N2,r039
"(0, 3, 8)",0.972737887074901,39.53086646883719,218.7170897838655,0.9898300637000546,0.3111262299654652,0.6624159540505486,N2,r039
"(1, 3, 8)",0.9570155385460308,49.74748074573654,222.1292335695466,0.8640863199530806,0.21552843771908464,0.052346222189467106,N2,r039
"(1, 3, 9)",0.9629024200878444,47.068027818241376,214.89981511282963,0.9898300637000549,0.7421831054036345,2.089854915348463,N2,r039
"(0, 1, 2)",0.9762021976868116,31.307073886935655,218.47619688747957,1.0482837986399605,0.5300715068129745,1.5238873343738555,N2,r039
"(5, 8, 9)",0.9692307391254824,44.76206515614933,218.1819586831466,0.9898300637000547,0.5266546676845498,1.3761354346995056,N2,r039
"(3, 4, 5)",0.9571792171749968,49.68586330053881,270.8228584398995,1.3426945516619363e-33,3.0362047528521725e-35,-2.6782404018103327,N2,r039
"(2, 3, 6)",0.964392756715518,45.75080481754412,267.07652547921157,0.058453734939905605,0.0034168391284247414,-2.530488502135983,N2,r039
"(0, 8, 9)",0.9707238680482776,38.886291139135665,190.02895637210315,1.547616967423569,0.837780897650015,3.708358218884965,N2,r039
"(4, 5, 9)",0.9620023579000732,49.22033479513743,240.55128666454095,0.5577869037235145,0.5266546676845498,0.3677018630240845,N2,r039
"(1, 5, 9)",0.9629024200878444,47.068027818241376,214.89981511282963,0.9898300637000549,0.7421831054036345,2.089854915348463,N2,r039
"(3, 5, 8)",0.9570155385460308,49.74748074573654,245.56959412902305,0.4320431599765402,4.7515186860429594e-35,-1.6698068301349114,N2,r039
"(5, 6, 9)",0.9620023579000732,49.22033479513743,240.55128666454095,0.5577869037235145,0.5266546676845498,0.3677018630240845,N2,r039
"(4, 6, 9)",0.6534450110507337,221.89807501795488,472.69552039154394,4.917263581780013,17.403925535397285,0.3774073135822579,H10,newchain00
"(0, 3, 7)",0.6173282439626219,235.85003357562505,539.0437364088001,5.56918897848759,3.3781732536530416,-0.9116712253395212,H10,newchain00
"(1, 2, 3)",0.6936498745444886,172.10646317464565,491.4514265928478,4.687150958038624,18.182036644563418,0.3889873207297992,H10,newchain00
"(1, 3, 9)",0.7133078787352902,178.66940062463854,430.0323838734785,8.23207604480229,31.611006670219,2.9115891835533505,H10,newchain00
"(3, 7, 9)",0.6530852323389585,221.98519838737596,461.8957090195756,5.56918897848759,17.70289510198834,0.6106425653354286,H10,newchain00
"(2, 4, 9)",0.6687947443469664,218.00639165689884,453.29827930248,5.291844210363828,18.493064458542737,0.6089079674099819,H10,newchain00
"(2, 7, 9)",0.6945330051742714,184.20896517347617,451.95825622288055,5.943769607071405,18.792034025133795,0.842143219163153,H10,newchain00
"(0, 2, 8)",0.629178300662566,219.19472177023192,553.668515633988,8.606656673386103,5.668025158770496,0.2703380894264873,H10,newchain00
"(0, 5, 7)",0.5612889286146188,276.97309603058784,546.3395829677173,5.291844210363828,2.1642451471993205,-1.1263848422012752,H10,newchain00
"(5, 6, 7)",0.5874866244388663,256.07458130966967,515.1289959294827,1.3723384950163493,1.9708580467335843,-2.358173568177601,H10,newchain00
"(1, 3, 5)",0.640004759208646,197.31982953342,502.1483799135424,4.035225561331047,15.878969614964243,-0.05722694995967903,H10,newchain00
"(2, 5, 7)",0.6422599838752368,196.5335537452182,497.8394967647386,1.746919123600164,3.0599969698790375,-2.126672914349877,H10,newchain00
"(1, 2, 4)",0.6327583483152573,223.654503063047,495.36582525071185,4.409806189914862,17.249749840147118,0.20420422835952357,H10,newchain00
"(0, 2, 4)",0.6385895513977805,225.71776281295007,533.9670185486174,5.291844210363828,4.168342610207437,-0.9134058232649681,H10,newchain00
"(2, 3, 6)",0.4675425904256937,386.4664475092958,496.1243989637154,1.6496832631401122,4.907242314157998,-1.960411456871018,H10,newchain00
"(1, 4, 8)",0.6232714482831302,222.7019127615444,574.3630096661905,7.0726932562295595,16.728006661148427,0.9716643948529793,H10,newchain00
"(2, 8, 9)",0.6440723746338548,225.96407216023985,463.7287622264514,8.606656673386103,19.992747007105798,1.7926518801014375,H10,newchain00
"(2, 3, 5)",0.4678745853154408,386.4355041608496,493.2555505080902,1.3723384950163493,3.6933142077042773,-2.1751250737327723,H10,newchain00
"(0, 1, 5)",0.6322897709162592,229.9657989502384,514.2499106613033,7.954731276678526,16.07235671542998,1.1745617760166467,H10,newchain00
"(0, 1, 4)",0.633369722154109,230.82617000723093,514.4261277213582,7.954731276678526,16.3539980174674,1.2044923005081252,H10,newchain00
"(2, 3, 8)",0.6346393907767476,212.3361673198021,542.3344364586721,4.687150958038624,5.47463805830476,-0.9614506365498385,H10,newchain00
"(3, 5, 6)",0.4629744190905218,387.6243093148695,514.8286671250295,0.9977578664325344,2.6041752845588237,-2.4066257275604963,H10,newchain00
"(1, 2, 9)",0.7133078787352901,178.66940062463854,423.5531116259814,8.606656673386103,32.700145593364454,3.1430898373810745,H10,newchain00
"(2, 4, 8)",0.6321987172055368,218.6650931911549,549.4731508189279,4.409806189914862,4.542351253888462,-1.1462337289201137,H10,newchain00
"(5, 6, 9)",0.6611848587247225,220.02142165013083,470.7071478117495,4.917263581780013,17.12228423335986,0.34747678909077906,H10,newchain00
"(4, 5, 7)",0.5876073113748025,256.0548683437336,516.7702149173365,1.0949937268925862,1.0385712423172864,-2.5429566605478766,H10,newchain00
"(1, 2, 7)",0.6764586269888958,188.69222262453263,492.691120063328,5.0617315866224395,17.548719406738176,0.43743948011269473,H10,newchain00
"(0, 2, 5)",0.6290069162483517,229.22013111543737,534.0781602007426,5.291844210363828,3.8867013081700135,-0.9433363477564466,H10,newchain00
"(4, 5, 6)",0.4658085053539026,385.6865188569554,523.8754338875253,0.7204130983087718,1.6718884801425262,-2.591408819930772,H10,newchain00
"(1, 5, 8)",0.6232714482831301,222.7019127615444,572.5966482422882,7.0726932562295595,16.446365359111006,0.9417338703615008,H10,newchain00
"(2, 5, 6)",0.4644304066876028,387.2411424056619,502.6502104623374,1.3723384950163495,3.693314207704277,-2.1751250737327723,H10,newchain00
"(0, 5, 8)",0.6291783006625659,219.19472177023192,572.6930572793786,7.954731276678526,3.364958129171322,-0.17587618126299087,H10,newchain00
"(0, 7, 8)",0.6316160918921908,218.5680244347816,576.774939253533,8.606656673386103,3.9455689977998034,0.08728959498165878,H10,newchain00
"(0, 6, 8)",0.6291783006625659,219.19472177023192,577.256821576917,8.23207604480229,4.578886235625043,0.03883743559876329,H10,newchain00
"(1, 3, 4)",0.5919368232210813,249.05513495487952,503.1969373303129,4.035225561331047,16.160610917001666,-0.027296425468200436,H10,newchain00
"(3, 4, 7)",0.5303056603868876,313.6425504414442,510.865190620228,1.3723384950163489,2.2524993487710074,-2.3282430436861223,H10,newchain00
"(1, 8, 9)",0.6898434988794477,183.793476523908,470.2198856671238,11.2695437397008,32.17840241436576,3.9105500038745307,H10,newchain00
"(4, 6, 7)",0.5923049037336439,254.0983026985968,517.3832605519308,1.372338495016349,2.252499348771007,-2.3282430436861223,H10,newchain00
"(3, 5, 7)",0.5850479176271318,257.63897298192353,508.1916315918038,1.372338495016349,1.970858046733584,-2.358173568177601,H10,newchain00
"(0, 2, 9)",0.5964458696692881,268.3759400210688,521.2729720415199,9.488694693835068,19.61873836342477,2.0254797857565827,H10,newchain00
"(0, 1, 9)",0.7171932603501914,176.0218607551369,479.8682138593815,12.151581760149767,31.804393770684737,4.1433779095296766,H10,newchain00
"(0, 8, 9)",0.5924413268947204,268.5698415179836,521.8707264208939,12.151581760149767,19.096995184426078,2.7929399522500384,H10,newchain00
"(0, 1, 8)",0.6116299497750627,226.5742666009691,552.5252217291836,11.2695437397008,17.853680566030462,2.3882362131995802,H10,newchain00
"(1, 2, 3)",0.6177002325380508,218.685883829969,594.9830774676021,4.687150958038624,3.2640655738412736,-1.219350025821532,H10,newchain01
"(3, 7, 9)",0.5677253670814172,284.13487036979035,586.1378412561189,5.56918897848759,25.16801679065509,0.8323904279697613,H10,newchain01
"(0, 2, 8)",0.6165704369594397,232.5837054698674,561.4799648501831,8.606656673386103,23.680894829985544,1.6502604162218413,H10,newchain01
"(2, 4, 9)",0.6488799660329444,225.09066933756117,561.0102936937622,5.291844210363828,23.1474218455338,0.5825586776256466,H10,newchain01
"(4, 6, 9)",0.5801074522765162,277.69232684612354,570.8397786526991,4.917263581780013,21.63500627746638,0.3439555977121136,H10,newchain01
"(0, 3, 7)",0.5667983996522158,283.069644103656,598.9194810736213,5.56918897848759,24.00842012607804,0.7382012601305434,H10,newchain01
"(2, 7, 9)",0.6318537620679329,231.64754403300148,566.461831263057,5.943769607071405,25.466504252268788,0.9723912251618128,H10,newchain01
"(0, 5, 7)",0.5726226457212166,279.22552992765407,598.3871407327257,5.291844210363828,22.765290489452426,0.5515197521664187,H10,newchain01
"(1, 3, 9)",0.6338964714646422,222.31769532754964,590.1871141189891,8.23207604480229,22.819547871978205,1.4645409056226113,H10,newchain01
"(2, 5, 7)",0.5119601383558762,337.0343178873521,562.4491045165216,1.746919123600164,4.369404855892548,-2.038182011438506,H10,newchain01
"(1, 3, 5)",0.5733098478437803,253.29360988272057,612.189077746037,4.035225561331047,1.7224484756019647,-1.546032330977708,H10,newchain01
"(5, 6, 7)",0.4582253363359656,394.7287220475824,572.1066084784487,1.3723384950163493,2.8569892878251317,-2.276785091352039,H10,newchain01
"(1, 2, 4)",0.6194786029240124,218.2515865373702,589.2407111971352,4.409806189914862,1.9871240999397577,-1.4087779273493997,H10,newchain01
"(0, 2, 4)",0.5739752205789898,278.80496080416606,571.8552272131578,5.291844210363828,21.987825180956747,0.4883695097864288,H10,newchain01
"(2, 3, 6)",0.4575999494849618,397.29720804737315,549.3042110758956,1.6496832631401122,3.3564654532309657,-2.1505074322041615,H10,newchain01
"(2, 3, 5)",0.4581667191539655,397.4206659977941,558.6353863922992,1.3723384950163493,3.327263923059074,-2.238586657446805,H10,newchain01
"(1, 4, 8)",0.6239641942776903,223.67256646733404,646.5868353277368,7.0726932562295595,2.1047648134533414,-0.5763157196339068,H10,newchain01
"(2, 3, 8)",0.5542544773086728,281.0425414794002,578.7706103812847,4.687150958038624,4.986521734811967,-1.0794421445751357,H10,newchain01
"(2, 8, 9)",0.6953983824595438,180.68060026156553,544.4694274599664,8.606656673386103,24.840491494562592,1.7444495840610585,H10,newchain01
"(0, 1, 5)",0.6458272576220976,223.9368856605992,598.7651626158179,7.954731276678526,20.41682157077554,1.1836702298192685,H10,newchain01
"(3, 5, 6)",0.4028070168921953,471.2228414981876,572.9983342739065,0.9977578664325344,1.8148483549916565,-2.4771897373603373,H10,newchain01
"(0, 1, 4)",0.6458272576220976,223.9368856605992,596.0900967398875,7.954731276678526,20.383009733499637,1.1809238362555257,H10,newchain01
"(5, 6, 9)",0.6053799450921311,265.49613601030677,571.0335812643236,4.917263581780013,21.668818114742283,0.34670199127585666,H10,newchain01
"(2, 4, 8)",0.5542544773086729,281.0425414794002,576.8772281776036,4.409806189914862,3.7095802609104505,-1.2688700461030034,H10,newchain01
"(1, 5, 8)",0.6242778611479919,223.6927296598088,647.2613789718915,7.0726932562295595,2.1385766507292447,-0.5735693260701638,H10,newchain01
"(0, 2, 5)",0.5739752205789896,278.80496080416606,574.001893187349,5.291844210363828,22.02163701823265,0.49111590335017175,H10,newchain01
"(1, 2, 9)",0.6814546248689889,186.48627696631692,572.5552012170203,8.606656673386103,23.1180353335919,1.6045417028146627,H10,newchain01
"(1, 2, 7)",0.682229601704082,180.10022917807245,596.2270024460689,5.0617315866224395,4.306206506674749,-1.0189453798132333,H10,newchain01
"(4, 5, 6)",0.4028070168921954,471.2228414981876,571.8066817142518,0.7204130983087718,0.5379068810901408,-2.6666176388882055,H10,newchain01
"(4, 5, 7)",0.4057120748703934,471.3047557567762,583.659961245286,1.0949937268925862,2.7939759203773367,-2.367610710158426,H10,newchain01
"(2, 5, 6)",0.4577193314064967,391.79054856676566,548.2421731813174,1.3723384950163495,2.113335816605353,-2.337188940168286,H10,newchain01
"(0, 5, 8)",0.5541989080225032,278.4337784059092,585.3350977795664,7.954731276678526,22.139277731746233,1.323578111065665,H10,newchain01
"(0, 7, 8)",0.6720365310299663,189.46442781743312,595.2846076332836,8.606656673386103,24.42454830120532,1.710664265038088,H10,newchain01
"(1, 3, 4)",0.5733098478437803,253.29360988272057,609.7616313800422,4.035225561331047,1.6886366383260616,-1.5487787245414513,H10,newchain01
"(0, 6, 8)",0.5609268961125324,278.3711162894802,577.4197236465782,8.23207604480229,22.168479261918126,1.4116573363083083,H10,newchain01
"(1, 8, 9)",0.7064592531680641,178.2405601186028,594.3131565194317,11.2695437397008,23.235676047105486,2.4370039105301555,H10,newchain01
"(3, 5, 7)",0.4587343742335104,398.9493249484219,584.9372818086449,1.372338495016349,4.070917394278853,-2.1781828086305577,H10,newchain01
"(3, 4, 7)",0.4587343742335103,398.9493249484219,584.8469303716515,1.3723384950163489,4.037105557002949,-2.1809292021943008,H10,newchain01
"(4, 6, 7)",0.4057120748703935,471.3047557567762,571.9487653498447,1.372338495016349,2.8231774505492284,-2.279531484915782,H10,newchain01
"(0, 2, 9)",0.5920710763155146,269.11301042851045,613.6992718362854,9.488694693835068,43.1187364146089,3.501689139950491,H10,newchain01
"(0, 1, 9)",0.7172772082981433,176.23536983983445,613.0039616293415,12.151581760149767,41.51392096715178,4.194243466419588,H10,newchain01
"(0, 1, 8)",0.6716555620792635,188.67860167227855,606.9016094585828,11.2695437397008,22.076079382528434,2.342814742690938,H10,newchain01
"(0, 8, 9)",0.5903019418905469,270.2141535380269,586.7546782424995,12.151581760149767,43.23637712812248,4.334151347665984,H10,newchain01
"(3, 7, 9)",0.6413145229815228,227.6596338574981,516.3903179574785,5.56918897848759,8.644123500483555,-0.5203662481356773,H10,newchain02
"(0, 2, 8)",0.7084680007286546,170.47919991611238,526.4749430372007,8.606656673386103,19.08260888764521,1.5244133856694284,H10,newchain02
"(1, 2, 3)",0.4520619673113701,368.6820949393441,645.5182369748131,4.687150958038624,16.053141434287063,-0.007842098922610563,H10,newchain02
"(4, 6, 9)",0.5766041053381085,279.9459604451924,547.4752556192257,4.917263581780013,3.8192432961918534,-1.2330992267887035,H10,newchain02
"(2, 4, 9)",0.6243122469018403,233.5171034356165,551.0456654995899,5.291844210363828,3.163300613864482,-1.1868504593623652,H10,newchain02
"(0, 3, 7)",0.6620510959490966,217.47418667040552,548.0132350759952,5.56918897848759,22.96884534881886,0.9975568398714972,H10,newchain02
"(2, 7, 9)",0.6828004817478431,180.7214094117855,532.845801533945,5.943769607071405,7.724537395711863,-0.5020545284346999,H10,newchain02
"(1, 3, 9)",0.6185183807387892,220.58152725607985,587.1741091256695,8.23207604480229,18.38579639528115,1.3348195443334054,H10,newchain02
"(0, 5, 7)",0.6573299911958628,218.45406105994505,559.1192411053436,5.291844210363828,21.80742799329317,0.7887796229955922,H10,newchain02
"(2, 5, 7)",0.5066039520044903,301.9401074209744,553.0356502361791,1.746919123600164,5.1500511839637815,-2.071805108267598,H10,newchain02
"(5, 6, 7)",0.4713301046653705,372.31776279914453,548.0173027875512,1.3723384950163493,5.805993866291153,-2.118053875693936,H10,newchain02
"(1, 3, 5)",0.45206196731137,368.6820949393441,635.7428353731418,4.035225561331047,15.81131018353307,-0.23493103549949268,H10,newchain02
"(1, 2, 4)",0.4520619673113701,368.6820949393441,647.5009647846895,4.409806189914862,15.085111179227114,-0.1961269985425388,H10,newchain02
"(0, 2, 4)",0.661384164224307,217.05249847760211,584.0329790456647,5.291844210363828,17.488022462199783,0.33107262864480924,H10,newchain02
"(1, 4, 8)",0.6335763500470845,212.4089961936315,616.9149249993095,7.0726932562295595,16.631253454384282,0.7906171391611743,H10,newchain02
"(2, 3, 6)",0.4644503963182089,370.44508664058816,568.7171576226211,1.6496832631401122,2.454618590257717,-2.3874759704247905,H10,newchain02
"(2, 8, 9)",0.6834117040034186,180.9479329435204,491.0028467924086,8.606656673386103,4.7578870393099075,0.006490297662253952,H10,newchain02
"(2, 3, 8)",0.5676321695206378,275.6111894238771,532.5406951206935,4.687150958038624,3.344818183087513,-1.3544830652947393,H10,newchain02
"(0, 1, 4)",0.5880891405568266,266.52467244554765,623.0759245410402,7.954731276678526,31.7424879885565,2.664457732720651,H10,newchain02
"(0, 1, 5)",0.5821042565729267,266.3610349082797,629.7287023411027,7.954731276678526,31.549100888090766,2.643965415464675,H10,newchain02
"(2, 3, 5)",0.457664082151168,375.6047217735237,567.474278190752,1.3723384950163493,1.5568446571763506,-2.5683161395753347,H10,newchain02
"(3, 5, 6)",0.4725883644937654,371.04749121888415,566.3152480086567,0.9977578664325344,2.212787339503722,-2.614564907001673,H10,newchain02
"(2, 4, 8)",0.5773714523703799,267.95520146849674,537.6428234818986,4.409806189914862,2.3767879280275626,-1.5427679649146675,H10,newchain02
"(1, 2, 9)",0.6185183807387892,220.58152725607985,606.6784996161721,8.606656673386103,17.46621029050946,1.3531312640343827,H10,newchain02
"(5, 6, 9)",0.5766041053381085,279.9459604451924,552.1950733980034,4.917263581780013,3.625856195726117,-1.25359154404468,H10,newchain02
"(1, 2, 7)",0.6131660393344314,219.03899004587936,627.4267445671082,5.0617315866224395,19.646347961074497,0.4886689323851265,H10,newchain02
"(4, 5, 7)",0.4829410842433418,369.99990347352,543.6418808814967,1.0949937268925862,5.101607033675522,-2.2784017275885042,H10,newchain02
"(1, 5, 8)",0.6183273110582781,224.55519873383437,622.2136027651786,7.0726932562295595,16.437866353918544,0.7701248219051977,H10,newchain02
"(4, 5, 6)",0.4636711822802085,370.9492068298879,573.0242859590762,0.7204130983087718,1.2447570844437712,-2.8028498066216017,H10,newchain02
"(0, 2, 5)",0.661384164224307,217.05249847760211,590.8322432763154,5.291844210363828,17.29463536173405,0.3105803113888329,H10,newchain02
"(2, 5, 6)",0.4485854504621289,375.6702119756339,579.9922035348733,1.3723384950163495,1.29320123473203,-2.5962531873006953,H10,newchain02
"(0, 5, 8)",0.5931782803102723,274.9855412688875,525.542435944808,7.954731276678526,18.840777636891215,1.297324449092546,H10,newchain02
"(0, 7, 8)",0.6474146365682987,223.2850396623371,507.0520690057938,8.606656673386103,23.595401519204334,2.002612697276188,H10,newchain02
"(1, 3, 4)",0.4520619673113701,368.6820949393441,629.6699202909934,4.035225561331047,16.004697283998805,-0.2144387182435164,H10,newchain02
"(3, 4, 7)",0.483338676112247,369.8791349620585,532.7816479843648,1.3723384950163489,6.26302438920121,-2.069624510712599,H10,newchain02
"(0, 6, 8)",0.6474146365682989,223.2850396623371,528.0214599537345,8.23207604480229,19.738551569972582,1.4781646182430905,H10,newchain02
"(3, 5, 7)",0.483338676112247,369.8791349620585,537.2016304189353,1.372338495016349,6.069637288735473,-2.0901168279685756,H10,newchain02
"(4, 6, 7)",0.4713301046653705,372.31776279914453,543.3607828254007,1.372338495016349,5.999380966756889,-2.09756155843796,H10,newchain02
"(1, 8, 9)",0.6736850046099183,189.7567004174796,547.9977428336449,11.2695437397008,19.012352565666625,2.3398754017380954,H10,newchain02
"(0, 2, 9)",0.6567757019474578,218.83646420245117,600.5351724647801,9.488694693835068,19.86912157348213,1.8803308912217305,H10,newchain02
"(0, 1, 9)",0.6556807640010411,219.11468567113255,612.0127917742906,12.151581760149767,34.12358709983885,4.213715995297573,H10,newchain02
"(0, 1, 8)",0.593649195017505,262.11217742264915,581.2905063404168,11.2695437397008,33.337074414001926,3.85779848974527,H10,newchain02
"(0, 8, 9)",0.7239801473510928,173.0256136171082,506.61038479532647,12.151581760149767,21.415263848639295,2.867075028925444,H10,newchain02
"(1, 2, 3)",0.67292629419336,189.69369832535943,528.5242744583325,4.687150958038624,15.035056497802048,-0.6598745614371311,H10,newchain03
"(3, 7, 9)",0.5696885688433813,281.47626191630513,516.1077145215893,5.56918897848759,21.22435172962966,0.042920750400054386,H10,newchain03
"(0, 2, 8)",0.625721219075515,229.6378691244021,512.2331857345674,8.606656673386103,32.80984348820393,1.786896423297645,H10,newchain03
"(2, 4, 9)",0.6084831653806585,264.1729990634758,511.04552667222333,5.291844210363828,19.863581379490462,-0.13737434787540373,H10,newchain03
"(4, 6, 9)",0.6084831653806585,264.1729990634758,511.9216909652042,4.917263581780013,20.26123932349346,-0.22548887014177105,H10,newchain03
"(0, 3, 7)",0.590181138314209,270.1184614950716,520.230008204111,5.56918897848759,22.244892735617643,0.11385903846237735,H10,newchain03
"(1, 3, 9)",0.7098115280714548,178.73498837171908,519.4746946679096,8.23207604480229,33.43027504461456,1.714267000206061,H10,newchain03
"(2, 7, 9)",0.6372569348725529,228.13967093653176,506.2893392095633,5.943769607071405,20.502965272002736,0.10853275055442715,H10,newchain03
"(2, 5, 7)",0.6124720204594835,227.1234723789757,496.7360253819839,1.746919123600164,1.6911364450855846,-2.496030810343812,H10,newchain03
"(1, 3, 5)",0.67292629419336,189.69369832535943,534.8161413492934,4.035225561331047,14.618446217697407,-0.8902965606921787,H10,newchain03
"(0, 5, 7)",0.5901811383142089,270.1184614950716,519.7250534177505,5.291844210363828,21.106895997886078,-0.0509509606382976,H10,newchain03
"(5, 6, 7)",0.57148168563555,260.79778206664093,496.92627532360586,1.3723384950163493,2.0887943890885805,-2.5841453326101798,H10,newchain03
"(1, 2, 4)",0.6729262941933603,189.69369832535943,523.010714890181,4.409806189914862,13.674286147662851,-0.840169659712589,H10,newchain03
"(0, 2, 4)",0.6561019737276735,219.6184976966684,513.4064603731323,5.291844210363828,20.884122385478445,-0.06643605981308076,H10,newchain03
"(2, 3, 6)",0.5624695967387054,275.58553780588204,495.6733996404408,1.6496832631401122,3.2267911268201437,-2.4193353335095047,H10,newchain03
"(2, 3, 5)",0.5663375556293965,274.3264489544179,503.81199806873855,1.3723384950163493,2.412522902712506,-2.561642810498185,H10,newchain03
"(1, 4, 8)",0.7029388581649657,178.4864263062298,581.6270237548755,7.0726932562295595,24.960623357876063,0.7672557249683054,H10,newchain03
"(2, 8, 9)",0.6120774607980612,235.6297701413368,503.5320350337811,8.606656673386103,31.78930248221595,1.715958135235322,H10,newchain03
"(2, 3, 8)",0.625435093665625,231.19780067005635,534.2906094820617,4.687150958038624,14.115470393030357,-0.7237954265622428,H10,newchain03
"(0, 1, 5)",0.6973050149992215,181.69308891300685,517.1858038826329,7.954731276678526,33.312819312870985,1.6203952891677091,H10,newchain03
"(0, 1, 4)",0.6973050149992216,181.69308891300685,514.290951676152,7.954731276678526,33.09004570046335,1.6049101899929257,H10,newchain03
"(3, 5, 6)",0.5832397274906453,257.7917130540559,508.6726537967143,0.9977578664325344,2.8101808467155016,-2.649757332764552,H10,newchain03
"(5, 6, 9)",0.6084831653806585,264.1729990634758,512.1756564404168,4.917263581780013,20.48401293590109,-0.21000377096698786,H10,newchain03
"(1, 5, 8)",0.7029388581649656,178.4864263062298,582.5252262720122,7.0726932562295595,25.183396970283695,0.7827408241430885,H10,newchain03
"(1, 2, 9)",0.692567862472053,184.07027874691016,512.4322049036723,8.606656673386103,32.70888858698764,1.7798790003604337,H10,newchain03
"(2, 4, 8)",0.625435093665625,231.19780067005635,531.7886164321699,4.409806189914862,12.75470004289116,-0.9040905248377007,H10,newchain03
"(1, 2, 7)",0.6765562583757638,189.452227226929,519.1282788384921,5.0617315866224395,14.313670040175126,-0.5942625612827581,H10,newchain03
"(0, 2, 5)",0.6390793223994586,225.18777772413756,516.2369620044008,5.291844210363828,21.106895997886078,-0.0509509606382976,H10,newchain03
"(4, 5, 7)",0.5671138159408622,283.9543826796822,507.1580509754137,1.0949937268925862,1.051752552573309,-2.741937908773643,H10,newchain03
"(4, 5, 6)",0.4697151092926809,377.03604243410194,507.59311706024414,0.7204130983087718,1.4494104965763053,-2.83005243104001,H10,newchain03
"(2, 5, 6)",0.5674331873851108,272.9389372523867,495.0171449812837,1.3723384950163495,2.0887943890885805,-2.5841453326101793,H10,newchain03
"(0, 5, 8)",0.627236408012714,227.38567542636633,526.5473418436164,7.954731276678526,32.39323320809929,1.5564744240425972,H10,newchain03
"(0, 6, 8)",0.5685558974932013,269.1452012822362,519.4510914514163,8.23207604480229,33.207501432206925,1.6987819010312775,H10,newchain03
"(0, 7, 8)",0.6235717979440998,231.7025872727001,527.130351119836,8.606656673386103,32.80984348820393,1.786896423297645,H10,newchain03
"(1, 3, 4)",0.67292629419336,189.69369832535943,532.5999880240681,4.035225561331047,14.395672605289773,-0.9057816598669619,H10,newchain03
"(1, 8, 9)",0.6888199367228987,183.6043186406462,534.2502506565854,11.2695437397008,43.995225797200845,3.3873043850413276,H10,newchain03
"(3, 4, 7)",0.632373278229349,204.39833563066313,508.6435458906564,1.3723384950163489,2.189749290304872,-2.577127909672968,H10,newchain03
"(3, 5, 7)",0.5675609705743864,262.21620579019424,508.4354190524376,1.372338495016349,2.4125229027125057,-2.561642810498185,H10,newchain03
"(4, 6, 7)",0.564496689004989,273.63553426550703,496.89545620429067,1.372338495016349,1.866020776680947,-2.599630431784963,H10,newchain03
"(0, 2, 9)",0.6074465999219445,264.2612795514685,559.049371211823,9.488694693835068,39.918724824803235,2.5536126002599415,H10,newchain03
"(0, 1, 9)",0.6546565313178073,220.30653619229312,537.3945702514824,12.151581760149767,52.124648139788135,4.224958850065948,H10,newchain03
"(0, 8, 9)",0.5938151470585507,268.6244978225769,529.9673657341967,12.151581760149767,51.20506203501644,4.161037984940837,H10,newchain03
"(0, 1, 8)",0.6886036055818141,183.60663772915763,535.584331107807,11.2695437397008,45.01576680318884,3.4582426731036513,H10,newchain03
"(3, 7, 9)",0.5166915360845341,357.8819229183301,552.7394440285258,5.56918897848759,29.773635651417997,0.6694343752368757,H10,newchain04
"(0, 2, 8)",0.4925977368363354,375.6689317024202,557.7320432585386,8.606656673386103,17.576464589327042,0.8460600110772664,H10,newchain04
"(1, 2, 3)",0.4698532720633497,458.3459751004595,531.6472243279185,4.687150958038624,18.378022578230237,-0.31509855375230783,H10,newchain04
"(2, 4, 9)",0.501326823073446,367.1412035496769,539.6217828581839,5.291844210363828,30.93941845555815,0.6565611416583403,H10,newchain04
"(4, 6, 9)",0.5564219616597229,307.20217245435674,559.9361331543839,4.917263581780013,30.42646507570717,0.5087576761328315,H10,newchain04
"(0, 3, 7)",0.4925977368363353,375.6689317024202,532.0342151454245,5.56918897848759,1.9219593483277504,-1.070641945437229,H10,newchain04
"(2, 7, 9)",0.501326823073446,367.1412035496769,537.9209361165733,5.943769607071405,31.236873715278374,0.8766083381984959,H10,newchain04
"(1, 3, 9)",0.5174821368171207,370.5690149121237,482.72408644772736,8.23207604480229,45.68735898952761,2.4865754670639033,H10,newchain04
"(0, 5, 7)",0.4925977368363354,375.6689317024202,535.4709932767535,5.291844210363828,1.725939600435236,-1.1685958882857728,H10,newchain04
"(2, 5, 7)",0.4594286430220539,457.9651087311758,578.7260104785572,1.746919123600164,2.2682794922281113,-2.2301935884278787,H10,newchain04
"(1, 3, 5)",0.4695856946226603,458.36378435076506,545.0128658039262,4.035225561331047,16.718764766477342,-0.6202264595624722,H10,newchain04
"(5, 6, 7)",0.5102672976687678,367.75505032988497,598.325387868364,1.3723384950163493,1.755326112377133,-2.3779970539533872,H10,newchain04
"(1, 2, 4)",0.4698532720633497,458.3459751004595,531.35609255499,4.409806189914862,18.114379155785915,-0.4172773896925295,H10,newchain04
"(0, 2, 4)",0.4952312180617114,373.7712105539428,520.8937435599265,5.291844210363828,3.087742152467905,-1.083515179015764,H10,newchain04
"(2, 3, 6)",0.459428643022054,457.9651087311758,578.8116734764391,1.6496832631401122,3.3807720868541224,-2.190737508743157,H10,newchain04
"(1, 4, 8)",0.500459259753213,367.7423946820975,622.3182613792302,7.0726932562295595,30.87622010634035,1.2029450014986582,H10,newchain04
"(2, 8, 9)",0.5427948354803566,303.62099129953447,575.3759354274557,8.606656673386103,45.42814089241729,2.586136331751371,H10,newchain04
"(2, 3, 8)",0.5017934741681134,367.2785846626212,640.5246718519572,4.687150958038624,16.655566417259536,-0.4227116520264605,H10,newchain04
"(2, 3, 5)",0.4594286430220539,457.9651087311758,579.7161217479667,1.3723384950163493,2.2344676549522084,-2.3480619490278127,H10,newchain04
"(0, 1, 5)",0.4967455320612053,371.5786011714437,464.48220400688456,7.954731276678526,17.63966293854484,0.6485452035412541,H10,newchain04
"(0, 1, 4)",0.5523628827660111,304.8486768883292,463.83585862340306,7.954731276678526,17.572039263993037,0.6443203104495765,H10,newchain04
"(3, 5, 6)",0.459428643022054,457.9651087311758,602.2865600201559,0.9977578664325344,1.7215142751012302,-2.4958654145533212,H10,newchain04
"(2, 4, 8)",0.5017934741681134,367.2785846626212,643.214275085855,4.409806189914862,16.391922994815218,-0.5248904879666819,H10,newchain04
"(1, 2, 9)",0.5601162075094426,301.5791313268732,472.84559273068714,8.606656673386103,47.15059705338798,2.693749430025523,H10,newchain04
"(5, 6, 9)",0.556421961659723,307.20217245435674,560.8895525977413,4.917263581780013,30.494088750258978,0.5129825692245092,H10,newchain04
"(1, 2, 7)",0.462358958431287,458.1545659779635,525.2975908246995,5.0617315866224395,18.41183441550614,-0.19723019315237386,H10,newchain04
"(1, 5, 8)",0.5009286689149662,367.7295628574795,622.8820111555065,7.0726932562295595,30.943843780892156,1.207169894590336,H10,newchain04
"(0, 2, 5)",0.4950482667843822,373.6960839153571,522.3186428385551,5.291844210363828,3.1553658270197116,-1.0792902859240863,H10,newchain04
"(4, 5, 7)",0.5102672976687675,367.75505032988497,600.2400710832934,1.0949937268925862,0.5413980059234124,-2.539546387329721,H10,newchain04
"(4, 5, 6)",0.4594286430220539,457.9651087311758,607.1559484287156,0.7204130983087718,1.4578708526569093,-2.598044250493543,H10,newchain04
"(2, 5, 6)",0.4594286430220539,457.9651087311758,583.5960659880906,1.3723384950163495,3.1847523389616086,-2.288691451591701,H10,newchain04
"(0, 5, 8)",0.4925977368363354,375.6689317024202,580.0477395226621,7.954731276678526,15.917206777574147,0.5409321052671019,H10,newchain04
"(0, 7, 8)",0.5425926090486906,300.34386021301975,584.0472656470457,8.606656673386103,16.147038362742567,0.75675440871558,H10,newchain04
"(1, 3, 4)",0.4699568212517515,457.9811463793115,544.3201214352839,4.035225561331047,16.65114109192554,-0.6244513526541497,H10,newchain04
"(0, 6, 8)",0.5425926090486906,300.34386021301975,580.0767211155788,8.23207604480229,17.06351120947606,0.6982565455517576,H10,newchain04
"(1, 8, 9)",0.5451471559355558,298.6864752083962,537.8400379096187,11.2695437397008,59.91243800394243,4.313971821216711,H10,newchain04
"(3, 4, 7)",0.4506387335033533,457.858252999654,595.9389477127451,1.3723384950163489,0.7374177538159268,-2.441592444481177,H10,newchain04
"(4, 6, 7)",0.5102672976687677,367.75505032988497,597.906213112096,1.372338495016349,1.6877024378253267,-2.3822219470450654,H10,newchain04
"(3, 5, 7)",0.4507042029525392,457.9145557409472,595.7553651260614,1.372338495016349,0.8050414283677332,-2.4373675513894995,H10,newchain04
"(0, 2, 9)",0.6053655673297031,265.42398145061077,522.7372236532135,9.488694693835068,32.123960050069975,2.027511640702288,H10,newchain04
"(0, 1, 9)",0.6169287152114482,261.27515814669965,449.4847249574292,12.151581760149767,46.608257161595105,3.755347130167629,H10,newchain04
"(0, 8, 9)",0.5847552986996318,272.15058387074185,549.5671500602625,12.151581760149767,44.88580100062441,3.647734031893477,H10,newchain04
"(0, 1, 8)",0.5437399118236458,299.1458620829448,515.8699866842173,11.2695437397008,32.06076170085217,2.573895500542606,H10,newchain04
"(3, 7, 9)",0.6301203476894338,229.89878883585655,515.3167015194508,5.56918897848759,7.355650151954376,-0.7548354214389754,H10,newchain05
"(0, 2, 8)",0.6504859435284096,219.8224952418988,569.2819381990332,8.606656673386103,22.91587106214325,1.8123442242230878,H10,newchain05
"(1, 2, 3)",0.5837613779363682,256.75810636631536,663.182725294691,4.687150958038624,20.033818236595504,0.2994743567930332,H10,newchain05
"(2, 4, 9)",0.5711821365815739,271.82421828734516,533.1378289981706,5.291844210363828,8.006874772338822,-0.7723862187913051,H10,newchain05
"(4, 6, 9)",0.635468488580706,226.7720862522999,534.069952898812,4.917263581780013,3.910893840337354,-1.316823355097143,H10,newchain05
"(0, 3, 7)",0.6513263588236177,219.93018562150547,607.3425628878475,5.56918897848759,20.659830994301696,0.6375666915681342,H10,newchain05
"(2, 7, 9)",0.6730515611895287,189.73265746851095,522.0604509019217,5.943769607071405,10.237702977502124,-0.33744677316065386,H10,newchain05
"(1, 3, 9)",0.6118555184976087,226.24127549858207,582.4515843425404,8.23207604480229,19.55467669402043,1.3448091066343488,H10,newchain05
"(0, 5, 7)",0.6513263588236176,219.93018562150547,617.3316581188076,5.291844210363828,19.509101237065774,0.43142517129397684,H10,newchain05
"(2, 5, 7)",0.542379935657936,296.790947030229,573.1393940834311,1.746919123600164,6.6840619372935315,-2.0063116915544477,H10,newchain05
"(1, 3, 5)",0.5828197055767458,256.9539103429035,660.9113116282606,4.035225561331047,16.001035653811837,-0.3240558117594454,H10,newchain05
"(5, 6, 7)",0.5282809803904214,302.18932221539063,572.5670620490355,1.3723384950163493,2.588081005292064,-2.5507488278602857,H10,newchain05
"(1, 2, 4)",0.5837613779363681,256.75810636631536,664.649823074698,4.409806189914862,19.025785045227053,0.10826731479958979,H10,newchain05
"(2, 3, 6)",0.5257325315141843,302.38720092795467,579.879418527339,1.6496832631401122,5.39806857428088,-2.170951062945015,H10,newchain05
"(0, 2, 4)",0.6492542500115354,220.47205004073425,627.5437049525951,5.291844210363828,21.31105561468614,0.6200158942158043,H10,newchain05
"(1, 4, 8)",0.6425877236717514,216.83140392161437,636.2188280129146,7.0726932562295595,16.740514475767966,0.6919999545351083,H10,newchain05
"(2, 8, 9)",0.6179613861965417,232.39422977713443,464.23088265145384,8.606656673386103,9.611690219795932,0.4199421112159786,H10,newchain05
"(2, 3, 8)",0.6312293043512763,226.0025484414605,540.1278162408953,4.687150958038624,7.2087789368232595,-1.0427812869036583,H10,newchain05
"(2, 3, 5)",0.5257325315141843,302.38720092795467,580.9386500016549,1.3723384950163493,5.46126692349868,-2.2500440951916554,H10,newchain05
"(0, 1, 5)",0.5821761936622052,267.0149428382151,681.3606795519175,7.954731276678526,31.708127779131825,2.5310696993673005,H10,newchain05
"(0, 1, 4)",0.5821761936622053,267.0149428382151,676.4534755728686,7.954731276678526,31.850824344999296,2.5460041776480145,H10,newchain05
"(3, 5, 6)",0.540847239270534,296.8494706106224,584.232220323357,0.9977578664325344,1.3652859914972124,-2.7944812314974934,H10,newchain05
"(2, 4, 8)",0.5835385190630067,266.3118617588465,545.3418740229976,4.409806189914862,6.200745745454809,-1.2339883288971016,H10,newchain05
"(5, 6, 9)",0.635468488580706,226.7720862522999,537.5915351131395,4.917263581780013,3.768197274469883,-1.331757833377857,H10,newchain05
"(1, 2, 9)",0.6112555977699586,226.2352443075359,592.0270809716594,8.606656673386103,22.436729519568175,1.76219775491267,H10,newchain05
"(1, 5, 8)",0.6425877236717514,216.83140392161437,639.697099570852,7.0726932562295595,16.597817909900495,0.6770654762543944,H10,newchain05
"(1, 2, 7)",0.629130764928266,222.90579453270263,651.6463947458747,5.0617315866224395,21.256613250390355,0.5432067604302411,H10,newchain05
"(0, 2, 5)",0.6492542500115355,220.47205004073425,632.5596100181334,5.291844210363828,21.16835904881867,0.6050814159350905,H10,newchain05
"(4, 5, 7)",0.5276768268505825,301.76284563001764,572.5594325862202,1.0949937268925862,2.7939759203773344,-2.614907381826213,H10,newchain05
"(4, 5, 6)",0.5282809803904214,302.18932221539063,590.2616607631508,0.7204130983087718,0.357252800128762,-2.985688273490937,H10,newchain05
"(2, 5, 6)",0.5426803014907629,296.20470469722716,588.9517575936436,1.3723384950163495,4.24733881704496,-2.377092583219172,H10,newchain05
"(0, 7, 8)",0.5857777145476745,267.7806851524229,564.2948002786774,8.606656673386103,21.256613250390355,1.6386879795819742,H10,newchain05
"(0, 5, 8)",0.5854370723978976,265.6181231188768,574.8713171694915,7.954731276678526,18.883088479359582,1.1888140556706093,H10,newchain05
"(0, 6, 8)",0.5857777145476742,267.7806851524229,575.9448915269392,8.23207604480229,18.819890130141783,1.26790708791725,H10,newchain05
"(1, 3, 4)",0.582808959471668,260.2610684539428,656.3853639291137,4.035225561331047,16.143732219679308,-0.3091213334787316,H10,newchain05
"(1, 8, 9)",0.669189852529679,190.00671034214545,534.3514550529376,11.2695437397008,20.151458950109088,2.3459303946481884,H10,newchain05
"(3, 4, 7)",0.5276768268505825,301.76284563001764,563.7499644477737,1.3723384950163489,3.9447056776132556,-2.4087658615520553,H10,newchain05
"(3, 5, 7)",0.5417720200977352,296.81109593378886,566.7827573441002,1.372338495016349,3.802009111745785,-2.4237003398327692,H10,newchain05
"(4, 6, 7)",0.5276768268505825,301.76284563001764,569.3405343056934,1.372338495016349,2.730777571159534,-2.535814349579572,H10,newchain05
"(0, 2, 9)",0.6547827697182128,219.9049260850092,610.9024874894225,9.488694693835068,24.72200008902726,2.273946334328884,H10,newchain05
"(0, 1, 9)",0.652335233786935,220.21602364214664,633.2221267510185,12.151581760149767,35.26176881934042,4.199934617761095,H10,newchain05
"(0, 8, 9)",0.5928441782006802,268.9604306813127,522.403550313273,12.151581760149767,22.436729519568175,2.8576789740644033,H10,newchain05
"(0, 1, 8)",0.6549089218368734,215.97242712046773,633.3953692894703,11.2695437397008,33.4556397924564,3.738332507655297,H10,newchain05
"(3, 7, 9)",0.679286638422355,189.3079420526469,501.5629506480304,5.56918897848759,2.684457919264097,-1.0324626087094564,H10,newchain06
"(1, 2, 3)",0.5117338237701662,310.64283360283974,663.1861539799849,4.687150958038624,18.34421074095434,0.26138389891456154,H10,newchain06
"(0, 2, 8)",0.6560163293734341,218.8909775281598,511.6532035013588,8.606656673386103,20.003119657357797,1.6385591385864466,H10,newchain06
"(2, 4, 9)",0.6164963067858977,230.4940990813371,549.7290242854866,5.291844210363828,2.385286933220025,-1.148095529696906,H10,newchain06
"(4, 6, 9)",0.6164963067858978,230.4940990813371,535.7749821240301,4.917263581780013,1.5824168770210243,-1.3441613001551707,H10,newchain06
"(0, 3, 7)",0.6531114611148817,220.02320512790251,535.7317935297879,5.56918897848759,19.412091050572073,0.6407767958300004,H10,newchain06
"(2, 7, 9)",0.6792866384223551,189.3079420526469,523.7283019554945,5.943769607071405,4.641170990737213,-0.7209796967671525,H10,newchain06
"(1, 3, 9)",0.6156972532127867,228.25303797309715,596.1287968340363,8.23207604480229,16.551498258005058,1.1775428467124185,H10,newchain06
"(0, 5, 7)",0.656547037506322,218.73410573451136,546.1715677728573,5.291844210363828,19.605478151037808,0.5744137023730355,H10,newchain06
"(2, 5, 7)",0.51112435141844,313.31662457207,547.7978345939345,1.746919123600164,4.67055750267911,-2.014984649964278,H10,newchain06
"(1, 3, 5)",0.5074760433225973,310.1501073997364,648.5267932667468,4.035225561331047,16.580884769946955,-0.1164621064847074,H10,newchain06
"(5, 6, 7)",0.51112435141844,313.31662457207,531.7667067570549,1.3723384950163493,3.86768744648011,-2.211050420422543,H10,newchain06
"(1, 2, 4)",0.5100654589373336,310.5304448835815,663.5386387556084,4.409806189914862,18.432464942526025,0.1845045233415249,H10,newchain06
"(0, 2, 4)",0.6522411886377151,218.6611611155982,586.0039732353473,5.291844210363828,19.112920064528,0.5251438748425509,H10,newchain06
"(2, 3, 6)",0.5016409862734947,317.3498967801818,569.2315094640303,1.6496832631401122,3.2868751583986144,-2.1834408723799905,H10,newchain06
"(1, 4, 8)",0.5494917509897259,273.6196434614655,611.5398801847318,7.0726932562295595,17.45420566545439,0.9095574995700794,H10,newchain06
"(2, 8, 9)",0.673773253999135,191.5296310114192,473.08704997788186,8.606656673386103,3.27548652604982,-0.034680265953010214,H10,newchain06
"(2, 3, 5)",0.562907722451933,268.02599031848206,571.9680605088975,1.3723384950163493,2.326419243590235,-2.3652211073209948,H10,newchain06
"(2, 3, 8)",0.5613882319424638,268.1261635115879,518.6387002775748,4.687150958038624,3.1114859375259805,-1.2623221256931714,H10,newchain06
"(0, 1, 5)",0.5862482330178179,263.9776158540466,639.3646508438193,7.954731276678526,33.472518489778764,2.7844191577949093,H10,newchain06
"(0, 1, 4)",0.586248233017818,263.9776158540466,631.7680063037443,7.954731276678526,33.36738559088471,2.7739028756788366,H10,newchain06
"(3, 5, 6)",0.5126823913315678,313.07220010259584,560.0483895058348,0.9977578664325344,1.5235491873912348,-2.5612868777792595,H10,newchain06
"(2, 4, 8)",0.515712896670638,320.24151637737486,522.4127575533872,4.409806189914862,3.199740139097668,-1.3392015012662077,H10,newchain06
"(1, 2, 9)",0.6153373856926234,228.51124583143533,619.6487734314574,8.606656673386103,18.508211329478176,1.4890257586547224,H10,newchain06
"(5, 6, 9)",0.6164963067858977,230.4940990813371,541.5162979071138,4.917263581780013,1.687549775915074,-1.3336450180390989,H10,newchain06
"(1, 5, 8)",0.4956208085732373,318.62378815863667,617.8991463635972,7.0726932562295595,17.559338564348437,0.9200737816861512,H10,newchain06
"(1, 2, 7)",0.6149992793529877,225.94919146441495,636.2556160438278,5.0617315866224395,20.688349000043214,0.6116203562712784,H10,newchain06
"(0, 2, 5)",0.5930189575583082,263.2179845066025,593.7320666630538,5.291844210363828,19.21805296342205,0.5356601569586227,H10,newchain06
"(4, 5, 7)",0.519509993881718,313.5725542120511,530.283488245149,1.0949937268925862,2.802098632777681,-2.403346937479619,H10,newchain06
"(4, 5, 6)",0.522775881949143,311.49172684726614,564.9411594970841,0.7204130983087718,1.6118033889629215,-2.6381662533522965,H10,newchain06
"(2, 5, 6)",0.5029796312502304,316.99235820497586,579.8987934204218,1.3723384950163495,3.480262258864351,-2.2498039658369557,H10,newchain06
"(0, 5, 8)",0.7215030764792458,173.2537888328718,502.7552496037364,7.954731276678526,18.239793686350414,1.2607131331871775,H10,newchain06
"(0, 7, 8)",0.7036461009117794,178.7082470105501,474.3734472214145,8.606656673386103,20.390544844973554,1.6773126840008592,H10,newchain06
"(0, 6, 8)",0.6560163293734342,218.8909775281598,501.97058609200695,8.23207604480229,19.200249601158795,1.4424933681281817,H10,newchain06
"(1, 3, 4)",0.5074760433225973,310.1501073997364,641.436906338404,4.035225561331047,16.475751871052907,-0.1269783886007792,H10,newchain06
"(3, 4, 7)",0.454307157500055,375.6156181093031,520.2884773665248,1.3723384950163489,2.6087115323119443,-2.336983844022654,H10,newchain06
"(1, 8, 9)",0.6111175739154084,231.8413957882628,539.2576086370458,11.2695437397008,17.52995205240654,2.2140787348832767,H10,newchain06
"(3, 5, 7)",0.519509993881718,313.5725542120511,525.7463937218239,1.372338495016349,2.713844431205994,-2.3264675619065818,H10,newchain06
"(4, 6, 7)",0.519509993881718,313.5725542120511,526.0336326861683,1.372338495016349,3.7625545475860602,-2.221566702538615,H10,newchain06
"(0, 2, 9)",0.656775701947458,218.83646420245117,601.0864390840318,9.488694693835068,19.188666451480152,1.8296651101557482,H10,newchain06
"(0, 1, 9)",0.6561695607252414,219.01756752110035,619.3245934523351,12.151581760149767,33.44313197783687,4.078424110992035,H10,newchain06
"(0, 8, 9)",0.723980147351093,173.0256136171082,482.6066813806822,12.151581760149767,18.210407174408516,2.5547180863843035,H10,newchain06
"(0, 1, 8)",0.7131706548200955,175.5575190408578,574.9155444552656,11.2695437397008,34.257585183714504,3.8873181394227325,H10,newchain06
"(3, 7, 9)",0.6607354443320588,220.27260348622147,489.3513726501526,5.56918897848759,5.565478542918374,-0.7930772118223909,H10,newchain07
"(0, 2, 8)",0.7042444037538184,178.5937720785915,506.0814196703979,8.606656673386103,19.76398867458808,1.6462839837468197,H10,newchain07
"(1, 2, 3)",0.5707632001545482,271.1705932383497,620.086279944652,4.687150958038624,17.71712069344942,0.2187050124114564,H10,newchain07
"(2, 4, 9)",0.665141207232276,219.38220008660636,516.7126247907214,5.291844210363828,5.41421097389889,-0.8947726066673729,H10,newchain07
"(4, 6, 9)",0.6651412072322759,219.38220008660636,508.2557075687753,4.917263581780013,2.928310349443278,-1.273273512317315,H10,newchain07
"(0, 3, 7)",0.6374051291748817,226.3535487226882,538.4118756822982,5.56918897848759,19.890200391253675,0.7209611550483394,H10,newchain07
"(2, 7, 9)",0.6828324076462393,180.7725643592848,498.63992253712473,5.943769607071405,7.787735744929665,-0.4424418564414195,H10,newchain07
"(1, 3, 9)",0.7036599280762388,175.30505567433164,555.81674718597,8.23207604480229,17.646864371470837,1.3067605539048723,H10,newchain07
"(0, 5, 7)",0.6551011192616842,219.523908356944,544.8503307376766,5.291844210363828,19.756930701827294,0.6211680296166684,H10,newchain07
"(2, 5, 7)",0.4835014131077592,362.0418065387128,527.6742851743493,1.746919123600164,5.502465175470578,-1.9809258787474773,H10,newchain07
"(1, 3, 5)",0.4626351767810239,363.1057455630726,613.3053623156721,4.035225561331047,15.36159380201175,-0.2317234684011856,H10,newchain07
"(5, 6, 7)",0.4901608438608592,360.5737446450119,517.8035571496827,1.3723384950163493,3.016564551014965,-2.359426784397419,H10,newchain07
"(1, 2, 4)",0.5727084456993519,269.9789073368386,616.1394120373735,4.409806189914862,17.33602153926152,0.09271777849637486,H10,newchain07
"(0, 2, 4)",0.6560163293734342,218.8909775281598,566.1495176765792,5.291844210363828,19.738932822234194,0.6192657602033577,H10,newchain07
"(2, 3, 6)",0.4783638161602493,362.08915332584814,541.5107141559537,1.6496832631401122,3.379665825609761,-2.2353418198956487,H10,newchain07
"(1, 4, 8)",0.673366527706114,189.51280682183037,583.963175688182,7.0726932562295595,14.757721035416218,0.6431134127437839,H10,newchain07
"(2, 8, 9)",0.6848849921834661,180.6310235734445,451.5502173325956,8.606656673386103,5.439266826252777,0.13224561687608916,H10,newchain07
"(2, 3, 8)",0.6336439992905517,212.6610530436217,507.353642858992,4.687150958038624,3.287265946220069,-1.306445279998298,H10,newchain07
"(2, 3, 5)",0.4783638161602492,362.08915332584814,547.7756126562392,1.3723384950163493,3.5100395586277027,-2.307269395058349,H10,newchain07
"(0, 1, 5)",0.6487894731929829,219.92706795865843,608.4916850972215,7.954731276678526,31.83831653037976,2.721005795343932,H10,newchain07
"(0, 1, 4)",0.6487894731929826,219.92706795865843,600.9404461283791,7.954731276678526,31.59048706561824,2.694811686860521,H10,newchain07
"(3, 5, 6)",0.4783638161602492,362.08915332584814,541.8038328354955,0.9977578664325344,1.0241389341720901,-2.685770300708291,H10,newchain07
"(2, 4, 8)",0.5783036037436771,252.00355189733335,507.30866666746977,4.409806189914862,2.906166792032169,-1.4324325139133793,H10,newchain07
"(1, 2, 9)",0.6828324076462393,180.7725643592848,567.7370655612543,8.606656673386103,19.869121573482126,1.6573959092858432,H10,newchain07
"(5, 6, 9)",0.665141207232276,219.38220008660636,513.8783725675182,4.917263581780013,3.1761398142047983,-1.247079403833904,H10,newchain07
"(1, 2, 7)",0.6197663707579305,218.50540941056096,595.8944712270667,5.0617315866224395,19.709546310292293,0.5450485287223281,H10,newchain07
"(1, 5, 8)",0.564315536500408,270.0394222360201,589.9404502908396,7.0726932562295595,15.005550500177739,0.6693075212271947,H10,newchain07
"(0, 2, 5)",0.6661460266348572,215.54041164789516,573.7442977704017,5.291844210363828,19.986762286995713,0.6454598686867683,H10,newchain07
"(4, 5, 7)",0.4901608438608593,360.5737446450119,520.1881811187023,1.0949937268925862,2.899108819271386,-2.45754846804353,H10,newchain07
"(4, 5, 6)",0.4901326456077675,359.85078255542203,542.7125332314287,0.7204130983087718,0.6430397799841904,-2.8117575346233727,H10,newchain07
"(2, 5, 6)",0.4798650478944513,361.6060354353019,547.9234457059982,1.3723384950163495,3.2463961361833817,-2.3351349453273196,H10,newchain07
"(0, 5, 8)",0.7042444037538182,178.5937720785915,507.77183198157337,7.954731276678526,17.408461783150408,1.1958555029341773,H10,newchain07
"(0, 7, 8)",0.6985227632120184,180.33978882265345,489.48134728016333,8.606656673386103,19.53415708941966,1.6219921446767198,H10,newchain07
"(0, 6, 8)",0.7042444037538182,178.5937720785915,503.3423163478146,8.23207604480229,17.278088050132467,1.2677830780968777,H10,newchain07
"(1, 3, 4)",0.4716030404819225,363.79213132745394,606.2855301154295,4.035225561331047,15.11376433725023,-0.2579175768845965,H10,newchain07
"(3, 4, 7)",0.4898562823813389,361.1963785885122,514.1737312500165,1.3723384950163489,3.0323785086977653,-2.35775534261186,H10,newchain07
"(1, 8, 9)",0.6749572353781816,189.7440544127571,506.10909344827616,11.2695437397008,17.290821069636827,2.2077915435332525,H10,newchain07
"(3, 5, 7)",0.4897187886015907,360.8326941113749,519.4806253541282,1.372338495016349,3.2802079734592855,-2.331561234128449,H10,newchain07
"(4, 6, 7)",0.5050222161160347,356.5575871814204,512.26605116414,1.372338495016349,2.7687350862534448,-2.38562089288083,H10,newchain07
"(0, 2, 9)",0.656775701947458,218.83646420245117,577.968727886189,9.488694693835068,22.2720328564548,2.1839438909928255,H10,newchain07
"(0, 1, 9)",0.6556807640010411,219.11468567113255,585.9252701616988,12.151581760149767,34.12358709983885,4.25948981764999,H10,newchain07
"(0, 8, 9)",0.6591170346467696,218.46804557562473,481.932902699044,12.151581760149767,19.693732352609494,2.734339525240235,H10,newchain07
"(0, 1, 8)",0.7114544469893049,176.62109899539757,556.8617306832273,11.2695437397008,31.615542917972128,3.721829910403983,H10,newchain07
"(3, 7, 9)",0.5810214304278425,274.1426892195511,465.9118413431296,5.56918897848759,4.747514389057912,-0.837650691227454,H10,newchain08
"(0, 2, 8)",0.6975157234121517,181.38642879585464,463.1167441937211,8.606656673386103,17.19530747585134,1.472476184029944,H10,newchain08
"(1, 2, 3)",0.5670939599047887,274.37534712891056,537.7608349763045,4.687150958038624,17.089249912016395,0.2495539149546478,H10,newchain08
"(4, 6, 9)",0.58961472905229,271.131148050193,480.51735040287105,4.917263581780013,2.831374222300463,-1.2502290599797967,H10,newchain08
"(2, 4, 9)",0.5897313393185718,270.8580628603992,474.0688244185023,5.291844210363828,2.261255333693024,-1.1972873048997439,H10,newchain08
"(0, 3, 7)",0.6575069321067164,219.13359953380683,489.85416369174663,5.56918897848759,18.05169523140523,0.6281680128183886,H10,newchain08
"(2, 7, 9)",0.6937262950032226,184.44702467277895,465.2351885476866,5.943769607071405,4.530510526016294,-0.7458036765686624,H10,newchain08
"(1, 3, 9)",0.6318341866943686,222.3874763180822,501.8830880684133,8.23207604480229,17.852755901089573,1.4291561613756578,H10,newchain08
"(0, 5, 7)",0.6548422109968499,221.69004810576888,495.6206060488224,5.291844210363828,17.577656351448805,0.49023238207198416,H10,newchain08
"(2, 5, 7)",0.5836319791729496,264.2159597675615,473.8163167390885,1.746919123600164,3.50996952002831,-2.155188568394868,H10,newchain08
"(1, 3, 5)",0.4539902711634488,378.92851065560774,539.4971271192626,4.035225561331047,16.832214895101586,0.01977126954945152,H10,newchain08
"(5, 6, 7)",0.4752099108676649,383.5528793205558,478.8529816394149,1.3723384950163493,4.08008840863575,-2.2081303234749208,H10,newchain08
"(1, 2, 4)",0.568857839576873,272.07407885599275,538.9095912007233,4.409806189914862,16.2622486684044,0.07272984450636077,H10,newchain08
"(0, 2, 4)",0.6575069321067164,219.13359953380683,500.40019529917055,5.291844210363828,15.565436176040343,0.26853139914609914,H10,newchain08
"(2, 3, 6)",0.4751336590602795,367.0681911075562,478.7386733568839,1.6496832631401122,2.8948694768392835,-2.253007235952518,H10,newchain08
"(1, 4, 8)",0.5506372573995002,272.44341565827847,553.8591411982692,7.0726932562295595,17.28212258764502,1.0080035442831268,H10,newchain08
"(2, 8, 9)",0.681680924469414,184.7666278901627,435.4623831185966,8.606656673386103,3.8911266335040193,0.006657479984101045,H10,newchain08
"(2, 3, 8)",0.6818644202547623,184.10585427309468,473.283686005284,4.687150958038624,3.344624507472461,-1.2647917810957001,H10,newchain08
"(2, 3, 5)",0.4836903150887978,367.11090411834937,478.5883367292616,1.3723384950163493,2.067715571317035,-2.4298481262776623,H10,newchain08
"(0, 1, 5)",0.6499656353417249,220.2863490028264,531.9827462210975,7.954731276678526,30.682897863480466,2.757039234675096,H10,newchain08
"(0, 1, 4)",0.6322388266890127,227.0871239321224,530.9435339440682,7.954731276678526,30.3299354998249,2.718150794973214,H10,newchain08
"(3, 5, 6)",0.4338976317781847,450.051485405722,487.90752478199016,0.9977578664325344,2.6378344599244747,-2.482789881357715,H10,newchain08
"(2, 4, 8)",0.6854750421452219,176.87657904912243,478.3739776884621,4.409806189914862,2.5176232638604654,-1.4416158515439874,H10,newchain08
"(5, 6, 9)",0.5896147290522901,271.131148050193,479.3684805328207,4.917263581780013,3.1843365859560335,-1.2113406202779138,H10,newchain08
"(1, 2, 9)",0.6318341866943685,222.3874763180822,503.5138311793128,8.606656673386103,17.635752038047954,1.5210031760344491,H10,newchain08
"(1, 2, 7)",0.6883862658219329,186.60117140150413,529.1147414909441,5.0617315866224395,18.53150386072767,0.5242134728374422,H10,newchain08
"(1, 5, 8)",0.5506372573995002,272.44341565827847,553.5739570132323,7.0726932562295595,17.63508495130059,1.0468919839850095,H10,newchain08
"(0, 2, 5)",0.6575069321067166,219.13359953380683,501.740923403065,5.291844210363828,15.918398539695914,0.30741983884798185,H10,newchain08
"(4, 5, 7)",0.4181021719244923,459.41594635572255,481.6942244569899,1.0949937268925862,2.8999721394579323,-2.423859653501947,H10,newchain08
"(4, 5, 6)",0.440788456637148,453.5689889276204,494.4450132991882,0.7204130983087718,1.810833216312479,-2.6596139518060022,H10,newchain08
"(2, 5, 6)",0.4751336590602796,367.0681911075562,484.17472179686973,1.3723384950163495,2.4208305968828574,-2.390942866698923,H10,newchain08
"(0, 5, 8)",0.6592466277643971,218.1592656446787,472.86607777117774,7.954731276678526,16.93827245893653,1.2426935386247475,H10,newchain08
"(0, 7, 8)",0.6827556729033071,186.1160531532562,468.8183071752645,8.606656673386103,18.85456528760423,1.6552887272539465,H10,newchain08
"(1, 3, 4)",0.4614891027152983,374.3528696427996,539.1441611862123,4.035225561331047,16.47925253144602,-0.019117170152430807,H10,newchain08
"(0, 6, 8)",0.6418378105082032,224.5799662395642,474.8146307784804,8.23207604480229,17.76542636445878,1.4195344289498912,H10,newchain08
"(1, 8, 9)",0.6732514231244955,189.829659223566,486.89942431778286,11.2695437397008,18.655625957288574,2.456276875811215,H10,newchain08
"(3, 4, 7)",0.4200015012426743,458.1305423234277,476.9079932514595,1.3723384950163489,3.374011019414358,-2.2859240227555424,H10,newchain08
"(3, 5, 7)",0.4198671873227114,458.03292917634855,475.378709496244,1.372338495016349,3.726973383069928,-2.24703558305366,H10,newchain08
"(4, 6, 7)",0.4186241523242889,459.35961394082534,479.9619510588231,1.372338495016349,3.7271260449801797,-2.2470187631768033,H10,newchain08
"(0, 2, 9)",0.6554182112578293,219.7253005151847,528.6336754492042,9.488694693835068,16.938939545683898,1.7168047306741872,H10,newchain08
"(0, 1, 9)",0.6527483734163233,221.90427862032536,529.9475900171426,12.151581760149767,31.703438869468453,4.166424126501302,H10,newchain08
"(0, 8, 9)",0.7228376648054322,172.64984840434482,469.218870403517,12.151581760149767,17.958813464924514,2.6520784304509535,H10,newchain08
"(0, 1, 8)",0.6942830920447453,183.61884619076196,513.7610063420049,11.2695437397008,31.959806799635896,3.922095579857058,H10,newchain08
"(3, 7, 9)",0.48447080732761,374.24895130671575,645.6536508247676,5.56918897848759,3.9852172375745814,-0.9260061595204226,H10,newchain09
"(0, 2, 8)",0.5707213926502648,290.3725064533767,591.6823924368151,8.606656673386103,43.705684731446595,2.331349060264536,H10,newchain09
"(1, 2, 3)",0.4839105759838383,373.9031892998587,840.1927891535071,4.687150958038624,17.69318063789974,-0.398374724614889,H10,newchain09
"(2, 4, 9)",0.4730569036232866,376.29999957745054,689.9444634810843,5.291844210363828,1.655683278456652,-1.1477006142222368,H10,newchain09
"(4, 6, 9)",0.4839105759838383,373.9031892998587,679.5065455688824,4.917263581780013,1.9149013755669666,-1.2483246048398686,H10,newchain09
"(0, 3, 7)",0.5589467210021712,305.7097375730846,663.4581858310567,5.56918897848759,31.614119928257196,0.6868381781609383,H10,newchain09
"(2, 7, 9)",0.5426692526413337,296.9090713344027,660.6644453698003,5.943769607071405,1.8855148636250696,-0.9328209143978383,H10,newchain09
"(1, 3, 9)",0.5114438437088439,310.7597304290328,764.0820813632931,8.23207604480229,19.096070519485192,0.7790005540743089,H10,newchain09
"(0, 5, 7)",0.5016881997982784,361.0572098467131,668.8601995126478,5.291844210363828,29.703379329439414,0.4895908941405145,H10,newchain09
"(2, 5, 7)",0.4961208201092563,371.4100792866857,701.7955177845305,1.746919123600164,0.6715867571713485,-2.3006287222300443,H10,newchain09
"(1, 3, 5)",0.4839105759838383,373.9031892998587,826.8216344534558,4.035225561331047,17.88214241303147,-0.5888072537578972,H10,newchain09
"(5, 6, 7)",0.4961208201092562,371.4100792866857,689.8605602078271,1.3723384950163493,0.9308048542816632,-2.4012527128476755,H10,newchain09
"(1, 2, 4)",0.4839105759838384,373.9031892998587,839.3673765666812,4.409806189914862,15.656676613168028,-0.6029634811376244,H10,newchain09
"(0, 2, 4)",0.5016881997982784,361.0572098467131,712.6617519047525,5.291844210363828,29.284585969139265,0.465143723459124,H10,newchain09
"(2, 3, 6)",0.4839105759838383,373.9031892998587,730.3965090640165,1.6496832631401122,2.5485155187132262,-2.2211111270063304,H10,newchain09
"(1, 4, 8)",0.4839105759838383,373.9031892998587,736.187046473085,7.0726932562295595,30.140973724693158,1.0654678540224674,H10,newchain09
"(2, 8, 9)",0.5433582468495657,300.1792395734828,568.4877883729271,8.606656673386103,16.07678204076398,0.7185047225831751,H10,newchain09
"(2, 3, 8)",0.5206855498853211,358.9151672357769,630.8792524684526,4.687150958038624,16.77359453312804,-0.452055801228607,H10,newchain09
"(2, 3, 5)",0.4839105759838383,373.9031892998587,732.8388081374504,1.3723384950163493,2.478259196734642,-2.3109196655317072,H10,newchain09
"(0, 1, 5)",0.4792667387276263,363.8564311821737,788.97514716554,7.954731276678526,44.81423261135003,2.194597607735246,H10,newchain09
"(0, 1, 4)",0.4792667387276264,363.8564311821737,784.4134507803133,7.954731276678526,44.6884691854361,2.1872561352329343,H10,newchain09
"(3, 5, 6)",0.4961208201092562,371.4100792866857,723.8977920692075,0.9977578664325344,2.737477293844957,-2.4115436561493384,H10,newchain09
"(2, 4, 8)",0.5207537458141115,358.9547160232387,632.3542982610509,4.409806189914862,14.73709050839633,-0.6566445577513425,H10,newchain09
"(1, 2, 9)",0.5708993695283487,238.57288368698892,782.8447882691067,8.606656673386103,16.99636814553568,0.7721857991968932,H10,newchain09
"(5, 6, 9)",0.4839105759838384,373.9031892998587,683.5654194512308,4.917263581780013,2.0406648014808972,-1.2409831323375569,H10,newchain09
"(1, 2, 7)",0.4839105759838384,373.9031892998587,807.7118401528462,5.0617315866224395,15.886508198336445,-0.3880837813132258,H10,newchain09
"(1, 5, 8)",0.5336358411308143,295.2517060039188,740.3549061906106,7.0726932562295595,30.266737150607092,1.0728093265247793,H10,newchain09
"(0, 2, 5)",0.4912581515209865,361.7028172192551,717.7347121358774,5.291844210363828,29.410349395053196,0.4724851959614357,H10,newchain09
"(4, 5, 7)",0.5077360306093676,364.1247996849337,690.2268964204738,1.0949937268925862,0.7347851063891486,-2.498402723875364,H10,newchain09
"(4, 5, 6)",0.4961208201092562,371.4100792866857,726.6366808380455,0.7204130983087718,0.7009732691132455,-2.6161324126720746,H10,newchain09
"(2, 5, 6)",0.4839105759838383,373.9031892998587,736.2708159001778,1.3723384950163495,0.6377749198954454,-2.4183584110267544,H10,newchain09
"(0, 5, 8)",0.5718949853800316,288.8231169252107,584.7938230615597,7.954731276678526,43.894646506578326,2.140916531121528,H10,newchain09
"(0, 7, 8)",0.6288053537227161,235.42213599281504,555.5678836582656,8.606656673386103,43.998714665832814,2.348454758443615,H10,newchain09
"(0, 6, 8)",0.5718949853800315,288.8231169252107,584.0806033967789,8.23207604480229,43.964902828556916,2.2307250696469048,H10,newchain09
"(1, 3, 4)",0.4839105759838384,373.9031892998587,822.8971916277636,4.035225561331047,17.75637898711754,-0.596148726260209,H10,newchain09
"(1, 8, 9)",0.5774452974987996,240.07697128289695,654.8734974656049,11.2695437397008,31.48066525706081,2.4406171343569847,H10,newchain09
"(3, 4, 7)",0.5077360306093676,364.1247996849337,684.9584289697245,1.3723384950163489,2.6455257052069303,-2.30115543985494,H10,newchain09
"(4, 6, 7)",0.4979864132950171,370.612046441102,686.6258705198023,1.372338495016349,0.805041428367733,-2.4085941853499873,H10,newchain09
"(3, 5, 7)",0.5077360306093676,364.1247996849337,687.5858648038378,1.372338495016349,2.7712891311208603,-2.2938139673526283,H10,newchain09
"(0, 2, 9)",0.6517048991382353,222.60217059766416,709.7873127798939,9.488694693835068,30.624277501506917,1.8402930037936414,H10,newchain09
"(0, 1, 9)",0.6352837569930372,227.60065118656755,756.9639071347858,12.151581760149767,46.02816071780375,3.562405415567452,H10,newchain09
"(0, 8, 9)",0.6777350641823358,208.95374513184973,558.0327135020253,12.151581760149767,45.10857461303205,3.5087243389537335,H10,newchain09
"(0, 1, 8)",0.5461083337221642,297.3566899500888,677.2945855838622,11.2695437397008,59.10956794774343,4.053461472038347,H10,newchain09
"(3, 7, 9)",0.5717834913398825,300.2934714320906,562.5794440132435,5.56918897848759,15.489783613119384,-0.23311061773438752,H10,newchain10
"(0, 2, 8)",0.5055165720827849,373.2641195805062,542.0768897247231,8.606656673386103,30.59357892226921,1.8332416498432509,H10,newchain10
"(1, 2, 3)",0.5223244404293551,376.0069708974472,611.4753197743381,4.687150958038624,15.489783613119387,-0.5056850903480686,H10,newchain10
"(2, 4, 9)",0.5622275045146339,303.19077094812917,573.0003910158122,5.291844210363828,14.996308605506645,-0.3556620844008747,H10,newchain10
"(4, 6, 9)",0.6297559431851026,240.2760538050428,586.2854928436523,4.917263581780013,15.589052938616216,-0.42716212697594647,H10,newchain10
"(2, 7, 9)",0.5598831250943201,306.1891183662837,560.3591833231967,5.943769607071405,15.259952027950966,-0.13451454229346638,H10,newchain10
"(0, 3, 7)",0.5751482414838871,295.8331220117731,544.7654952379812,5.56918897848759,15.712557225527021,-0.21647774617590454,H10,newchain10
"(1, 3, 9)",0.5637774893468612,306.06090010111586,553.3902829435729,8.23207604480229,29.6810507902583,1.649353953711363,H10,newchain10
"(0, 5, 7)",0.525826343650216,373.62877125139704,550.7168942871541,5.291844210363828,15.41246931838002,-0.32459041657585597,H10,newchain10
"(2, 5, 7)",0.4689428010781684,458.7492303692819,596.827133053333,1.746919123600164,0.9984285288334698,-2.4962623321937705,H10,newchain10
"(1, 3, 5)",0.4692180507525691,458.35339494170137,613.4026149886198,4.035225561331047,15.419527291140804,-0.7123938361889413,H10,newchain10
"(5, 6, 7)",0.4691421481760796,458.3784609455748,608.9614665372256,1.3723384950163493,1.5911728619430408,-2.5677623747688423,H10,newchain10
"(1, 2, 4)",0.5223244404293551,376.0069708974472,613.891474529443,4.409806189914862,14.99630860550665,-0.6282365570145557,H10,newchain10
"(0, 2, 4)",0.5160023046348795,373.2470607124734,560.0080310834156,5.291844210363828,15.219082217914284,-0.33902921284239157,H10,newchain10
"(2, 3, 6)",0.4690018342019524,458.7530834212332,608.2416857419579,1.6496832631401122,1.891260769090043,-2.4596497043688905,H10,newchain10
"(1, 4, 8)",0.571274594799954,279.9904175995156,638.2112676403615,7.0726932562295595,30.107161887417256,1.3228867635636783,H10,newchain10
"(2, 8, 9)",0.5644182192290212,293.0377674860871,559.8462447545263,8.606656673386103,30.37080530986157,1.8166087782847677,H10,newchain10
"(2, 3, 8)",0.4835419622661044,445.99760967504574,615.4245417950923,4.687150958038624,16.409369717891074,-0.4370263412155849,H10,newchain10
"(0, 1, 5)",0.5338318060828438,365.168889533149,547.1388590694195,7.954731276678526,29.60373649551894,1.5578741548698947,H10,newchain10
"(2, 3, 5)",0.4690018342019524,458.7530834212332,606.3944942611164,1.3723384950163493,1.2282601140018872,-2.5948584076346917,H10,newchain10
"(0, 1, 4)",0.541724494303172,365.3177896335329,546.7755006809085,7.954731276678526,29.410349395053206,1.5434353586033591,H10,newchain10
"(2, 4, 8)",0.4835419622661043,445.99760967504574,621.7733306323288,4.409806189914862,15.915894710278337,-0.5595778078820719,H10,newchain10
"(3, 5, 6)",0.4691421481760796,458.3784609455748,621.3445624098508,0.9977578664325344,1.8210044471114586,-2.666358450209763,H10,newchain10
"(1, 2, 9)",0.5624498756023442,306.166682393183,556.7959860799085,8.606656673386103,29.451219205089885,1.747950029152284,H10,newchain10
"(5, 6, 9)",0.6297559431851026,240.2760538050428,586.0978356723754,4.917263581780013,15.782440039081953,-0.4127233307094109,H10,newchain10
"(1, 5, 8)",0.571274594799954,279.9904175995156,638.2168963324668,7.0726932562295595,30.30054898788299,1.3373255598302136,H10,newchain10
"(1, 2, 7)",0.5222208920168669,376.21636849871186,596.5149885800374,5.0617315866224395,15.25995202795097,-0.40708901490714744,H10,newchain10
"(0, 2, 5)",0.5162060742614277,372.9481797645562,561.196724301885,5.291844210363828,15.41246931838002,-0.32459041657585597,H10,newchain10
"(4, 5, 7)",0.4696152488358189,458.0080007056404,608.7627555303561,1.0949937268925862,0.7347851063891488,-2.717409874301179,H10,newchain10
"(4, 5, 6)",0.4689428010781684,458.7492303692819,629.4313439124544,0.7204130983087718,1.32752943949872,-2.788909916876251,H10,newchain10
"(2, 5, 6)",0.4690018342019524,458.7530834212332,615.4099537406781,1.3723384950163495,1.591172861943041,-2.567762374768842,H10,newchain10
"(0, 5, 8)",0.5055165720827849,373.2641195805062,554.3903091032769,7.954731276678526,30.523322600290626,1.6265329040023782,H10,newchain10
"(0, 7, 8)",0.5036857793729368,374.6868375804384,547.7318310355868,8.606656673386103,30.59357892226921,1.8332416498432509,H10,newchain10
"(0, 6, 8)",0.505516572082785,373.2641195805062,557.6936533794736,8.23207604480229,31.18632325537878,1.7617416072681793,H10,newchain10
"(1, 3, 4)",0.5218750060261999,376.2626322954494,613.5049466233334,4.035225561331047,15.226140190675068,-0.7268326324554768,H10,newchain10
"(1, 8, 9)",0.6089002702648033,244.5181548485085,558.7383288634963,11.2695437397008,44.56207248700049,3.699073349730518,H10,newchain10
"(3, 4, 7)",0.4696152488358189,458.0080007056404,602.1567981308796,1.3723384950163489,1.0348730135361508,-2.609297203901227,H10,newchain10
"(4, 6, 7)",0.4696152488358189,458.0080007056404,609.6025881904543,1.372338495016349,1.3977857614773042,-2.582201171035378,H10,newchain10
"(3, 5, 7)",0.4696152488358189,458.0080007056404,600.8731938967094,1.372338495016349,1.2282601140018874,-2.5948584076346917,H10,newchain10
"(0, 2, 9)",0.6232830550860526,256.3073930163791,563.3521628977895,9.488694693835068,29.673992817497517,2.037157373324448,H10,newchain10
"(0, 1, 9)",0.6237008676485437,256.199690152318,529.869953641275,12.151581760149767,43.86525999463644,3.919621944770199,H10,newchain10
"(0, 8, 9)",0.6232830550860524,256.3073930163791,532.1706534143482,12.151581760149767,44.78484609940812,3.9882806939026825,H10,newchain10
"(0, 1, 8)",0.6231086366848533,223.3358144140789,541.1971245770148,11.2695437397008,44.78484609940813,3.715706221289001,H10,newchain10
"(3, 7, 9)",0.6896625854552457,186.46610495269388,505.68504651922376,5.56918897848759,3.6992452759491474,-0.7790881850862852,H10,newchain11
"(0, 2, 8)",0.7014034938792453,179.1742510711005,451.25736505878234,8.606656673386103,34.08165255016258,2.978002236028293,H10,newchain11
"(1, 2, 3)",0.6105891961899788,228.7387164479302,619.6623526495957,4.687150958038624,5.666237173643059,-0.8691944115485681,H10,newchain11
"(2, 4, 9)",0.634963518408886,224.03991728376215,533.595304179725,5.291844210363828,3.8564514760415696,-0.8502122400986368,H10,newchain11
"(4, 6, 9)",0.6961403720475483,183.9118933177284,526.7159679065871,4.917263581780013,1.712758290179214,-1.1648281171091612,H10,newchain11
"(0, 3, 7)",0.6359860411896998,226.1611431043642,494.6883106001083,5.56918897848759,19.40633740126913,0.6779821544538591,H10,newchain11
"(2, 7, 9)",0.6896625854552456,186.46610495269388,514.273038915075,5.943769607071405,4.002454184972307,-0.6352050591652787,H10,newchain11
"(1, 3, 9)",0.6303152905479883,222.5141206930088,584.8274752119664,8.23207604480229,4.443442159848207,0.11285407723380925,H10,newchain11
"(0, 5, 7)",0.6317577052705907,228.8903704093732,499.0586557462251,5.291844210363828,17.424275740833203,0.40840865233585105,H10,newchain11
"(2, 5, 7)",0.5970547339292867,248.0443335670488,512.8237763290873,1.746919123600164,2.9399786293080727,-2.03071017598667,H10,newchain11
"(1, 3, 5)",0.6182285278081389,225.7441697115885,611.5557943133965,4.035225561331047,3.3809666041839725,-1.2826510395875825,H10,newchain11
"(5, 6, 7)",0.6003959920632589,245.11143815625312,503.9430045707958,1.3723384950163493,0.7962854434457167,-2.3453260529971947,H10,newchain11
"(1, 2, 4)",0.6108069489362152,228.16867814315688,618.1245990329077,4.409806189914862,3.6503636759312283,-1.141904472924458,H10,newchain11
"(0, 2, 4)",0.6515054477330173,222.06894343685147,525.0022790374115,5.291844210363828,19.563543601361552,0.6068580994415075,H10,newchain11
"(2, 3, 6)",0.5841034396473364,261.13432469949504,529.3939902662448,1.6496832631401122,4.951426801685897,-1.8741665445156481,H10,newchain11
"(1, 4, 8)",0.6273481598592459,222.52745037815112,582.0804373079085,7.0726932562295595,15.849390217997271,0.8126464763654314,H10,newchain11
"(2, 8, 9)",0.6830368779718873,184.47969215072743,461.3184809284192,8.606656673386103,18.374560424842603,1.5209318964881495,H10,newchain11
"(2, 3, 8)",0.6888616902144917,175.7265206071041,488.2800678711572,4.687150958038624,19.294146529614295,0.3950002817847657,H10,newchain11
"(2, 3, 5)",0.5934275048140788,248.54111057352048,532.5474772226535,1.3723384950163493,4.809849418089167,-1.9730072955441385,H10,newchain11
"(0, 1, 5)",0.6296278165914085,225.50144703903197,579.3023303804991,7.954731276678526,18.16847262473226,1.300350914655945,H10,newchain11
"(0, 1, 4)",0.6108623000903551,232.5778222032051,575.640657830979,7.954731276678526,18.134660787456358,1.2972143553980633,H10,newchain11
"(3, 5, 6)",0.5919642718602247,248.2374641162961,527.7219667145907,0.9977578664325344,2.6661562322268106,-2.2876231725546625,H10,newchain11
"(2, 4, 8)",0.6952160737515019,171.6496697767882,489.9853886083427,4.409806189914862,17.278273031902465,0.12229022040887588,H10,newchain11
"(1, 2, 9)",0.6303152905479883,222.5141206930088,596.1208680776462,8.606656673386103,4.7466510688713655,0.2567372031548155,H10,newchain11
"(5, 6, 9)",0.6961403720475483,183.9118933177284,528.9601250648293,4.917263581780013,1.7465701274551173,-1.1616915578512794,H10,newchain11
"(1, 2, 7)",0.6122087297905151,228.8699580490681,597.4044277594448,5.0617315866224395,3.7963663848619653,-0.9268972919910998,H10,newchain11
"(1, 5, 8)",0.6282721646968693,221.5618446175842,584.2669948378747,7.0726932562295595,15.883202055273175,0.8157830356233133,H10,newchain11
"(0, 2, 5)",0.6516430489980694,222.26202404509095,528.6717929160263,5.291844210363828,19.597355438637454,0.6099946586993892,H10,newchain11
"(4, 5, 7)",0.5767447631457545,252.96131817967637,507.36668992641046,1.0949937268925862,0.6208962225730827,-2.447303363283567,H10,newchain11
"(4, 5, 6)",0.5926586150684287,247.90417480689797,530.6358103727051,0.7204130983087718,0.6502827345149798,-2.560333233930553,H10,newchain11
"(2, 5, 6)",0.5956588198545977,247.46028157055645,533.8276107117057,1.3723384950163495,2.9693651412499698,-2.1437400466336562,H10,newchain11
"(0, 5, 8)",0.7215817673448858,173.4969017917729,450.891830786345,7.954731276678526,31.796381980703497,2.5645456079892788,H10,newchain11
"(0, 7, 8)",0.7014034938792453,179.1742510711005,434.6636242640196,8.606656673386103,31.908572852358333,2.7764162296647554,H10,newchain11
"(0, 6, 8)",0.7215817673448857,173.4969017917729,449.06858086182046,8.23207604480229,31.93795936430023,2.6633863590177693,H10,newchain11
"(1, 3, 4)",0.6182285278081389,225.7441697115885,608.3738488223913,4.035225561331047,3.3471547669080692,-1.2857875988454643,H10,newchain11
"(1, 8, 9)",0.6107995406579813,230.38732463384903,531.0322744794692,11.2695437397008,16.94567761093741,2.211288152444705,H10,newchain11
"(3, 4, 7)",0.6378306189740606,205.7336311575595,503.5082043359802,1.3723384950163489,2.6029578830090103,-2.1777298611655587,H10,newchain11
"(4, 6, 7)",0.5959184584906272,248.85120539384343,502.45940145870895,1.372338495016349,0.7624736061698134,-2.3484626122550765,H10,newchain11
"(3, 5, 7)",0.6378306189740606,205.7336311575595,504.6799606346566,1.372338495016349,2.6367697202849136,-2.1745933019076764,H10,newchain11
"(0, 2, 9)",0.6535246657510961,222.24777262493055,564.0860504191139,9.488694693835068,20.65983099430169,2.0054997755207804,H10,newchain11
"(0, 1, 9)",0.6522792210693725,222.43391684108985,586.2345177349537,12.151581760149767,19.230948180396496,2.6958560314773368,H10,newchain11
"(0, 8, 9)",0.719213463812387,175.54212629681308,459.5443666542742,12.151581760149767,32.85885753636773,3.9600507248106704,H10,newchain11
"(0, 1, 8)",0.6957522893071841,179.5483801917399,519.6125220324612,11.2695437397008,32.65276973625738,3.6683584919848484,H10,newchain11
