triple,captured,err_sqd,S0,T1,T2,system,chain
"(0, 1, 6)",0.5885763371019783,287.9825389173369,8.23207604480229,0.09034327059207954,0.08698384586683984,H10,identity
"(0, 1, 7)",0.6256356334818867,225.95309927133388,8.606656673386103,0.044719471757219624,0.08698384586683984,H10,identity
"(0, 1, 4)",0.6356385055764427,225.9529912288274,7.954731276678526,0.0,0.08710590985749127,H10,identity
"(0, 1, 5)",0.6356385055764427,225.9529912288274,7.954731276678526,0.0,0.08710590985749127,H10,identity
"(0, 1, 8)",0.6136709749648273,237.40961119760317,11.2695437397008,0.0,0.08698384586683984,H10,identity
"(0, 1, 2)",0.6282143489644749,224.59889961938285,8.606656673386103,0.044719471757219624,0.08698384586683984,H10,identity
"(0, 1, 3)",0.6356385055764429,225.9529912288274,8.23207604480229,0.09034327059207954,0.08698384586683984,H10,identity
"(0, 1, 9)",0.6375995619759883,247.27858328064744,12.151581760149767,0.0,0.08698384586683984,H10,identity
"(0, 2, 4)",0.6329303916639428,233.2070232490526,5.291844210363828,0.044719471757219624,0.08710590985749127,H10,identity
"(0, 2, 5)",0.5757256819880452,294.25998017798884,5.291844210363828,0.044719471757219624,0.08710590985749127,H10,identity
"(0, 2, 3)",0.6329303916639427,233.2070232490526,5.56918897848759,0.09034327059207954,0.08698384586683984,H10,identity
"(0, 2, 6)",0.5757256819880452,294.25998017798884,5.569188978487591,0.09034327059207954,0.08698384586683984,H10,identity
"(0, 2, 7)",0.5749080116609866,295.8198576831057,5.943769607071405,0.044719471757219624,0.08698384586683984,H10,identity
"(0, 3, 4)",0.6329303916639429,233.2070232490526,4.917263581780013,0.09034327059207954,0.08710590985749127,H10,identity
"(0, 2, 8)",0.552231926660376,303.8089550003589,8.606656673386103,0.044719471757219624,0.08698384586683984,H10,identity
"(0, 2, 9)",0.6375995619759883,247.27858328064744,9.488694693835068,0.044719471757219624,0.08698384586683984,H10,identity
"(0, 3, 5)",0.6329303916639428,233.2070232490526,4.917263581780013,0.09034327059207954,0.08710590985749127,H10,identity
"(0, 4, 6)",0.5749080116609866,295.8198576831057,4.917263581780014,0.09034327059207954,0.08710590985749127,H10,identity
"(0, 4, 7)",0.5749080116609866,295.8198576831057,5.291844210363828,0.044719471757219624,0.08710590985749127,H10,identity
"(0, 3, 6)",0.5749080116609866,295.8198576831057,5.194608349903776,0.09034327059207954,0.08698384586683984,H10,identity
"(0, 4, 5)",0.5749080116609866,295.8198576831057,4.639918813656251,0.0,0.08710590985749127,H10,identity
"(0, 3, 7)",0.5749080116609866,295.8198576831057,5.56918897848759,0.09034327059207954,0.08698384586683984,H10,identity
"(0, 3, 8)",0.5500036044192987,306.0917193849022,8.232076044802287,0.09034327059207954,0.08698384586683984,H10,identity
"(0, 3, 9)",0.6375995619759882,247.27858328064744,9.114114065251254,0.09034327059207954,0.08698384586683984,H10,identity
"(0, 4, 8)",0.5554887797095325,300.31919403956664,7.954731276678526,0.0,0.08710590985749127,H10,identity
"(0, 4, 9)",0.6375995619759884,247.27858328064744,8.836769297127493,0.0,0.08710590985749127,H10,identity
"(0, 5, 6)",0.5749080116609866,295.8198576831057,4.917263581780014,0.09034327059207954,0.08710590985749127,H10,identity
"(0, 5, 7)",0.5749080116609866,295.8198576831057,5.291844210363828,0.044719471757219624,0.08710590985749127,H10,identity
"(0, 5, 8)",0.4943643243316059,374.3630554883097,7.954731276678526,0.0,0.08710590985749127,H10,identity
"(0, 5, 9)",0.6375995619759884,247.27858328064744,8.836769297127493,0.0,0.08710590985749127,H10,identity
"(0, 6, 7)",0.5749080116609865,295.8198576831057,5.569188978487591,0.09034327059207954,0.08698384586683984,H10,identity
"(0, 6, 8)",0.4962774758602947,372.931064268756,8.23207604480229,0.09034327059207954,0.08698384586683984,H10,identity
"(0, 6, 9)",0.6375995619759882,247.27858328064744,9.114114065251254,0.09034327059207954,0.08698384586683984,H10,identity
"(0, 7, 8)",0.5554887797095325,300.31919403956664,8.606656673386103,0.044719471757219624,0.08698384586683984,H10,identity
"(0, 7, 9)",0.6375995619759884,247.27858328064744,9.488694693835068,0.044719471757219624,0.08698384586683984,H10,identity
"(1, 2, 4)",0.5732385911630595,294.5243494375287,4.409806189914862,0.044719471757219624,0.08710590985749127,H10,identity
"(0, 8, 9)",0.6288742346048453,257.11435362020563,12.151581760149767,0.0,0.08698384586683984,H10,identity
"(1, 2, 5)",0.5176330377054383,365.3931112773181,4.409806189914862,0.044719471757219624,0.08710590985749127,H10,identity
"(1, 2, 3)",0.5176330377054384,365.3931112773181,4.687150958038624,0.09034327059207954,0.08698384586683984,H10,identity
"(1, 2, 6)",0.5176330377054383,365.3931112773181,4.687150958038625,0.09034327059207954,0.08698384586683984,H10,identity
"(1, 2, 7)",0.5176330377054384,365.3931112773181,5.0617315866224395,0.044719471757219624,0.08698384586683984,H10,identity
"(1, 2, 8)",0.6137443107057516,240.1625352889134,7.724618652937137,0.044719471757219624,0.08698384586683984,H10,identity
"(1, 2, 9)",0.6168087900914776,233.34141210869143,8.606656673386103,0.044719471757219624,0.08698384586683984,H10,identity
"(1, 3, 4)",0.5188705860538558,365.3773667024529,4.035225561331047,0.09034327059207954,0.08710590985749127,H10,identity
"(1, 3, 5)",0.5175877685217029,365.4335079906108,4.035225561331047,0.09034327059207954,0.08710590985749127,H10,identity
"(1, 3, 6)",0.5174272757180145,365.4504865056092,4.31257032945481,0.09034327059207954,0.08698384586683984,H10,identity
"(1, 3, 7)",0.5175877685217027,365.4335079906108,4.687150958038625,0.09034327059207954,0.08698384586683984,H10,identity
"(1, 3, 8)",0.5775381093186457,296.5457231982533,7.3500380243533225,0.09034327059207954,0.08698384586683984,H10,identity
"(1, 4, 6)",0.5174272757180144,365.4504865056092,4.035225561331047,0.09034327059207954,0.08710590985749127,H10,identity
"(1, 4, 7)",0.5732385911630595,294.5243494375287,4.409806189914862,0.044719471757219624,0.08710590985749127,H10,identity
"(1, 4, 5)",0.5188705860538558,365.3773667024529,3.7578807932072844,0.0,0.08710590985749127,H10,identity
"(1, 3, 9)",0.5734402956236083,295.92940093880316,8.23207604480229,0.09034327059207954,0.08698384586683984,H10,identity
"(1, 4, 8)",0.5760241298828297,296.56640998204864,7.0726932562295595,0.0,0.08710590985749127,H10,identity
"(1, 4, 9)",0.5734402956236082,295.92940093880316,7.954731276678526,0.0,0.08710590985749127,H10,identity
"(1, 5, 6)",0.5174272757180144,365.4504865056092,4.035225561331048,0.09034327059207954,0.08710590985749127,H10,identity
"(1, 5, 7)",0.5175877685217027,365.4335079906108,4.409806189914862,0.044719471757219624,0.08710590985749127,H10,identity
"(1, 5, 8)",0.5760241298828006,296.56640998204773,7.0726932562295595,0.0,0.08710590985749127,H10,identity
"(1, 5, 9)",0.5734402956236082,295.92940093880316,7.954731276678526,0.0,0.08710590985749127,H10,identity
"(1, 6, 7)",0.4588397102591525,458.2753501346808,4.687150958038625,0.09034327059207954,0.08698384586683984,H10,identity
"(1, 6, 8)",0.5596740718651256,303.7640003041826,7.3500380243533225,0.09034327059207954,0.08698384586683984,H10,identity
"(1, 6, 9)",0.5634385197749637,300.6037081154602,8.23207604480229,0.09034327059207954,0.08698384586683984,H10,identity
"(1, 7, 8)",0.6137443107057515,240.1625352889134,7.724618652937137,0.044719471757219624,0.08698384586683984,H10,identity
"(1, 7, 9)",0.6258653439561566,230.3124333400728,8.606656673386103,0.044719471757219624,0.08698384586683984,H10,identity
"(1, 8, 9)",0.6131574261325994,238.4666851471939,11.2695437397008,0.0,0.08698384586683984,H10,identity
"(2, 3, 4)",0.470193930372267,458.6996615694874,1.3723384950163493,0.09034327059207954,0.08710590985749127,H10,identity
"(2, 3, 5)",0.470193930372267,458.6996615694874,1.3723384950163493,0.09034327059207954,0.08710590985749127,H10,identity
"(2, 3, 6)",0.470193930372267,458.6996615694874,1.6496832631401122,0.09034327059207954,0.08698384586683984,H10,identity
"(2, 3, 7)",0.4730280434619366,458.549396056509,2.024263891723927,0.09034327059207954,0.08698384586683984,H10,identity
"(2, 3, 8)",0.4590415324649288,458.3386915538306,4.687150958038624,0.09034327059207954,0.08698384586683984,H10,identity
"(2, 4, 5)",0.470193930372267,458.6996615694874,1.0949937268925867,0.044719471757219624,0.08710590985749127,H10,identity
"(2, 3, 9)",0.5700632483773542,301.5627342514975,5.569188978487591,0.09034327059207954,0.08698384586683984,H10,identity
"(2, 4, 6)",0.470193930372267,458.6996615694874,1.3723384950163493,0.09034327059207954,0.08710590985749127,H10,identity
"(2, 4, 7)",0.4700962892052299,458.69520919153393,1.746919123600164,0.044719471757219624,0.08710590985749127,H10,identity
"(2, 4, 8)",0.4726305812957362,446.27385466703015,4.409806189914862,0.044719471757219624,0.08710590985749127,H10,identity
"(2, 4, 9)",0.5700632483773542,301.5627342514975,5.291844210363828,0.044719471757219624,0.08710590985749127,H10,identity
"(2, 5, 7)",0.4714804052538836,458.62551271719366,1.746919123600164,0.044719471757219624,0.08710590985749127,H10,identity
"(2, 5, 6)",0.4704020787680804,457.9529596286971,1.3723384950163495,0.09034327059207954,0.08710590985749127,H10,identity
"(2, 5, 8)",0.4726305812957362,446.27385466703015,4.409806189914862,0.044719471757219624,0.08710590985749127,H10,identity
"(2, 5, 9)",0.6275684925998496,238.28833543724937,5.291844210363828,0.044719471757219624,0.08710590985749127,H10,identity
"(2, 6, 7)",0.4730280434619365,458.549396056509,2.024263891723927,0.09034327059207954,0.08698384586683984,H10,identity
"(2, 6, 8)",0.4726305812957362,446.27385466703015,4.687150958038624,0.09034327059207954,0.08698384586683984,H10,identity
"(2, 6, 9)",0.6275684925998497,238.28833543724937,5.569188978487591,0.09034327059207954,0.08698384586683984,H10,identity
"(2, 7, 8)",0.5176993128688027,365.3359286769646,5.0617315866224395,0.044719471757219624,0.08698384586683984,H10,identity
"(3, 4, 6)",0.470193930372267,458.6996615694874,0.9977578664325344,0.09034327059207954,0.08710590985749127,H10,identity
"(3, 4, 5)",0.470193930372267,458.6996615694874,0.7204130983087715,0.09034327059207954,0.08710590985749127,H10,identity
"(2, 7, 9)",0.6297827813983574,236.38581837080696,5.943769607071405,0.044719471757219624,0.08698384586683984,H10,identity
"(2, 8, 9)",0.5643467347777683,293.95766463686533,8.606656673386103,0.044719471757219624,0.08698384586683984,H10,identity
"(3, 4, 7)",0.470193930372267,458.6996615694874,1.3723384950163489,0.09034327059207954,0.08710590985749127,H10,identity
"(3, 4, 8)",0.4590415324649288,458.3386915538306,4.035225561331047,0.09034327059207954,0.08710590985749127,H10,identity
"(3, 4, 9)",0.6297827813983574,236.38581837080696,4.917263581780013,0.09034327059207954,0.08710590985749127,H10,identity
"(3, 5, 7)",0.470193930372267,458.6996615694874,1.372338495016349,0.09034327059207954,0.08710590985749127,H10,identity
"(3, 5, 6)",0.470193930372267,458.6996615694874,0.9977578664325344,0.09034327059207954,0.08710590985749127,H10,identity
"(3, 5, 9)",0.6297827813983574,236.38581837080696,4.917263581780013,0.09034327059207954,0.08710590985749127,H10,identity
"(3, 5, 8)",0.4590313394325113,458.35173990481337,4.035225561331047,0.09034327059207954,0.08710590985749127,H10,identity
"(3, 6, 7)",0.470193930372267,458.6996615694874,1.649683263140112,0.09034327059207954,0.08698384586683984,H10,identity
"(3, 6, 8)",0.459059116929777,458.3452761510429,4.312570329454809,0.09034327059207954,0.08698384586683984,H10,identity
"(3, 6, 9)",0.6297827813983575,236.38581837080696,5.194608349903776,0.09034327059207954,0.08698384586683984,H10,identity
"(3, 7, 8)",0.459357921052832,458.2881897578508,4.687150958038624,0.09034327059207954,0.08698384586683984,H10,identity
"(4, 5, 6)",0.470193930372267,458.6996615694874,0.7204130983087718,0.09034327059207954,0.08710590985749127,H10,identity
"(4, 5, 7)",0.470193930372267,458.6996615694874,1.0949937268925862,0.044719471757219624,0.08710590985749127,H10,identity
"(3, 7, 9)",0.6297827813983575,236.38581837080696,5.56918897848759,0.09034327059207954,0.08698384586683984,H10,identity
"(3, 8, 9)",0.5735870187954646,294.8068205631822,8.232076044802287,0.09034327059207954,0.08698384586683984,H10,identity
"(4, 5, 8)",0.459059116929777,458.3452761510429,3.757880793207284,0.0,0.08710590985749127,H10,identity
"(4, 5, 9)",0.6297827813983574,236.38581837080696,4.639918813656251,0.0,0.08710590985749127,H10,identity
"(4, 6, 7)",0.470193930372267,458.6996615694874,1.372338495016349,0.09034327059207954,0.08710590985749127,H10,identity
"(4, 6, 8)",0.517642676055443,365.4517569539335,4.035225561331047,0.09034327059207954,0.08710590985749127,H10,identity
"(4, 6, 9)",0.6297827813983573,236.38581837080696,4.917263581780013,0.09034327059207954,0.08710590985749127,H10,identity
"(4, 7, 8)",0.518163284684482,365.0589076076844,4.409806189914861,0.044719471757219624,0.08710590985749127,H10,identity
"(4, 7, 9)",0.6297827813983574,236.38581837080696,5.291844210363828,0.044719471757219624,0.08710590985749127,H10,identity
"(4, 8, 9)",0.5738656579728079,294.5982984505724,7.954731276678525,0.0,0.08710590985749127,H10,identity
"(5, 6, 7)",0.470193930372267,458.6996615694874,1.3723384950163493,0.09034327059207954,0.08710590985749127,H10,identity
"(5, 6, 8)",0.5176426760554429,365.4517569539335,4.035225561331047,0.09034327059207954,0.08710590985749127,H10,identity
"(5, 6, 9)",0.6297827813983574,236.38581837080696,4.917263581780013,0.09034327059207954,0.08710590985749127,H10,identity
"(5, 7, 8)",0.518163284684482,365.0589076076844,4.409806189914861,0.044719471757219624,0.08710590985749127,H10,identity
"(5, 8, 9)",0.6306276897312906,231.5027027367096,7.954731276678526,0.0,0.08710590985749127,H10,identity
"(5, 7, 9)",0.6297827813983574,236.38581837080696,5.291844210363828,0.044719471757219624,0.08710590985749127,H10,identity
"(6, 7, 8)",0.5181632846844821,365.0589076076844,4.687150958038624,0.09034327059207954,0.08698384586683984,H10,identity
"(6, 7, 9)",0.6297827813983574,236.38581837080696,5.56918897848759,0.09034327059207954,0.08698384586683984,H10,identity
"(6, 8, 9)",0.6258450900157321,230.86586030434563,8.232076044802287,0.09034327059207954,0.08698384586683984,H10,identity
"(7, 8, 9)",0.6230070889245248,230.2839613082117,8.606656673386102,0.044719471757219624,0.08698384586683984,H10,identity
"(1, 4, 7)",0.5780884770024218,268.87516285398937,4.409806189914862,0.6419853455459488,0.19206384234450757,H10,physical
"(2, 4, 6)",0.5516742832724483,297.572227797807,1.3723384950163493,0.6420453402846062,0.19272678077439287,H10,physical
"(1, 6, 8)",0.6894747491861564,183.58452992042817,7.3500380243533225,0.5581220794916902,0.12004016158592132,H10,physical
"(0, 2, 7)",0.65710199899811,221.6289189077152,5.943769607071405,0.4937549935898858,0.20039447115049905,H10,physical
"(1, 2, 6)",0.6397214424179712,220.4397209424638,4.687150958038625,0.6498816353118191,0.19206384234450757,H10,physical
"(1, 6, 7)",0.578889164121683,270.74337446453,4.687150958038625,0.6498816353118191,0.19206384234450757,H10,physical
"(3, 6, 9)",0.5923666542545941,269.1237568078595,5.194608349903776,0.47552093355029124,0.11214079493983244,H10,physical
"(1, 5, 7)",0.6203579204161187,226.48491392501313,4.409806189914862,0.6306603098041565,0.19206384234450757,H10,physical
"(5, 7, 9)",0.6583515136233303,219.32371513488567,5.291844210363828,0.7054251607178041,0.17990761106509598,H10,physical
"(2, 3, 5)",0.5322891496125512,304.7670319220908,1.3723384950163493,0.6515849155590422,0.19341355871792767,H10,physical
"(0, 2, 9)",0.5933187615824217,268.5719206638488,9.488694693835068,0.6975888656906044,0.24932368743313724,H10,physical
"(0, 5, 7)",0.6586595808195449,220.94528600747145,5.291844210363828,0.4937549935898858,0.1996849953659731,H10,physical
"(5, 6, 7)",0.5721703343610745,269.86705160719634,1.3723384950163493,0.6594212105862419,0.20488424810210973,H10,physical
"(0, 2, 6)",0.6615930986901128,218.63787417716551,5.569188978487591,0.6515849155590422,0.20039447115049908,H10,physical
"(1, 5, 6)",0.6511451413497085,210.0243033866711,4.035225561331048,0.6894471466966886,0.1200401615859213,H10,physical
"(2, 6, 9)",0.59629229067241,268.3478007147997,5.569188978487591,0.6420453402846062,0.17928447157744515,H10,physical
"(4, 6, 8)",0.5457347834575439,301.16552450996005,4.035225561331047,0.7048973647058209,0.12004016158592132,H10,physical
"(1, 3, 5)",0.5687982412580788,264.65016424447094,4.035225561331047,0.6894471466966886,0.1200401615859213,H10,physical
"(0, 6, 7)",0.6615930986901126,218.63787417716551,5.569188978487591,0.6594212105862419,0.20191582314530943,H10,physical
"(2, 4, 7)",0.6955385362149424,172.14939218691416,1.746919123600164,0.4952100603318532,0.12137823678888915,H10,physical
"(3, 4, 6)",0.4530670348135028,386.4008031346869,0.9977578664325344,0.47552093355029124,0.18653690332270353,H10,physical
"(0, 3, 4)",0.658659580819545,220.94528600747145,4.917263581780013,0.6228240147762184,0.19311430195703785,H10,physical
"(0, 1, 9)",0.6547827697182128,219.9049260850092,12.151581760149767,0.6880802112369897,0.2442184638323444,H10,physical
"(3, 8, 9)",0.6386663352819468,225.71215968089663,8.232076044802287,0.7048973647058209,0.18510317629562864,H10,physical
"(5, 6, 8)",0.6067004880571014,251.1205221539532,4.035225561331047,0.7054251607175989,0.12004016158592132,H10,physical
"(0, 5, 6)",0.6615930986901126,218.63787417716551,4.917263581780014,0.4859186985618941,0.19311430195703785,H10,physical
"(0, 4, 8)",0.6532612127357948,214.50849171642173,7.954731276678526,0.6880802112373761,0.18413451266580486,H10,physical
"(2, 3, 9)",0.5924755498458512,268.6432425764611,5.569188978487591,0.6420453402846062,0.17928447157744515,H10,physical
"(1, 2, 7)",0.6726222492452094,189.39782400814752,5.0617315866224395,0.4364232234387485,0.19206384234450757,H10,physical
"(4, 5, 6)",0.4788693343078371,373.109132816376,0.7204130983087718,0.6228240147762184,0.2633124757580723,H10,physical
"(0, 4, 9)",0.6003501654672635,266.64047918834746,8.836769297127493,0.5322211304296037,0.18252364494493267,H10,physical
"(0, 2, 3)",0.6615930986901126,218.63787417716551,5.56918897848759,0.6515849155590422,0.20039447115049905,H10,physical
"(0, 2, 4)",0.6615930986901126,218.63787417716551,5.291844210363828,0.6816108516700805,0.20039447115049908,H10,physical
"(2, 6, 7)",0.63653624917405,218.56940597565887,2.024263891723927,0.4554369827703152,0.19773332892848483,H10,physical
"(4, 6, 9)",0.6570911626581302,219.74517877720336,4.917263581780013,0.47552093355029124,0.11420691906689055,H10,physical
"(0, 1, 3)",0.6994102249597494,181.4337155473007,8.23207604480229,0.6894471466966886,0.18588422361038875,H10,physical
"(1, 7, 9)",0.63192635520319,229.400497251123,8.606656673386103,0.6579633595664727,0.18263126644129793,H10,physical
"(2, 3, 7)",0.6890443543524386,175.17356732665235,2.024263891723927,0.4554369827703152,0.19773332892848483,H10,physical
"(0, 1, 5)",0.6994102249597492,181.4337155473007,7.954731276678526,0.5240794114364321,0.18588422361038875,H10,physical
"(3, 5, 9)",0.6028366049528782,256.18934824031305,4.917263581780013,0.6228240147762184,0.11396440449563813,H10,physical
"(2, 4, 6)",0.4511884049703825,372.8896294803494,1.3723384950163493,0.44983509553085776,0.08861164650782188,H10,rand007
"(1, 6, 8)",0.6293327259725365,221.6377001311667,7.3500380243533225,0.40713020677163414,0.1516357892814247,H10,rand007
"(1, 4, 7)",0.5737332499436106,260.87977530669895,4.409806189914862,0.39699664420198294,0.07938087116626634,H10,rand007
"(1, 6, 7)",0.5128302772233498,310.1122018089564,4.687150958038625,0.47625097896778784,0.15222849880509265,H10,rand007
"(0, 2, 7)",0.6695513834559433,215.39947887265853,5.943769607071405,0.39093809001477214,0.0034171878115287165,H10,rand007
"(3, 6, 9)",0.5923666542545103,269.1237568080016,5.194608349903776,0.28331068879654275,0.012524726977927173,H10,rand007
"(1, 2, 6)",0.5163581200713618,309.62763259623307,4.687150958038625,0.47625097896778784,0.15222849880509265,H10,rand007
"(1, 5, 7)",0.5185250822422232,307.4320742311212,4.409806189914862,0.4575352552777073,0.07750572080858369,H10,rand007
"(0, 2, 9)",0.6609392640751481,217.85019032460883,9.488694693835068,0.4526001643466382,0.006088275989510534,H10,rand007
"(2, 3, 5)",0.4580023516347256,371.58477217940344,1.3723384950163493,0.5208627468054253,0.08673008626000028,H10,rand007
"(5, 7, 9)",0.6562824502450649,219.67120761325543,5.291844210363828,0.4604364593738379,0.008191087593997169,H10,rand007
"(0, 5, 7)",0.6763101581038712,212.1238972681727,5.291844210363828,0.39093809001477214,0.0034171878115287165,H10,rand007
"(1, 5, 6)",0.5273514390385423,303.04575867559345,4.035225561331048,0.5110556106157114,0.15222849880509265,H10,rand007
"(5, 6, 7)",0.5642934866836116,255.9476032054704,1.3723384950163493,0.5286990418326252,0.08634409977948813,H10,rand007
"(0, 2, 6)",0.6763101581038711,212.1238972681727,5.569188978487591,0.5208627468054253,0.08668859159158386,H10,rand007
"(2, 6, 9)",0.6199018458143988,232.94094787676656,5.569188978487591,0.44983509553085776,0.008191087593997169,H10,rand007
"(4, 6, 8)",0.4974898002373317,340.71379782044266,4.035225561331047,0.4599086633618547,0.15188538800235438,H10,rand007
"(1, 3, 5)",0.5237414350028798,304.07945309189887,4.035225561331047,0.5110556106157114,0.15423126099153453,H10,rand007
"(0, 6, 7)",0.6763101581038711,212.1238972681727,5.569188978487591,0.5286990418326252,0.08668859159158386,H10,rand007
"(2, 4, 7)",0.5638144127688542,256.01746921348314,1.746919123600164,0.30299981557810485,0.0026569437258507685,H10,rand007
"(3, 4, 6)",0.4511884049703825,372.8896294803494,0.9977578664325344,0.28331068879654275,0.0887411310254983,H10,rand007
"(0, 3, 4)",0.6763101581038711,212.1238972681727,4.917263581780013,0.37783531343225235,0.08466255473760628,H10,rand007
"(0, 1, 9)",0.6572112097363891,218.6538135657612,12.151581760149767,0.44309150989302387,0.07957748739217374,H10,rand007
"(3, 8, 9)",0.6378104746488928,225.4373425633629,8.232076044802287,0.4599086633618547,0.07957748739217373,H10,rand007
"(5, 6, 8)",0.4990303611132524,340.52337391812057,4.035225561331047,0.5270336246366215,0.15188538800235438,H10,rand007
"(0, 5, 6)",0.6763101581038711,212.1238972681727,4.917263581780014,0.37783531343225235,0.08668859159158386,H10,rand007
"(2, 3, 9)",0.7002444637381979,181.36166671463272,5.569188978487591,0.44983509553085776,0.008191087593997169,H10,rand007
"(0, 4, 8)",0.6581663914550515,219.0999715854449,7.954731276678526,0.4430915098934101,0.07965596556401397,H10,rand007
"(4, 5, 6)",0.4511884049703825,372.8896294803494,0.7204130983087718,0.37783531343225235,0.08861164650782188,H10,rand007
"(1, 2, 7)",0.5720882373340894,260.76595742499273,5.0617315866224395,0.29069783227322044,0.07750572080858369,H10,rand007
"(0, 4, 9)",0.5955224169443551,268.2063642335324,8.836769297127493,0.2872324290856377,0.006088275989510534,H10,rand007
"(0, 2, 3)",0.6763101581038711,212.1238972681727,5.56918897848759,0.5208627468054253,0.08466255473760628,H10,rand007
"(2, 6, 7)",0.5638144127688542,256.01746921348314,2.024263891723927,0.40489293396783693,0.08634409977948813,H10,rand007
"(0, 2, 4)",0.6763101581038711,212.1238972681727,5.291844210363828,0.4366221503261143,0.003812468172297105,H10,rand007
"(4, 6, 9)",0.5923666542545104,269.1237568080016,4.917263581780013,0.28331068879654275,0.008191087593997169,H10,rand007
"(0, 1, 3)",0.5995156824584572,261.59552953727336,8.23207604480229,0.5110556106157114,0.07965596556401394,H10,rand007
"(2, 3, 7)",0.5655187337498514,255.8458898518392,2.024263891723927,0.40489293396783693,0.08688908287852608,H10,rand007
"(1, 7, 9)",0.6759621879798738,189.72591267387796,8.606656673386103,0.4129746582225068,0.07957748739217373,H10,rand007
"(0, 1, 5)",0.5995156824584572,261.59552953727336,7.954731276678526,0.37359314053395803,0.07965596556401397,H10,rand007
"(3, 5, 9)",0.719213463812387,175.54212629681308,4.917263581780013,0.37783531343225235,0.008191087593997169,H10,rand007
"(4, 6, 9)",0.6534450110507337,221.89807501795488,4.917263581780013,0.3528939412261673,0.0383608407771777,H10,newchain00
"(0, 3, 7)",0.6173282439626219,235.85003357562505,5.56918897848759,0.4875273350372254,0.07687898056334244,H10,newchain00
"(1, 2, 3)",0.6936498745444886,172.10646317464565,4.687150958038624,0.4379927274432281,0.11511377942612437,H10,newchain00
"(1, 3, 9)",0.7133078787352902,178.66940062463854,8.23207604480229,0.40567239781638487,0.038332216745198745,H10,newchain00
"(3, 7, 9)",0.6530852323389585,221.98519838737596,5.56918897848759,0.43799272744323126,0.11500889692411563,H10,newchain00
"(2, 4, 9)",0.6687947443469664,218.00639165689884,5.291844210363828,0.27658775096402594,0.11511377942612434,H10,newchain00
"(2, 7, 9)",0.6945330051742714,184.20896517347617,5.943769607071405,0.27658775096402594,0.11511377942612437,H10,newchain00
"(0, 2, 8)",0.629178300662566,219.19472177023192,8.606656673386103,0.41927700375314764,0.11506037240813521,H10,newchain00
"(0, 5, 7)",0.5612889286146188,276.97309603058784,5.291844210363828,0.3270549676995958,0.07687898056334244,H10,newchain00
"(5, 6, 7)",0.5874866244388663,256.07458130966967,1.3723384950163493,0.4875273350372254,0.07687898056334244,H10,newchain00
"(1, 3, 5)",0.640004759208646,197.31982953342,4.035225561331047,0.4727973590911516,0.038332216745198745,H10,newchain00
"(2, 5, 7)",0.6422599838752368,196.5335537452182,1.746919123600164,0.3270549676995958,0.07702175690553363,H10,newchain00
"(1, 2, 4)",0.6327583483152573,223.654503063047,4.409806189914862,0.35873839267742313,0.11511377942612437,H10,newchain00
"(0, 2, 4)",0.6385895513977805,225.71776281295007,5.291844210363828,0.42744715994798593,0.1150788664803547,H10,newchain00
"(2, 3, 6)",0.4675425904256937,386.4664475092958,1.6496832631401122,0.33834243394316266,0.07704846041452876,H10,newchain00
"(1, 4, 8)",0.6232714482831302,222.7019127615444,7.0726932562295595,0.2672773185934419,0.04287839888522125,H10,newchain00
"(2, 8, 9)",0.6440723746338548,225.96407216023985,8.606656673386103,0.37471640669794704,0.11505840760561081,H10,newchain00
"(2, 3, 5)",0.4678745853154408,386.4355041608496,1.3723384950163493,0.4875273350372254,0.07704846041452876,H10,newchain00
"(0, 1, 5)",0.6322897709162592,229.9657989502384,7.954731276678526,0.33533488900939823,0.038332216745198745,H10,newchain00
"(0, 1, 4)",0.633369722154109,230.82617000723093,7.954731276678526,0.3888552443479403,0.0383608407771777,H10,newchain00
"(2, 3, 8)",0.6346393907767476,212.3361673198021,4.687150958038624,0.4379927274432281,0.1150893441964159,H10,newchain00
"(3, 5, 6)",0.4629744190905218,387.6243093148695,0.9977578664325344,0.42592552218130353,0.06803761341787118,H10,newchain00
"(1, 2, 9)",0.7133078787352901,178.66940062463854,8.606656673386103,0.37471640669794704,0.11511377942612434,H10,newchain00
"(2, 4, 8)",0.6321987172055368,218.6650931911549,4.409806189914862,0.35873839267742313,0.11506037240813521,H10,newchain00
"(5, 6, 9)",0.6611848587247225,220.02142165013083,4.917263581780013,0.4727973590911516,0.038332216745198745,H10,newchain00
"(4, 5, 7)",0.5876073113748025,256.0548683437336,1.0949937268925862,0.42744715994798593,0.1149887575084942,H10,newchain00
"(1, 2, 7)",0.6764586269888958,188.69222262453263,5.0617315866224395,0.2524395807486607,0.11511377942612437,H10,newchain00
"(0, 2, 5)",0.6290069162483517,229.22013111543737,5.291844210363828,0.3270549676995958,0.07702175690553363,H10,newchain00
"(4, 5, 6)",0.4658085053539026,385.6865188569554,0.7204130983087718,0.4727973590911516,0.038291052790419895,H10,newchain00
"(1, 5, 8)",0.6232714482831301,222.7019127615444,7.0726932562295595,0.3513129030303084,0.04287839888522125,H10,newchain00
"(2, 5, 6)",0.4644304066876028,387.2411424056619,1.3723384950163495,0.4875273350372254,0.07702175690553363,H10,newchain00
"(0, 5, 8)",0.6291783006625659,219.19472177023192,7.954731276678526,0.3513129030303084,0.042815272914196456,H10,newchain00
"(0, 7, 8)",0.6316160918921908,218.5680244347816,8.606656673386103,0.41927700375314764,0.11506037240813521,H10,newchain00
"(0, 6, 8)",0.6291783006625659,219.19472177023192,8.23207604480229,0.48877537311206176,0.04278680341341856,H10,newchain00
"(1, 3, 4)",0.5919368232210813,249.05513495487952,4.035225561331047,0.40567239781638487,0.03839732663411392,H10,newchain00
"(3, 4, 7)",0.5303056603868876,313.6425504414442,1.3723384950163489,0.43799272744323126,0.1149887575084942,H10,newchain00
"(1, 8, 9)",0.6898434988794477,183.793476523908,11.2695437397008,0.2832553326139658,0.042878398885221256,H10,newchain00
"(4, 6, 7)",0.5923049037336439,254.0983026985968,1.372338495016349,0.43799272744323126,0.11493131621943563,H10,newchain00
"(3, 5, 7)",0.5850479176271318,257.63897298192353,1.372338495016349,0.4875273350372254,0.07687898056334244,H10,newchain00
"(0, 2, 9)",0.5964458696692881,268.3759400210688,9.488694693835068,0.4434251739685098,0.11511377942612434,H10,newchain00
"(0, 1, 9)",0.7171932603501914,176.0218607551369,12.151581760149767,0.4048332583684642,0.039176138428041095,H10,newchain00
"(0, 8, 9)",0.5924413268947204,268.5698415179836,12.151581760149767,0.4208112723893743,0.042878398885221256,H10,newchain00
"(0, 1, 8)",0.6116299497750627,226.5742666009691,11.2695437397008,0.3513129030303084,0.04287839888522125,H10,newchain00
"(1, 2, 3)",0.6177002325380508,218.685883829969,4.687150958038624,0.4113485324690024,0.07567845090612169,H10,newchain01
"(3, 7, 9)",0.5677253670814172,284.13487036979035,5.56918897848759,0.42992812087871957,0.0777699928278573,H10,newchain01
"(0, 2, 8)",0.6165704369594397,232.5837054698674,8.606656673386103,0.3393487503711193,0.003728257326708055,H10,newchain01
"(2, 4, 9)",0.6488799660329444,225.09066933756117,5.291844210363828,0.31387334354321794,0.003728257326708055,H10,newchain01
"(4, 6, 9)",0.5801074522765162,277.69232684612354,4.917263581780013,0.3764077655400729,0.07968864127335705,H10,newchain01
"(0, 3, 7)",0.5667983996522158,283.069644103656,5.56918897848759,0.4355043468337002,0.0777699928278573,H10,newchain01
"(2, 7, 9)",0.6318537620679329,231.64754403300148,5.943769607071405,0.31387334354321794,0.003728257326708055,H10,newchain01
"(0, 5, 7)",0.5726226457212166,279.22552992765407,5.291844210363828,0.29247691346127114,0.00516932861111897,H10,newchain01
"(1, 3, 9)",0.6338964714646422,222.31769532754964,8.23207604480229,0.482706577468937,0.07649149674084801,H10,newchain01
"(2, 5, 7)",0.5119601383558762,337.0343178873521,1.746919123600164,0.29247691346127114,0.0028456531993835293,H10,newchain01
"(1, 3, 5)",0.5733098478437803,253.29360988272057,4.035225561331047,0.48237618374354824,0.0779824675196922,H10,newchain01
"(5, 6, 7)",0.4582253363359656,394.7287220475824,1.3723384950163493,0.4355043468337002,0.07847647630430571,H10,newchain01
"(1, 2, 4)",0.6194786029240124,218.2515865373702,4.409806189914862,0.35067378611291156,0.005003954277165891,H10,newchain01
"(0, 2, 4)",0.5739752205789898,278.80496080416606,5.291844210363828,0.464732752527178,0.003728257326708055,H10,newchain01
"(2, 3, 6)",0.4575999494849618,397.29720804737315,1.6496832631401122,0.31169823896893684,0.07818622372744317,H10,newchain01
"(2, 3, 5)",0.4581667191539655,397.4206659977941,1.3723384950163493,0.4355043468337002,0.07815554367902161,H10,newchain01
"(1, 4, 8)",0.6239641942776903,223.67256646733404,7.0726932562295595,0.3059543143556918,0.0050013613642456685,H10,newchain01
"(2, 3, 8)",0.5542544773086728,281.0425414794002,4.687150958038624,0.4113485324690024,0.077196408979256,H10,newchain01
"(2, 8, 9)",0.6953983824595438,180.68060026156553,8.606656673386103,0.3666518001334354,0.003728257326708055,H10,newchain01
"(0, 1, 5)",0.6458272576220976,223.9368856605992,7.954731276678526,0.29462927861389954,0.00516932861111897,H10,newchain01
"(3, 5, 6)",0.4028070168921953,471.2228414981876,0.9977578664325344,0.3819839914950535,0.07847647630430572,H10,newchain01
"(0, 1, 4)",0.6458272576220976,223.9368856605992,7.954731276678526,0.4200132807699584,0.00516932861111897,H10,newchain01
"(5, 6, 9)",0.6053799450921311,265.49613601030677,4.917263581780013,0.4728142100439151,0.0777699928278573,H10,newchain01
"(2, 4, 8)",0.5542544773086729,281.0425414794002,4.409806189914862,0.35067378611291156,0.004523213180415717,H10,newchain01
"(1, 5, 8)",0.6242778611479919,223.6927296598088,7.0726932562295595,0.29462927861389954,0.0050013613642456685,H10,newchain01
"(0, 2, 5)",0.5739752205789896,278.80496080416606,5.291844210363828,0.29247691346127114,0.003728257326708055,H10,newchain01
"(1, 2, 9)",0.6814546248689889,186.48627696631692,8.606656673386103,0.3666518001334354,0.004404910405624602,H10,newchain01
"(1, 2, 7)",0.682229601704082,180.10022917807245,5.0617315866224395,0.19789012059593183,0.0032972840477963066,H10,newchain01
"(4, 5, 6)",0.4028070168921954,471.2228414981876,0.7204130983087718,0.4728142100439151,0.08008377527343309,H10,newchain01
"(4, 5, 7)",0.4057120748703934,471.3047557567762,1.0949937268925862,0.464732752527178,0.009159590880529268,H10,newchain01
"(2, 5, 6)",0.4577193314064967,391.79054856676566,1.3723384950163495,0.4355043468337002,0.07813736947537893,H10,newchain01
"(0, 5, 8)",0.5541989080225032,278.4337784059092,7.954731276678526,0.29462927861389954,0.003728257326708055,H10,newchain01
"(0, 7, 8)",0.6720365310299663,189.46442781743312,8.606656673386103,0.3393487503711193,0.003728257326708055,H10,newchain01
"(1, 3, 4)",0.5733098478437803,253.29360988272057,4.035225561331047,0.482706577468937,0.07759811660246765,H10,newchain01
"(0, 6, 8)",0.5609268961125324,278.3711162894802,8.23207604480229,0.48237618374354824,0.07580007997620582,H10,newchain01
"(1, 8, 9)",0.7064592531680641,178.2405601186028,11.2695437397008,0.3219323283762157,0.00369175660628197,H10,newchain01
"(3, 5, 7)",0.4587343742335104,398.9493249484219,1.372338495016349,0.4355043468337002,0.07996462653285746,H10,newchain01
"(3, 4, 7)",0.4587343742335103,398.9493249484219,1.3723384950163489,0.42992812087871957,0.08160260555040637,H10,newchain01
"(4, 6, 7)",0.4057120748703935,471.3047557567762,1.372338495016349,0.42992812087871957,0.08160260555040638,H10,newchain01
"(0, 2, 9)",0.5920710763155146,269.11301042851045,9.488694693835068,0.48071076654770184,0.003728257326708055,H10,newchain01
"(0, 1, 9)",0.7172772082981433,176.23536983983445,12.151581760149767,0.43599129479048226,0.00516932861111897,H10,newchain01
"(0, 1, 8)",0.6716555620792635,188.67860167227855,11.2695437397008,0.29462927861389954,0.00369175660628197,H10,newchain01
"(0, 8, 9)",0.5903019418905469,270.2141535380269,12.151581760149767,0.43599129479048226,0.003728257326708055,H10,newchain01
"(3, 7, 9)",0.6413145229815228,227.6596338574981,5.56918897848759,0.3684887363527595,0.07105871221260272,H10,newchain02
"(0, 2, 8)",0.7084680007286546,170.47919991611238,8.606656673386103,0.29462927861400756,0.0009166094782974302,H10,newchain02
"(1, 2, 3)",0.4520619673113701,368.6820949393441,4.687150958038624,0.2443522347626043,0.06880981275556947,H10,newchain02
"(4, 6, 9)",0.5766041053381085,279.9459604451924,4.917263581780013,0.2680343758744254,0.07575727474648537,H10,newchain02
"(2, 4, 9)",0.6243122469018403,233.5171034356165,5.291844210363828,0.29936796415684025,0.07575727474648537,H10,newchain02
"(0, 3, 7)",0.6620510959490966,217.47418667040552,5.56918897848759,0.3212865057175225,0.00020383488179510825,H10,newchain02
"(2, 7, 9)",0.6828004817478431,180.7214094117855,5.943769607071405,0.29936796415684025,0.0718098879752306,H10,newchain02
"(1, 3, 9)",0.6185183807387892,220.58152725607985,8.23207604480229,0.32155473121307204,0.0712842028128511,H10,newchain02
"(0, 5, 7)",0.6573299911958628,218.45406105994505,5.291844210363828,0.2477574417041595,0.004901110945965713,H10,newchain02
"(2, 5, 7)",0.5066039520044903,301.9401074209744,1.746919123600164,0.2477574417041595,0.004901110945965713,H10,newchain02
"(5, 6, 7)",0.4713301046653705,372.31776279914453,1.3723384950163493,0.3212865057175225,0.004901110945965713,H10,newchain02
"(1, 3, 5)",0.45206196731137,368.6820949393441,4.035225561331047,0.3681583426273707,0.004977601541766882,H10,newchain02
"(1, 2, 4)",0.4520619673113701,368.6820949393441,4.409806189914862,0.29936796415684025,0.07575727474648537,H10,newchain02
"(0, 2, 4)",0.661384164224307,217.05249847760211,5.291844210363828,0.36649292543152434,0.0711715925397907,H10,newchain02
"(1, 4, 8)",0.6335763500470845,212.4089961936315,7.0726932562295595,0.25243395901715293,0.07116980797151631,H10,newchain02
"(2, 3, 6)",0.4644503963182089,370.44508664058816,1.6496832631401122,0.19748039785275623,0.06880981275556947,H10,newchain02
"(2, 8, 9)",0.6834117040034186,180.9479329435204,8.606656673386103,0.29936796415684025,0.07113294848682132,H10,newchain02
"(2, 3, 8)",0.5676321695206378,275.6111894238771,4.687150958038624,0.2443522347626043,0.06880981275556947,H10,newchain02
"(0, 1, 4)",0.5880891405568266,266.52467244554765,7.954731276678526,0.36649292543152434,0.0711715925397907,H10,newchain02
"(0, 1, 5)",0.5821042565729267,266.3610349082797,7.954731276678526,0.29462927861400756,0.004901110945965713,H10,newchain02
"(2, 3, 5)",0.457664082151168,375.6047217735237,1.3723384950163493,0.3212865057175225,0.004977601541766882,H10,newchain02
"(3, 5, 6)",0.4725883644937654,371.04749121888415,0.9977578664325344,0.26776615037887586,0.004977601541766882,H10,newchain02
"(2, 4, 8)",0.5773714523703799,267.95520146849674,4.409806189914862,0.29936796415684025,0.07116980797151631,H10,newchain02
"(1, 2, 9)",0.6185183807387892,220.58152725607985,8.606656673386103,0.29936796415684025,0.09046829456061824,H10,newchain02
"(5, 6, 9)",0.5766041053381085,279.9459604451924,4.917263581780013,0.35859636892773766,0.07121045339003688,H10,newchain02
"(1, 2, 7)",0.6131660393344314,219.03899004587936,5.0617315866224395,0.1473261973881821,0.08661323438499333,H10,newchain02
"(4, 5, 7)",0.4829410842433418,369.99990347352,1.0949937268925862,0.36649292543152434,0.07117159253979069,H10,newchain02
"(1, 5, 8)",0.6183273110582781,224.55519873383437,7.0726932562295595,0.29462927861400756,0.004977601541766883,H10,newchain02
"(4, 5, 6)",0.4636711822802085,370.9492068298879,0.7204130983087718,0.35859636892773766,0.07121045339003688,H10,newchain02
"(0, 2, 5)",0.661384164224307,217.05249847760211,5.291844210363828,0.2477574417041595,0.004901110945965713,H10,newchain02
"(2, 5, 6)",0.4485854504621289,375.6702119756339,1.3723384950163495,0.3212865057175225,0.005682537086264345,H10,newchain02
"(0, 5, 8)",0.5931782803102723,274.9855412688875,7.954731276678526,0.29462927861400756,0.004135590985150613,H10,newchain02
"(0, 7, 8)",0.6474146365682987,223.2850396623371,8.606656673386103,0.29462927861400756,0.0009166094782974302,H10,newchain02
"(1, 3, 4)",0.4520619673113701,368.6820949393441,4.035225561331047,0.32155473121307204,0.07116980797151631,H10,newchain02
"(3, 4, 7)",0.483338676112247,369.8791349620585,1.3723384950163489,0.3684887363527595,0.07105871221260272,H10,newchain02
"(0, 6, 8)",0.6474146365682989,223.2850396623371,8.23207604480229,0.3681583426273707,0.0009166094782974302,H10,newchain02
"(3, 5, 7)",0.483338676112247,369.8791349620585,1.372338495016349,0.3212865057175225,0.004135590985150612,H10,newchain02
"(4, 6, 7)",0.4713301046653705,372.31776279914453,1.372338495016349,0.3684887363527595,0.07117159253979069,H10,newchain02
"(1, 8, 9)",0.6736850046099183,189.7567004174796,11.2695437397008,0.25243395901715293,0.07113294848682132,H10,newchain02
"(0, 2, 9)",0.6567757019474578,218.83646420245117,9.488694693835068,0.36649292543152434,0.0718098879752306,H10,newchain02
"(0, 1, 9)",0.6556807640010411,219.11468567113255,12.151581760149767,0.36649292543152434,0.0718098879752306,H10,newchain02
"(0, 1, 8)",0.593649195017505,262.11217742264915,11.2695437397008,0.29462927861400756,0.0009166094782974302,H10,newchain02
"(0, 8, 9)",0.7239801473510928,173.0256136171082,12.151581760149767,0.36649292543152434,0.07105871221260272,H10,newchain02
"(1, 2, 3)",0.67292629419336,189.69369832535943,4.687150958038624,0.5570107255136362,0.23507483674501742,H10,newchain03
"(3, 7, 9)",0.5696885688433813,281.47626191630513,5.56918897848759,0.6097891821038407,0.1685875976010908,H10,newchain03
"(0, 2, 8)",0.625721219075515,229.6378691244021,8.606656673386103,0.5913097553445157,0.16328614036569558,H10,newchain03
"(2, 4, 9)",0.6084831653806585,264.1729990634758,5.291844210363828,0.42574542200070803,0.08753274618880784,H10,newchain03
"(4, 6, 9)",0.6084831653806585,264.1729990634758,4.917263581780013,0.46582913958939504,0.08289489501876834,H10,newchain03
"(0, 3, 7)",0.590181138314209,270.1184614950716,5.56918897848759,0.6134221376979071,0.1685875976010908,H10,newchain03
"(1, 3, 9)",0.7098115280714548,178.73498837171908,8.23207604480229,0.5650924497679505,0.09118568485660021,H10,newchain03
"(2, 7, 9)",0.6372569348725529,228.13967093653176,5.943769607071405,0.42574542200070803,0.0961654188291538,H10,newchain03
"(2, 5, 7)",0.6124720204594835,227.1234723789757,1.746919123600164,0.45592607689638937,0.09571576616992289,H10,newchain03
"(1, 3, 5)",0.67292629419336,189.69369832535943,4.035225561331047,0.5672040517756256,0.16276448913406646,H10,newchain03
"(0, 5, 7)",0.5901811383142089,270.1184614950716,5.291844210363828,0.45592607689638937,0.08751217241596779,H10,newchain03
"(5, 6, 7)",0.57148168563555,260.79778206664093,1.3723384950163493,0.6134221376979071,0.17658621673701705,H10,newchain03
"(1, 2, 4)",0.6729262941933603,189.69369832535943,4.409806189914862,0.549114435747766,0.16286495967590628,H10,newchain03
"(0, 2, 4)",0.6561019737276735,219.6184976966684,5.291844210363828,0.5512260377553934,0.08753274618880784,H10,newchain03
"(2, 3, 6)",0.5624695967387054,275.58553780588204,1.6496832631401122,0.46221636647219794,0.1765868514496069,H10,newchain03
"(2, 3, 5)",0.5663375556293965,274.3264489544179,1.3723384950163493,0.6134221376979071,0.17684167668153156,H10,newchain03
"(1, 4, 8)",0.7029388581649657,178.4864263062298,7.0726932562295595,0.4107193565240974,0.09031929879013541,H10,newchain03
"(2, 8, 9)",0.6120774607980612,235.6297701413368,8.606656673386103,0.5650924497682899,0.16328614036569558,H10,newchain03
"(2, 3, 8)",0.625435093665625,231.19780067005635,4.687150958038624,0.5570107255136362,0.23507483674501742,H10,newchain03
"(0, 1, 5)",0.6973050149992215,181.69308891300685,7.954731276678526,0.45535667185391127,0.09118568485660021,H10,newchain03
"(0, 1, 4)",0.6973050149992216,181.69308891300685,7.954731276678526,0.5952093014391933,0.09118568485660021,H10,newchain03
"(3, 5, 6)",0.5832397274906453,257.7917130540559,0.9977578664325344,0.4719040909165257,0.09071975216076669,H10,newchain03
"(5, 6, 9)",0.6084831653806585,264.1729990634758,4.917263581780013,0.6072877693647921,0.08289489501876834,H10,newchain03
"(1, 5, 8)",0.7029388581649656,178.4864263062298,7.0726932562295595,0.45535667185391127,0.09031929879013541,H10,newchain03
"(1, 2, 9)",0.692567862472053,184.07027874691016,8.606656673386103,0.5650924497682899,0.16328614036569558,H10,newchain03
"(2, 4, 8)",0.625435093665625,231.19780067005635,4.409806189914862,0.549114435747766,0.16719158288249927,H10,newchain03
"(1, 2, 7)",0.6765562583757638,189.452227226929,5.0617315866224395,0.3970726689791077,0.16719158288249927,H10,newchain03
"(0, 2, 5)",0.6390793223994586,225.18777772413756,5.291844210363828,0.45592607689638937,0.08753274618880784,H10,newchain03
"(4, 5, 7)",0.5671138159408622,283.9543826796822,1.0949937268925862,0.5512260377553934,0.09558355247223241,H10,newchain03
"(4, 5, 6)",0.4697151092926809,377.03604243410194,0.7204130983087718,0.6072877693647921,0.09071848273558702,H10,newchain03
"(2, 5, 6)",0.5674331873851108,272.9389372523867,1.3723384950163495,0.6134221376979071,0.1765868514496069,H10,newchain03
"(0, 5, 8)",0.627236408012714,227.38567542636633,7.954731276678526,0.45535667185391127,0.09118568485660021,H10,newchain03
"(0, 6, 8)",0.5685558974932013,269.1452012822362,8.23207604480229,0.5672040517756256,0.09118568485660021,H10,newchain03
"(0, 7, 8)",0.6235717979440998,231.7025872727001,8.606656673386103,0.5913097553445157,0.16328614036569558,H10,newchain03
"(1, 3, 4)",0.67292629419336,189.69369832535943,4.035225561331047,0.5650924497679505,0.16276448913406646,H10,newchain03
"(1, 8, 9)",0.6888199367228987,183.6043186406462,11.2695437397008,0.4266973705446213,0.09118631956919004,H10,newchain03
"(3, 4, 7)",0.632373278229349,204.39833563066313,1.3723384950163489,0.6097891821038407,0.1766168265887007,H10,newchain03
"(3, 5, 7)",0.5675609705743864,262.21620579019424,1.372338495016349,0.6134221376979071,0.1768404072563519,H10,newchain03
"(4, 6, 7)",0.564496689004989,273.63553426550703,1.372338495016349,0.6097891821038407,0.17664908972005205,H10,newchain03
"(0, 2, 9)",0.6074465999219445,264.2612795514685,9.488694693835068,0.5672040517759173,0.0875121724159678,H10,newchain03
"(0, 1, 9)",0.6546565313178073,220.30653619229312,12.151581760149767,0.6111873154597172,0.09118568485660024,H10,newchain03
"(0, 8, 9)",0.5938151470585507,268.6244978225769,12.151581760149767,0.6111873154597172,0.09124855783963524,H10,newchain03
"(0, 1, 8)",0.6886036055818141,183.60663772915763,11.2695437397008,0.45535667185391127,0.09118631956919004,H10,newchain03
"(3, 7, 9)",0.5166915360845341,357.8819229183301,5.56918897848759,0.38068482217004734,0.0005082399186469061,H10,newchain04
"(0, 2, 8)",0.4925977368363354,375.6689317024202,8.606656673386103,0.37901940497419545,0.00038554856586984636,H10,newchain04
"(1, 2, 3)",0.4698532720633497,458.3459751004595,4.687150958038624,0.4246432038090554,0.0004667211516331825,H10,newchain04
"(2, 4, 9)",0.501326823073446,367.1412035496769,5.291844210363828,0.2576519395444781,0.00031268558525488415,H10,newchain04
"(4, 6, 9)",0.5564219616597229,307.20217245435674,4.917263581780013,0.18288708862998743,0.0004503048647443669,H10,newchain04
"(0, 3, 7)",0.4925977368363353,375.6689317024202,5.56918897848759,0.38068482217004734,0.0004924398251568258,H10,newchain04
"(2, 7, 9)",0.501326823073446,367.1412035496769,5.943769607071405,0.26548823457167786,0.0004667211516331825,H10,newchain04
"(1, 3, 9)",0.5174821368171207,370.5690149121237,8.23207604480229,0.3161073858134463,0.0005082399186469061,H10,newchain04
"(0, 5, 7)",0.4925977368363354,375.6689317024202,5.291844210363828,0.31242223971126026,0.0004924398251568258,H10,newchain04
"(2, 5, 7)",0.4594286430220539,457.9651087311758,1.746919123600164,0.31242223971126026,0.0004680113342573701,H10,newchain04
"(1, 3, 5)",0.4695856946226603,458.36378435076506,4.035225561331047,0.3176911918093434,0.0005082399186469061,H10,newchain04
"(5, 6, 7)",0.5102672976687678,367.75505032988497,1.3723384950163493,0.38068482217004734,0.0005310028624004539,H10,newchain04
"(1, 2, 4)",0.4698532720633497,458.3459751004595,4.409806189914862,0.3320853998346131,0.00031268558525488415,H10,newchain04
"(0, 2, 4)",0.4952312180617114,373.7712105539428,5.291844210363828,0.30458594468406053,0.0004305214301239766,H10,newchain04
"(2, 3, 6)",0.459428643022054,457.9651087311758,1.6496832631401122,0.37284852714284755,0.0004667558054103428,H10,newchain04
"(1, 4, 8)",0.500459259753213,367.7423946820975,7.0726932562295595,0.21718729397208653,0.00033174518401060194,H10,newchain04
"(2, 8, 9)",0.5427948354803566,303.62099129953447,8.606656673386103,0.3320853998346131,0.00030054334170979323,H10,newchain04
"(2, 3, 8)",0.5017934741681134,367.2785846626212,4.687150958038624,0.4246432038090554,0.0004680113342573701,H10,newchain04
"(2, 3, 5)",0.4594286430220539,457.9651087311758,1.3723384950163493,0.37284852714284755,0.0004680113342573701,H10,newchain04
"(0, 1, 5)",0.4967455320612053,371.5786011714437,7.954731276678526,0.24972709108665592,0.00032718717160886346,H10,newchain04
"(0, 1, 4)",0.5523628827660111,304.8486768883292,7.954731276678526,0.2950772902304461,0.00032718717160886346,H10,newchain04
"(3, 5, 6)",0.459428643022054,457.9651087311758,0.9977578664325344,0.18447089462588454,0.0005310028624004539,H10,newchain04
"(2, 4, 8)",0.5017934741681134,367.2785846626212,4.409806189914862,0.3320853998346131,0.00043701855473416356,H10,newchain04
"(1, 2, 9)",0.5601162075094426,301.5791313268732,8.606656673386103,0.3320853998346131,0.00030054334170979323,H10,newchain04
"(5, 6, 9)",0.556421961659723,307.20217245435674,4.917263581780013,0.22982109376967474,0.0003271871716088634,H10,newchain04
"(1, 2, 7)",0.462358958431287,458.1545659779635,5.0617315866224395,0.3320853998346131,0.0004667211516331825,H10,newchain04
"(1, 5, 8)",0.5009286689149662,367.7295628574795,7.0726932562295595,0.26570510510756606,0.00030054334170979323,H10,newchain04
"(0, 2, 5)",0.4950482667843822,373.6960839153571,5.291844210363828,0.30458594468406053,0.00038554856586984636,H10,newchain04
"(4, 5, 7)",0.5102672976687675,367.75505032988497,1.0949937268925862,0.31242223971126026,0.0006570575304402701,H10,newchain04
"(4, 5, 6)",0.4594286430220539,457.9651087311758,0.7204130983087718,0.22982109376967474,0.00044356625295486593,H10,newchain04
"(2, 5, 6)",0.4594286430220539,457.9651087311758,1.3723384950163495,0.37284852714284755,0.0004305214301239766,H10,newchain04
"(0, 5, 8)",0.4925977368363354,375.6689317024202,7.954731276678526,0.26570510510756606,0.0003855485658698464,H10,newchain04
"(0, 7, 8)",0.5425926090486906,300.34386021301975,8.606656673386103,0.37901940497419545,0.0004924398251568258,H10,newchain04
"(1, 3, 4)",0.4699568212517515,457.9811463793115,4.035225561331047,0.3161073858134463,0.0005082399186469061,H10,newchain04
"(0, 6, 8)",0.5425926090486906,300.34386021301975,8.23207604480229,0.3336692058302536,0.0004427881543979688,H10,newchain04
"(1, 8, 9)",0.5451471559355558,298.6864752083962,11.2695437397008,0.21718729397208653,0.08660978601728432,H10,newchain04
"(3, 4, 7)",0.4506387335033533,457.858252999654,1.3723384950163489,0.38068482217004734,0.0006539346022344066,H10,newchain04
"(4, 6, 7)",0.5102672976687677,367.75505032988497,1.372338495016349,0.38068482217004734,0.0005310028624004539,H10,newchain04
"(3, 5, 7)",0.4507042029525392,457.9145557409472,1.372338495016349,0.38068482217004734,0.0004664446031653004,H10,newchain04
"(0, 2, 9)",0.6053655673297031,265.42398145061077,9.488694693835068,0.30458594468406053,0.0003183737763606879,H10,newchain04
"(0, 1, 9)",0.6169287152114482,261.27515814669965,12.151581760149767,0.2950772902304461,0.0003271871716088634,H10,newchain04
"(0, 8, 9)",0.5847552986996318,272.15058387074185,12.151581760149767,0.3110553042513562,0.00032718717160886346,H10,newchain04
"(0, 1, 8)",0.5437399118236458,299.1458620829448,11.2695437397008,0.26570510510756606,0.00032718717160886346,H10,newchain04
"(3, 7, 9)",0.6301203476894338,229.89878883585655,5.56918897848759,0.29372324460461047,0.005024778255945091,H10,newchain05
"(0, 2, 8)",0.6504859435284096,219.8224952418988,8.606656673386103,0.4175293524693901,0.005028991211345074,H10,newchain05
"(1, 2, 3)",0.5837613779363682,256.75810636631536,4.687150958038624,0.34650170119484425,0.0051469885929807035,H10,newchain05
"(2, 4, 9)",0.5711821365815739,271.82421828734516,5.291844210363828,0.240536750433707,0.005148446668825678,H10,newchain05
"(4, 6, 9)",0.635468488580706,226.7720862522999,4.917263581780013,0.23236659423876413,0.003193097733808705,H10,newchain05
"(0, 3, 7)",0.6513263588236177,219.93018562150547,5.56918897848759,0.3032628198790464,0.0035565204721040703,H10,newchain05
"(2, 7, 9)",0.6730515611895287,189.73265746851095,5.943769607071405,0.24837304546090674,0.005148446668825678,H10,newchain05
"(1, 3, 9)",0.6118555184976087,226.24127549858207,8.23207604480229,0.4178597461947789,0.003193097733808705,H10,newchain05
"(0, 5, 7)",0.6513263588236176,219.93018562150547,5.291844210363828,0.2579126207353427,0.08909939786138808,H10,newchain05
"(2, 5, 7)",0.542379935657936,296.790947030229,1.746919123600164,0.2579126207353427,0.005025767920895035,H10,newchain05
"(1, 3, 5)",0.5828197055767458,256.9539103429035,4.035225561331047,0.3721791533255999,0.06811799195116786,H10,newchain05
"(5, 6, 7)",0.5282809803904214,302.18932221539063,1.3723384950163493,0.3032628198790464,0.08909939786138808,H10,newchain05
"(1, 2, 4)",0.5837613779363681,256.75810636631536,4.409806189914862,0.4178597461947789,0.0050258802980460825,H10,newchain05
"(2, 3, 6)",0.5257325315141843,302.38720092795467,1.6496832631401122,0.1442207536261406,0.0051469885929807035,H10,newchain05
"(0, 2, 4)",0.6492542500115354,220.47205004073425,5.291844210363828,0.3643428582984921,0.005022526695413777,H10,newchain05
"(1, 4, 8)",0.6425877236717514,216.83140392161437,7.0726932562295595,0.4178597461947789,0.003598853298637113,H10,newchain05
"(2, 8, 9)",0.6179613861965417,232.39422977713443,8.606656673386103,0.4178597461947789,0.005170323530755441,H10,newchain05
"(2, 3, 8)",0.6312293043512763,226.0025484414605,4.687150958038624,0.34650170119484425,0.005196086855647334,H10,newchain05
"(2, 3, 5)",0.5257325315141843,302.38720092795467,1.3723384950163493,0.2954265248518467,0.0051469885929807035,H10,newchain05
"(0, 1, 5)",0.5821761936622052,267.0149428382151,7.954731276678526,0.3721791533255999,0.08909939786138808,H10,newchain05
"(0, 1, 4)",0.5821761936622053,267.0149428382151,7.954731276678526,0.46148773410840366,0.004939244216220009,H10,newchain05
"(3, 5, 6)",0.540847239270534,296.8494706106224,0.9977578664325344,0.19655597036940983,0.06811799195116786,H10,newchain05
"(2, 4, 8)",0.5835385190630067,266.3118617588465,4.409806189914862,0.4178597461947789,0.005074978560712714,H10,newchain05
"(5, 6, 9)",0.635468488580706,226.7720862522999,4.917263581780013,0.3561727021035491,0.003193097733808705,H10,newchain05
"(1, 2, 9)",0.6112555977699586,226.2352443075359,8.606656673386103,0.4178597461947789,0.005148446668825678,H10,newchain05
"(1, 5, 8)",0.6425877236717514,216.83140392161437,7.0726932562295595,0.3721791533255999,0.003598853298637113,H10,newchain05
"(1, 2, 7)",0.629130764928266,222.90579453270263,5.0617315866224395,0.34650170119484425,0.005025767920895035,H10,newchain05
"(0, 2, 5)",0.6492542500115355,220.47205004073425,5.291844210363828,0.2500763257081429,0.005022526695413777,H10,newchain05
"(4, 5, 7)",0.5276768268505825,301.76284563001764,1.0949937268925862,0.3721791533256919,0.004939244216220009,H10,newchain05
"(4, 5, 6)",0.5282809803904214,302.18932221539063,0.7204130983087718,0.3561727021035491,0.0033090122777802277,H10,newchain05
"(2, 5, 6)",0.5426803014907629,296.20470469722716,1.3723384950163495,0.2954265248518467,0.0050258802980460825,H10,newchain05
"(0, 7, 8)",0.5857777145476745,267.7806851524229,8.606656673386103,0.4175293524693901,0.005027265923842115,H10,newchain05
"(0, 5, 8)",0.5854370723978976,265.6181231188768,7.954731276678526,0.3721791533255999,0.005027265923842115,H10,newchain05
"(0, 6, 8)",0.5857777145476742,267.7806851524229,8.23207604480229,0.3721791533255999,0.005027265923842115,H10,newchain05
"(1, 3, 4)",0.582808959471668,260.2610684539428,4.035225561331047,0.4178597461947789,0.0017191787404237239,H10,newchain05
"(1, 8, 9)",0.669189852529679,190.00671034214545,11.2695437397008,0.4178597461947789,0.005192863565197296,H10,newchain05
"(3, 4, 7)",0.5276768268505825,301.76284563001764,1.3723384950163489,0.29372324460461047,0.005068105680508347,H10,newchain05
"(3, 5, 7)",0.5417720200977352,296.81109593378886,1.372338495016349,0.3032628198790464,0.0035550224691569903,H10,newchain05
"(4, 6, 7)",0.5276768268505825,301.76284563001764,1.372338495016349,0.29372324460461047,0.004939244216220009,H10,newchain05
"(0, 2, 9)",0.6547827697182128,219.9049260850092,9.488694693835068,0.3643428582984921,0.005150099506279695,H10,newchain05
"(0, 1, 9)",0.652335233786935,220.21602364214664,12.151581760149767,0.46148773410840366,0.005025767920887016,H10,newchain05
"(0, 8, 9)",0.5928441782006802,268.9604306813127,12.151581760149767,0.46148773410840366,0.005150099506279696,H10,newchain05
"(0, 1, 8)",0.6549089218368734,215.97242712046773,11.2695437397008,0.3721791533255999,0.005027265923842115,H10,newchain05
"(3, 7, 9)",0.679286638422355,189.3079420526469,5.56918897848759,0.5211879308723186,0.0004722760262490899,H10,newchain06
"(1, 2, 3)",0.5117338237701662,310.64283360283974,4.687150958038624,0.5211879308723131,0.0005096697061804501,H10,newchain06
"(0, 2, 8)",0.6560163293734341,218.8909775281598,8.606656673386103,0.37816049749988434,0.0004202441514431026,H10,newchain06
"(2, 4, 9)",0.6164963067858977,230.4940990813371,5.291844210363828,0.3528048491030457,0.0011709724066607885,H10,newchain06
"(4, 6, 9)",0.6164963067858978,230.4940990813371,4.917263581780013,0.37032420247194603,0.0011709724066607885,H10,newchain06
"(0, 3, 7)",0.6531114611148817,220.02320512790251,5.56918897848759,0.4537932351918176,0.0004722760262490899,H10,newchain06
"(2, 7, 9)",0.6792866384223551,189.3079420526469,5.943769607071405,0.36064114413024545,0.0012618598587848466,H10,newchain06
"(1, 3, 9)",0.6156972532127867,228.25303797309715,8.23207604480229,0.5035444996554049,0.020533837996974783,H10,newchain06
"(0, 5, 7)",0.656547037506322,218.73410573451136,5.291844210363828,0.24277681905175796,0.0004722760262490899,H10,newchain06
"(2, 5, 7)",0.51112435141844,313.31662457207,1.746919123600164,0.24277681905175796,0.00042021620996853865,H10,newchain06
"(1, 3, 5)",0.5074760433225973,310.1501073997364,4.035225561331047,0.4369473343924162,0.020533837996974783,H10,newchain06
"(5, 6, 7)",0.51112435141844,313.31662457207,1.3723384950163493,0.4537932351918176,0.00042021620996853865,H10,newchain06
"(1, 2, 4)",0.5100654589373336,310.5304448835815,4.409806189914862,0.4566104945163604,0.0011709724066607885,H10,newchain06
"(0, 2, 4)",0.6522411886377151,218.6611611155982,5.291844210363828,0.38376084022210416,0.0004202441514431026,H10,newchain06
"(2, 3, 6)",0.5016409862734947,317.3498967801818,1.6496832631401122,0.44595694016461784,0.0005096697061804501,H10,newchain06
"(1, 4, 8)",0.5494917509897259,273.6196434614655,7.0726932562295595,0.3886463937935212,0.01954049403547502,H10,newchain06
"(2, 8, 9)",0.673773253999135,191.5296310114192,8.606656673386103,0.4725885085368843,0.0004916381420408298,H10,newchain06
"(2, 3, 5)",0.562907722451933,268.02599031848206,1.3723384950163493,0.44595694016461784,0.0006559345354587474,H10,newchain06
"(2, 3, 8)",0.5613882319424638,268.1261635115879,4.687150958038624,0.5211879308723131,0.00042018155619109166,H10,newchain06
"(0, 1, 5)",0.5862482330178179,263.9776158540466,7.954731276678526,0.2715795991321598,0.0004722760262490899,H10,newchain06
"(0, 1, 4)",0.586248233017818,263.9776158540466,7.954731276678526,0.4196023849121935,0.01825592777549087,H10,newchain06
"(3, 5, 6)",0.5126823913315678,313.07220010259584,0.9977578664325344,0.2802907231674699,0.0006559345354587474,H10,newchain06
"(2, 4, 8)",0.515712896670638,320.24151637737486,4.409806189914862,0.4566104945163604,0.0004916381420408298,H10,newchain06
"(1, 2, 9)",0.6153373856926234,228.51124583143533,8.606656673386103,0.4725885085368843,0.019171935090943594,H10,newchain06
"(5, 6, 9)",0.6164963067858977,230.4940990813371,4.917263581780013,0.37032420247194603,0.0005096697061804501,H10,newchain06
"(1, 5, 8)",0.4956208085732373,318.62378815863667,7.0726932562295595,0.28755761315306994,0.018270586809821555,H10,newchain06
"(1, 2, 7)",0.6149992793529877,225.94919146441495,5.0617315866224395,0.33122649236030194,0.0012618598587848466,H10,newchain06
"(0, 2, 5)",0.5930189575583082,263.2179845066025,5.291844210363828,0.2349405240245582,0.00042021620996853865,H10,newchain06
"(4, 5, 7)",0.519509993881718,313.5725542120511,1.0949937268925862,0.39159713524930395,0.00042205875211923923,H10,newchain06
"(4, 5, 6)",0.522775881949143,311.49172684726614,0.7204130983087718,0.37032420247194603,0.00042018155619109166,H10,newchain06
"(2, 5, 6)",0.5029796312502304,316.99235820497586,1.3723384950163495,0.44595694016461784,0.0005096697061804501,H10,newchain06
"(0, 5, 8)",0.7215030764792458,173.2537888328718,7.954731276678526,0.28755761315306994,0.00042205875211923923,H10,newchain06
"(0, 7, 8)",0.7036461009117794,178.7082470105501,8.606656673386103,0.37816049749988434,0.01825592777549087,H10,newchain06
"(0, 6, 8)",0.6560163293734342,218.8909775281598,8.23207604480229,0.4529253484133263,0.0004202441514431026,H10,newchain06
"(1, 3, 4)",0.5074760433225973,310.1501073997364,4.035225561331047,0.5035444996554049,0.0010720526749521413,H10,newchain06
"(3, 4, 7)",0.454307157500055,375.6156181093031,1.3723384950163489,0.5211879308723186,0.00042205875211923923,H10,newchain06
"(1, 8, 9)",0.6111175739154084,231.8413957882628,11.2695437397008,0.40462440781404513,0.01954049403547502,H10,newchain06
"(3, 5, 7)",0.519509993881718,313.5725542120511,1.372338495016349,0.4537932351918176,0.0004722760262490899,H10,newchain06
"(4, 6, 7)",0.519509993881718,313.5725542120511,1.372338495016349,0.5211879308723186,0.0004202441514431026,H10,newchain06
"(0, 2, 9)",0.656775701947458,218.83646420245117,9.488694693835068,0.39973885424262806,0.0012618598587848466,H10,newchain06
"(0, 1, 9)",0.6561695607252414,219.01756752110035,12.151581760149767,0.4355803989327173,0.01983149878296775,H10,newchain06
"(0, 8, 9)",0.723980147351093,173.0256136171082,12.151581760149767,0.4515584129536275,0.01825592777549087,H10,newchain06
"(0, 1, 8)",0.7131706548200955,175.5575190408578,11.2695437397008,0.28755761315306994,0.01825592777549087,H10,newchain06
"(3, 7, 9)",0.6607354443320588,220.27260348622147,5.56918897848759,0.3223081711154765,0.0958850413220326,H10,newchain07
"(0, 2, 8)",0.7042444037538184,178.5937720785915,8.606656673386103,0.13532235610403406,0.08698384586683984,H10,newchain07
"(1, 2, 3)",0.5707632001545482,271.1705932383497,4.687150958038624,0.278349789476463,0.09606549840954372,H10,newchain07
"(2, 4, 9)",0.665141207232276,219.38220008660636,5.291844210363828,0.2766843722806166,0.02569675967098806,H10,newchain07
"(4, 6, 9)",0.6651412072322759,219.38220008660636,4.917263581780013,0.2766843722804649,0.0959406550179009,H10,newchain07
"(0, 3, 7)",0.6374051291748817,226.3535487226882,5.56918897848759,0.278349789476463,0.0958850413220326,H10,newchain07
"(2, 7, 9)",0.6828324076462393,180.7725643592848,5.943769607071405,0.2766843722806166,0.019593381607055222,H10,newchain07
"(1, 3, 9)",0.7036599280762388,175.30505567433164,8.23207604480229,0.2766843722804649,0.09606549840954372,H10,newchain07
"(0, 5, 7)",0.6551011192616842,219.523908356944,5.291844210363828,0.13532235610403406,0.019593381607055222,H10,newchain07
"(2, 5, 7)",0.4835014131077592,362.0418065387128,1.746919123600164,0.13532235610403406,0.019593381607055222,H10,newchain07
"(1, 3, 5)",0.4626351767810239,363.1057455630726,4.035225561331047,0.21008720701747616,0.09606549840954372,H10,newchain07
"(5, 6, 7)",0.4901608438608592,360.5737446450119,1.3723384950163493,0.278349789476463,0.0959406550179009,H10,newchain07
"(1, 2, 4)",0.5727084456993519,269.9789073368386,4.409806189914862,0.2607063582600927,0.02569675967098806,H10,newchain07
"(0, 2, 4)",0.6560163293734342,218.8909775281598,5.291844210363828,0.2607063582600927,0.02569675967098806,H10,newchain07
"(2, 3, 6)",0.4783638161602493,362.08915332584814,1.6496832631401122,0.278349789476463,0.0961849566500664,H10,newchain07
"(1, 4, 8)",0.673366527706114,189.51280682183037,7.0726932562295595,0.14802278578003378,0.02569675967098806,H10,newchain07
"(2, 8, 9)",0.6848849921834661,180.6310235734445,8.606656673386103,0.2766843722806166,0.08698384586683984,H10,newchain07
"(2, 3, 8)",0.6336439992905517,212.6610530436217,4.687150958038624,0.278349789476463,0.09606549840954372,H10,newchain07
"(2, 3, 5)",0.4783638161602492,362.08915332584814,1.3723384950163493,0.278349789476463,0.09606549840954372,H10,newchain07
"(0, 1, 5)",0.6487894731929829,219.92706795865843,7.954731276678526,0.0,0.08698384586683984,H10,newchain07
"(0, 1, 4)",0.6487894731929826,219.92706795865843,7.954731276678526,0.14802278578003378,0.02569675967098806,H10,newchain07
"(3, 5, 6)",0.4783638161602492,362.08915332584814,0.9977578664325344,0.21008720701747616,0.0961849566500664,H10,newchain07
"(2, 4, 8)",0.5783036037436771,252.00355189733335,4.409806189914862,0.2607063582600927,0.02569675967098806,H10,newchain07
"(1, 2, 9)",0.6828324076462393,180.7725643592848,8.606656673386103,0.2766843722806166,0.08698384586683984,H10,newchain07
"(5, 6, 9)",0.665141207232276,219.38220008660636,4.917263581780013,0.2766843722804649,0.0961849566500664,H10,newchain07
"(1, 2, 7)",0.6197663707579305,218.50540941056096,5.0617315866224395,0.13532235610403406,0.019593381607055222,H10,newchain07
"(1, 5, 8)",0.564315536500408,270.0394222360201,7.0726932562295595,0.0,0.08698384586683984,H10,newchain07
"(0, 2, 5)",0.6661460266348572,215.54041164789516,5.291844210363828,0.13532235610403406,0.08698384586683984,H10,newchain07
"(4, 5, 7)",0.4901608438608593,360.5737446450119,1.0949937268925862,0.2607063582600927,0.0237989829522878,H10,newchain07
"(4, 5, 6)",0.4901326456077675,359.85078255542203,0.7204130983087718,0.2766843722804649,0.0959406550179009,H10,newchain07
"(2, 5, 6)",0.4798650478944513,361.6060354353019,1.3723384950163495,0.278349789476463,0.0961849566500664,H10,newchain07
"(0, 5, 8)",0.7042444037538182,178.5937720785915,7.954731276678526,0.0,0.08698384586683984,H10,newchain07
"(0, 7, 8)",0.6985227632120184,180.33978882265345,8.606656673386103,0.13532235610403406,0.019593381607055222,H10,newchain07
"(0, 6, 8)",0.7042444037538182,178.5937720785915,8.23207604480229,0.21008720701747616,0.0961849566500664,H10,newchain07
"(1, 3, 4)",0.4716030404819225,363.79213132745394,4.035225561331047,0.2766843722804649,0.0959406550179009,H10,newchain07
"(3, 4, 7)",0.4898562823813389,361.1963785885122,1.3723384950163489,0.3223081711154765,0.0959406550179009,H10,newchain07
"(1, 8, 9)",0.6749572353781816,189.7440544127571,11.2695437397008,0.16400079980055768,0.08698384586683984,H10,newchain07
"(3, 5, 7)",0.4897187886015907,360.8326941113749,1.372338495016349,0.278349789476463,0.0958850413220326,H10,newchain07
"(4, 6, 7)",0.5050222161160347,356.5575871814204,1.372338495016349,0.3223081711154765,0.0959406550179009,H10,newchain07
"(0, 2, 9)",0.656775701947458,218.83646420245117,9.488694693835068,0.2766843722806166,0.08698384586683984,H10,newchain07
"(0, 1, 9)",0.6556807640010411,219.11468567113255,12.151581760149767,0.16400079980055768,0.08698384586683984,H10,newchain07
"(0, 8, 9)",0.6591170346467696,218.46804557562473,12.151581760149767,0.16400079980055768,0.08698384586683984,H10,newchain07
"(0, 1, 8)",0.7114544469893049,176.62109899539757,11.2695437397008,0.0,0.08698384586683984,H10,newchain07
"(3, 7, 9)",0.5810214304278425,274.1426892195511,5.56918897848759,0.42455046796295687,0.08325124372000726,H10,newchain08
"(0, 2, 8)",0.6975157234121517,181.38642879585464,8.606656673386103,0.370699718899026,0.16771317354364493,H10,newchain08
"(1, 2, 3)",0.5670939599047887,274.37534712891056,4.687150958038624,0.3004139663728017,0.08325124372000726,H10,newchain08
"(4, 6, 9)",0.58961472905229,271.131148050193,4.917263581780013,0.3394516817458929,0.08784489241897937,H10,newchain08
"(2, 4, 9)",0.5897313393185718,270.8580628603992,5.291844210363828,0.37761646282337435,0.10315507792277688,H10,newchain08
"(0, 3, 7)",0.6575069321067164,219.13359953380683,5.56918897848759,0.3773482373277199,0.16771317354364493,H10,newchain08
"(2, 7, 9)",0.6937262950032226,184.44702467277895,5.943769607071405,0.37761646282337435,0.08325124372000726,H10,newchain08
"(1, 3, 9)",0.6318341866943686,222.3874763180822,8.23207604480229,0.3394516817458929,0.08698384586683984,H10,newchain08
"(0, 5, 7)",0.6548422109968499,221.69004810576888,5.291844210363828,0.323827881989178,0.16771317354364493,H10,newchain08
"(2, 5, 7)",0.5836319791729496,264.2159597675615,1.746919123600164,0.323827881989178,0.1701469157103058,H10,newchain08
"(1, 3, 5)",0.4539902711634488,378.92851065560774,4.035225561331047,0.29462927861388083,0.0959567529763142,H10,newchain08
"(5, 6, 7)",0.4752099108676649,383.5528793205558,1.3723384950163493,0.3773482373277199,0.1701645499669859,H10,newchain08
"(1, 2, 4)",0.568857839576873,272.07407885599275,4.409806189914862,0.37761646282337435,0.10315507792277688,H10,newchain08
"(0, 2, 4)",0.6575069321067164,219.13359953380683,5.291844210363828,0.4681784558765816,0.16822828106028143,H10,newchain08
"(2, 3, 6)",0.4751336590602795,367.0681911075562,1.6496832631401122,0.2535421294629536,0.10315507792277688,H10,newchain08
"(1, 4, 8)",0.5506372573995002,272.44341565827847,7.0726932562295595,0.3084956906272207,0.08784489241897937,H10,newchain08
"(2, 8, 9)",0.681680924469414,184.7666278901627,8.606656673386103,0.37761646282337435,0.08325124372000726,H10,newchain08
"(2, 3, 8)",0.6818644202547623,184.10585427309468,4.687150958038624,0.3004139663728017,0.08325124372000726,H10,newchain08
"(2, 3, 5)",0.4836903150887978,367.11090411834937,1.3723384950163493,0.3773482373277199,0.1701469157103058,H10,newchain08
"(0, 1, 5)",0.6499656353417249,220.2863490028264,7.954731276678526,0.24110892327533884,0.0959567529763142,H10,newchain08
"(0, 1, 4)",0.6322388266890127,227.0871239321224,7.954731276678526,0.4065766430206598,0.095447934980588,H10,newchain08
"(3, 5, 6)",0.4338976317781847,450.051485405722,0.9977578664325344,0.24775744170403277,0.09697545918865809,H10,newchain08
"(2, 4, 8)",0.6854750421452219,176.87657904912243,4.409806189914862,0.37761646282337435,0.10315507792277688,H10,newchain08
"(5, 6, 9)",0.5896147290522901,271.131148050193,4.917263581780013,0.4065766430206598,0.09697545918865809,H10,newchain08
"(1, 2, 9)",0.6318341866943685,222.3874763180822,8.606656673386103,0.37761646282337435,0.08325124372000726,H10,newchain08
"(1, 2, 7)",0.6883862658219329,186.60117140150413,5.0617315866224395,0.1999596058946773,0.08325124372000726,H10,newchain08
"(1, 5, 8)",0.5506372573995002,272.44341565827847,7.0726932562295595,0.257086937296249,0.0959567529763142,H10,newchain08
"(0, 2, 5)",0.6575069321067166,219.13359953380683,5.291844210363828,0.323827881989178,0.16771317354364493,H10,newchain08
"(4, 5, 7)",0.4181021719244923,459.41594635572255,1.0949937268925862,0.4681784558765816,0.1701645499669859,H10,newchain08
"(4, 5, 6)",0.440788456637148,453.5689889276204,0.7204130983087718,0.4065766430206598,0.09697545918865809,H10,newchain08
"(2, 5, 6)",0.4751336590602796,367.0681911075562,1.3723384950163495,0.3773482373277199,0.1701645499669859,H10,newchain08
"(0, 5, 8)",0.6592466277643971,218.1592656446787,7.954731276678526,0.257086937296249,0.0959567529763142,H10,newchain08
"(0, 7, 8)",0.6827556729033071,186.1160531532562,8.606656673386103,0.370699718899026,0.16771317354364493,H10,newchain08
"(1, 3, 4)",0.4614891027152983,374.3528696427996,4.035225561331047,0.3394516817458929,0.08784489241897937,H10,newchain08
"(0, 6, 8)",0.6418378105082032,224.5799662395642,8.23207604480229,0.310607292634791,0.095447934980588,H10,newchain08
"(1, 8, 9)",0.6732514231244955,189.829659223566,11.2695437397008,0.3084956906272207,0.08698384586683984,H10,newchain08
"(3, 4, 7)",0.4200015012426743,458.1305423234277,1.3723384950163489,0.42455046796295687,0.10315507792277688,H10,newchain08
"(3, 5, 7)",0.4198671873227114,458.03292917634855,1.372338495016349,0.3773482373277199,0.1701469157103058,H10,newchain08
"(4, 6, 7)",0.4186241523242889,459.35961394082534,1.372338495016349,0.42455046796295687,0.10315507792277688,H10,newchain08
"(0, 2, 9)",0.6554182112578293,219.7253005151847,9.488694693835068,0.4681784558765816,0.16771317354364493,H10,newchain08
"(0, 1, 9)",0.6527483734163233,221.90427862032536,12.151581760149767,0.4065766430206598,0.0959567529763142,H10,newchain08
"(0, 8, 9)",0.7228376648054322,172.64984840434482,12.151581760149767,0.42255465704156997,0.0959567529763142,H10,newchain08
"(0, 1, 8)",0.6942830920447453,183.61884619076196,11.2695437397008,0.257086937296249,0.0959567529763142,H10,newchain08
"(3, 7, 9)",0.48447080732761,374.24895130671575,5.56918897848759,0.5688107997765423,0.018242403060585048,H10,newchain09
"(0, 2, 8)",0.5707213926502648,290.3725064533767,8.606656673386103,0.5495894742688929,0.08675128582953556,H10,newchain09
"(1, 2, 3)",0.4839105759838383,373.9031892998587,4.687150958038624,0.5688107997765554,0.08695409509452004,H10,newchain09
"(2, 4, 9)",0.4730569036232866,376.29999957745054,5.291844210363828,0.43170104481299215,0.018242403060585048,H10,newchain09
"(4, 6, 9)",0.4839105759838383,373.9031892998587,4.917263581780013,0.4717847624017841,0.018242403060585048,H10,newchain09
"(0, 3, 7)",0.5589467210021712,305.7097375730846,5.56918897848759,0.6252222119608262,0.0006028257473663236,H10,newchain09
"(2, 7, 9)",0.5426692526413337,296.9090713344027,5.943769607071405,0.43170104481299215,0.018242403060585048,H10,newchain09
"(1, 3, 9)",0.5114438437088439,310.7597304290328,8.23207604480229,0.6238265291705569,0.08695409509452004,H10,newchain09
"(0, 5, 7)",0.5016881997982784,361.0572098467131,5.291844210363828,0.4142057958207664,0.08665081728616295,H10,newchain09
"(2, 5, 7)",0.4961208201092563,371.4100792866857,1.746919123600164,0.4142057958207664,0.019661547773084848,H10,newchain09
"(1, 3, 5)",0.4839105759838383,373.9031892998587,4.035225561331047,0.624354325182335,0.08695409509452004,H10,newchain09
"(5, 6, 7)",0.4961208201092562,371.4100792866857,1.3723384950163493,0.6252222119608262,0.019661547773084848,H10,newchain09
"(1, 2, 4)",0.4839105759838384,373.9031892998587,4.409806189914862,0.6078485151502675,0.019661547773084848,H10,newchain09
"(0, 2, 4)",0.5016881997982784,361.0572098467131,5.291844210363828,0.5630261120183124,0.08665081728616295,H10,newchain09
"(2, 3, 6)",0.4839105759838383,373.9031892998587,1.6496832631401122,0.42123798414489955,0.08695409509452004,H10,newchain09
"(1, 4, 8)",0.4839105759838383,373.9031892998587,7.0726932562295595,0.4716679693090667,0.08665081728616295,H10,newchain09
"(2, 8, 9)",0.5433582468495657,300.1792395734828,8.606656673386103,0.6238265291707914,0.06894368636247293,H10,newchain09
"(2, 3, 8)",0.5206855498853211,358.9151672357769,4.687150958038624,0.5688107997765554,0.06894368636247293,H10,newchain09
"(2, 3, 5)",0.4839105759838383,373.9031892998587,1.3723384950163493,0.6252222119608262,0.08695409509452004,H10,newchain09
"(0, 1, 5)",0.4792667387276263,363.8564311821737,7.954731276678526,0.4142671181648589,0.08675128582953556,H10,newchain09
"(0, 1, 4)",0.4792667387276264,363.8564311821737,7.954731276678526,0.5622899039448928,0.08665081728616295,H10,newchain09
"(3, 5, 6)",0.4961208201092562,371.4100792866857,0.9977578664325344,0.5290543643232349,0.08695409509452004,H10,newchain09
"(2, 4, 8)",0.5207537458141115,358.9547160232387,4.409806189914862,0.6078485151502675,0.08665081728616295,H10,newchain09
"(1, 2, 9)",0.5708993695283487,238.57288368698892,8.606656673386103,0.6238265291707914,0.08695409509452004,H10,newchain09
"(5, 6, 9)",0.4839105759838384,373.9031892998587,4.917263581780013,0.6190878436277111,0.08695409509452004,H10,newchain09
"(1, 2, 7)",0.4839105759838384,373.9031892998587,5.0617315866224395,0.4022863930430672,0.019661547773084848,H10,newchain09
"(1, 5, 8)",0.5336358411308143,295.2517060039188,7.0726932562295595,0.4142671181648589,0.08675128582953556,H10,newchain09
"(0, 2, 5)",0.4912581515209865,361.7028172192551,5.291844210363828,0.4142057958207664,0.08675128582953556,H10,newchain09
"(4, 5, 7)",0.5077360306093676,364.1247996849337,1.0949937268925862,0.5630261120183124,0.019661547773084848,H10,newchain09
"(4, 5, 6)",0.4961208201092562,371.4100792866857,0.7204130983087718,0.6190878436277111,0.019661547773084848,H10,newchain09
"(2, 5, 6)",0.4839105759838383,373.9031892998587,1.3723384950163495,0.6252222119608262,0.08698384586683984,H10,newchain09
"(0, 5, 8)",0.5718949853800316,288.8231169252107,7.954731276678526,0.4142671181648589,0.08675128582953556,H10,newchain09
"(0, 7, 8)",0.6288053537227161,235.42213599281504,8.606656673386103,0.5495894742688929,0.08665081728616295,H10,newchain09
"(0, 6, 8)",0.5718949853800315,288.8231169252107,8.23207604480229,0.624354325182335,0.08675128582953556,H10,newchain09
"(1, 3, 4)",0.4839105759838384,373.9031892998587,4.035225561331047,0.6238265291705569,0.018242403060585048,H10,newchain09
"(1, 8, 9)",0.5774452974987996,240.07697128289695,11.2695437397008,0.4876459833295906,0.06894368636247293,H10,newchain09
"(3, 4, 7)",0.5077360306093676,364.1247996849337,1.3723384950163489,0.5688107997765423,0.0011048569469957888,H10,newchain09
"(4, 6, 7)",0.4979864132950171,370.612046441102,1.372338495016349,0.5688107997765423,0.019661547773084848,H10,newchain09
"(3, 5, 7)",0.5077360306093676,364.1247996849337,1.372338495016349,0.6252222119608262,0.0011048569469957888,H10,newchain09
"(0, 2, 9)",0.6517048991382353,222.60217059766416,9.488694693835068,0.5790041260388363,0.06894368636247293,H10,newchain09
"(0, 1, 9)",0.6352837569930372,227.60065118656755,12.151581760149767,0.5782679179654165,0.06894368636247293,H10,newchain09
"(0, 8, 9)",0.6777350641823358,208.95374513184973,12.151581760149767,0.5782679179654165,0.06894368636247293,H10,newchain09
"(0, 1, 8)",0.5461083337221642,297.3566899500888,11.2695437397008,0.4142671181648589,0.08675128582953556,H10,newchain09
"(3, 7, 9)",0.5717834913398825,300.2934714320906,5.56918897848759,0.4889859854825672,0.019737683780698432,H10,newchain10
"(0, 2, 8)",0.5055165720827849,373.2641195805062,8.606656673386103,0.41512652774381537,0.08620862122500111,H10,newchain10
"(1, 2, 3)",0.5223244404293551,376.0069708974472,4.687150958038624,0.4176279404826326,0.019737683780698432,H10,newchain10
"(2, 4, 9)",0.5622275045146339,303.19077094812917,5.291844210363828,0.41986521328664805,0.0018647078586943918,H10,newchain10
"(4, 6, 9)",0.6297559431851026,240.2760538050428,4.917263581780013,0.3034328387871695,0.0018647078586943918,H10,newchain10
"(2, 7, 9)",0.5598831250943201,306.1891183662837,5.943769607071405,0.41986521328664805,0.019737683780698432,H10,newchain10
"(0, 3, 7)",0.5751482414838871,295.8331220117731,5.56918897848759,0.4886555917571784,0.08614725528744598,H10,newchain10
"(1, 3, 9)",0.5637774893468612,306.06090010111586,8.23207604480229,0.356953194125816,0.019737683780698432,H10,newchain10
"(0, 5, 7)",0.525826343650216,373.62877125139704,5.291844210363828,0.41512652774381537,0.08614725528744598,H10,newchain10
"(2, 5, 7)",0.4689428010781684,458.7492303692819,1.746919123600164,0.41512652774381537,0.08601908931241257,H10,newchain10
"(1, 3, 5)",0.4692180507525691,458.35339494170137,4.035225561331047,0.3590647961334912,0.08699714348360166,H10,newchain10
"(5, 6, 7)",0.4691421481760796,458.3784609455748,1.3723384950163493,0.4886555917571784,0.08624052762079834,H10,newchain10
"(1, 2, 4)",0.5223244404293551,376.0069708974472,4.409806189914862,0.41986521328664805,0.0018647078586943918,H10,newchain10
"(0, 2, 4)",0.5160023046348795,373.2470607124734,5.291844210363828,0.486990174561332,0.08623594280702052,H10,newchain10
"(2, 3, 6)",0.4690018342019524,458.7530834212332,1.6496832631401122,0.4176279404826326,0.020278852923116472,H10,newchain10
"(1, 4, 8)",0.571274594799954,279.9904175995156,7.0726932562295595,0.23675066230575986,0.0018647078586943918,H10,newchain10
"(2, 8, 9)",0.5644182192290212,293.0377674860871,8.606656673386103,0.41986521328664805,0.08698384586683984,H10,newchain10
"(2, 3, 8)",0.4835419622661044,445.99760967504574,4.687150958038624,0.4176279404826326,0.019737683780698432,H10,newchain10
"(0, 1, 5)",0.5338318060828438,365.168889533149,7.954731276678526,0.218475958475081,0.08620862122500111,H10,newchain10
"(2, 3, 5)",0.4690018342019524,458.7530834212332,1.3723384950163493,0.4886555917571784,0.08699714348360166,H10,newchain10
"(0, 1, 4)",0.541724494303172,365.3177896335329,7.954731276678526,0.358328588060363,0.08623594280702052,H10,newchain10
"(2, 4, 8)",0.4835419622661043,445.99760967504574,4.409806189914862,0.41986521328664805,0.0018647078586943918,H10,newchain10
"(3, 5, 6)",0.4691421481760796,458.3784609455748,0.9977578664325344,0.3055444407948446,0.08630922504040478,H10,newchain10
"(1, 2, 9)",0.5624498756023442,306.166682393183,8.606656673386103,0.41986521328664805,0.08698384586683984,H10,newchain10
"(5, 6, 9)",0.6297559431851026,240.2760538050428,4.917263581780013,0.41749180520162354,0.08623666875784898,H10,newchain10
"(1, 5, 8)",0.571274594799954,279.9904175995156,7.0726932562295595,0.23445397249599112,0.08620862122500111,H10,newchain10
"(1, 2, 7)",0.5222208920168669,376.21636849871186,5.0617315866224395,0.32060190310821046,0.019737683780698432,H10,newchain10
"(0, 2, 5)",0.5162060742614277,372.9481797645562,5.291844210363828,0.41512652774381537,0.08620862122500111,H10,newchain10
"(4, 5, 7)",0.4696152488358189,458.0080007056404,1.0949937268925862,0.486990174561332,0.08624052762079834,H10,newchain10
"(4, 5, 6)",0.4689428010781684,458.7492303692819,0.7204130983087718,0.41749180520162354,0.08623666875784898,H10,newchain10
"(2, 5, 6)",0.4690018342019524,458.7530834212332,1.3723384950163495,0.4886555917571784,0.08623666875784898,H10,newchain10
"(0, 5, 8)",0.5055165720827849,373.2641195805062,7.954731276678526,0.23445397249599112,0.08620862122500111,H10,newchain10
"(0, 7, 8)",0.5036857793729368,374.6868375804384,8.606656673386103,0.41512652774381537,0.08614725528744598,H10,newchain10
"(0, 6, 8)",0.505516572082785,373.2641195805062,8.23207604480229,0.37504281015440133,0.08623594280702052,H10,newchain10
"(1, 3, 4)",0.5218750060261999,376.2626322954494,4.035225561331047,0.356953194125816,0.020278852923116472,H10,newchain10
"(1, 8, 9)",0.6089002702648033,244.5181548485085,11.2695437397008,0.23675066230575986,0.08698384586683984,H10,newchain10
"(3, 4, 7)",0.4696152488358189,458.0080007056404,1.3723384950163489,0.4889859854825672,0.020278852923116472,H10,newchain10
"(4, 6, 7)",0.4696152488358189,458.0080007056404,1.372338495016349,0.4889859854825672,0.020278852923116472,H10,newchain10
"(3, 5, 7)",0.4696152488358189,458.0080007056404,1.372338495016349,0.4886555917571784,0.08601908931241257,H10,newchain10
"(0, 2, 9)",0.6232830550860526,256.3073930163791,9.488694693835068,0.486990174561332,0.08620862122500111,H10,newchain10
"(0, 1, 9)",0.6237008676485437,256.199690152318,12.151581760149767,0.358328588060363,0.08620862122500111,H10,newchain10
"(0, 8, 9)",0.6232830550860524,256.3073930163791,12.151581760149767,0.37430660208127314,0.08620862122500111,H10,newchain10
"(0, 1, 8)",0.6231086366848533,223.3358144140789,11.2695437397008,0.23445397249599112,0.08620862122500111,H10,newchain10
"(3, 7, 9)",0.6896625854552457,186.46610495269388,5.56918897848759,0.23961040167145006,0.05019980645291201,H10,newchain11
"(0, 2, 8)",0.7014034938792453,179.1742510711005,8.606656673386103,0.3538545358367011,0.052185652804576745,H10,newchain11
"(1, 2, 3)",0.6105891961899788,228.7387164479302,4.687150958038624,0.3637469032616184,0.10193346926490607,H10,newchain11
"(2, 4, 9)",0.634963518408886,224.03991728376215,5.291844210363828,0.19267639653186763,0.05178442512513084,H10,newchain11
"(4, 6, 9)",0.6961403720475483,183.9118933177284,4.917263581780013,0.19267639653176274,0.049945935815892205,H10,newchain11
"(0, 3, 7)",0.6359860411896998,226.1611431043642,5.56918897848759,0.316544672626387,0.10019407409878435,H10,newchain11
"(2, 7, 9)",0.6896625854552456,186.46610495269388,5.943769607071405,0.19267639653186763,0.05182106585431176,H10,newchain11
"(1, 3, 9)",0.6303152905479883,222.5141206930088,8.23207604480229,0.31681289812193103,0.10011091986423684,H10,newchain11
"(0, 5, 7)",0.6317577052705907,228.8903704093732,5.291844210363828,0.26302431728784503,0.052260545209030285,H10,newchain11
"(2, 5, 7)",0.5970547339292867,248.0443335670488,1.746919123600164,0.26302431728784503,0.052174635966109474,H10,newchain11
"(1, 3, 5)",0.6182285278081389,225.7441697115885,4.035225561331047,0.362024692031453,0.10193346926490607,H10,newchain11
"(5, 6, 7)",0.6003959920632589,245.11143815625312,1.3723384950163493,0.316544672626387,0.10193088601901654,H10,newchain11
"(1, 2, 4)",0.6108069489362152,228.16867814315688,4.409806189914862,0.31681289812203595,0.10182117392429785,H10,newchain11
"(0, 2, 4)",0.6515054477330173,222.06894343685147,5.291844210363828,0.3634165095362351,0.10182470206073194,H10,newchain11
"(2, 3, 6)",0.5841034396473364,261.13432469949504,1.6496832631401122,0.19273856476160198,0.0518382782028897,H10,newchain11
"(1, 4, 8)",0.6273481598592459,222.52745037815112,7.0726932562295595,0.26987889298234863,0.05227519819401383,H10,newchain11
"(2, 8, 9)",0.6830368779718873,184.47969215072743,8.606656673386103,0.31681289812203595,0.10108791107947333,H10,newchain11
"(2, 3, 8)",0.6888616902144917,175.7265206071041,4.687150958038624,0.3637469032616184,0.10195412083591854,H10,newchain11
"(2, 3, 5)",0.5934275048140788,248.54111057352048,1.3723384950163493,0.316544672626387,0.10185465634620547,H10,newchain11
"(0, 1, 5)",0.6296278165914085,225.50144703903197,7.954731276678526,0.3085043366929109,0.05226054520903029,H10,newchain11
"(0, 1, 4)",0.6108623000903551,232.5778222032051,7.954731276678526,0.4073748911752432,0.07709472282209143,H10,newchain11
"(3, 5, 6)",0.5919642718602247,248.2374641162961,0.9977578664325344,0.2711944734825968,0.10009460960907128,H10,newchain11
"(2, 4, 8)",0.6952160737515019,171.6496697767882,4.409806189914862,0.31681289812203595,0.05218565280457676,H10,newchain11
"(1, 2, 9)",0.6303152905479883,222.5141206930088,8.606656673386103,0.31681289812203595,0.10194420173564255,H10,newchain11
"(5, 6, 9)",0.6961403720475483,183.9118933177284,4.917263581780013,0.3634165095362351,0.1000773972604933,H10,newchain11
"(1, 2, 7)",0.6122087297905151,228.8699580490681,5.0617315866224395,0.26329254278349395,0.052196898198145054,H10,newchain11
"(1, 5, 8)",0.6282721646968693,221.5618446175842,7.0726932562295595,0.3085043366929109,0.05227519819401383,H10,newchain11
"(0, 2, 5)",0.6516430489980694,222.26202404509095,5.291844210363828,0.26302431728784503,0.05220042633457916,H10,newchain11
"(4, 5, 7)",0.5767447631457545,252.96131817967637,1.0949937268925862,0.3634165095362351,0.10184502775310167,H10,newchain11
"(4, 5, 6)",0.5926586150684287,247.90417480689797,0.7204130983087718,0.3634165095362351,0.10194961346019815,H10,newchain11
"(2, 5, 6)",0.5956588198545977,247.46028157055645,1.3723384950163495,0.316544672626387,0.10186020354080969,H10,newchain11
"(0, 5, 8)",0.7215817673448858,173.4969017917729,7.954731276678526,0.3085043366929109,0.052185652804576745,H10,newchain11
"(0, 7, 8)",0.7014034938792453,179.1742510711005,8.606656673386103,0.3538545358367011,0.052185652804576745,H10,newchain11
"(0, 6, 8)",0.7215817673448857,173.4969017917729,8.23207604480229,0.362024692031453,0.10182470206073194,H10,newchain11
"(1, 3, 4)",0.6182285278081389,225.7441697115885,4.035225561331047,0.31681289812193103,0.10011187470917478,H10,newchain11
"(1, 8, 9)",0.6107995406579813,230.38732463384903,11.2695437397008,0.26987889298234863,0.10195412083591852,H10,newchain11
"(3, 4, 7)",0.6378306189740606,205.7336311575595,1.3723384950163489,0.23961040167145006,0.05172319490160434,H10,newchain11
"(4, 6, 7)",0.5959184584906272,248.85120539384343,1.372338495016349,0.23961040167145006,0.05171597219022547,H10,newchain11
"(3, 5, 7)",0.6378306189740606,205.7336311575595,1.372338495016349,0.316544672626387,0.10185465634620547,H10,newchain11
"(0, 2, 9)",0.6535246657510961,222.24777262493055,9.488694693835068,0.3634165095362351,0.10019407409878434,H10,newchain11
"(0, 1, 9)",0.6522792210693725,222.43391684108985,12.151581760149767,0.4073748911752432,0.101939467850935,H10,newchain11
"(0, 8, 9)",0.719213463812387,175.54212629681308,12.151581760149767,0.4073748911752432,0.10019407409878434,H10,newchain11
"(0, 1, 8)",0.6957522893071841,179.5483801917399,11.2695437397008,0.3085043366929109,0.05227519819401383,H10,newchain11
"(0, 1, 2)",0.9806563594670196,28.84444850734269,1.0482837986399605,0.685421579502982,0.03351501651777273,N2,identity
"(0, 1, 3)",0.9788639618129478,31.870454303643218,0.9898300637000548,0.5768957384102383,0.03351501651777273,N2,identity
"(0, 1, 4)",0.9788639618129478,31.870454303643218,0.9898300637000548,0.656884061933536,0.022851728721789175,N2,identity
"(0, 1, 5)",0.9788639618129478,31.870454303643218,0.9898300637000548,0.5162782901611626,0.022851728721789175,N2,identity
"(0, 1, 6)",0.9788639618129478,31.870454303643218,0.9898300637000548,0.5081482151383485,0.022851728721789175,N2,identity
"(0, 1, 7)",0.9831338991515088,24.289052413038803,1.0482837986399605,0.5081482151383485,0.022851728721789175,N2,identity
"(0, 1, 8)",0.9788639618129475,31.870454303643218,1.421873223676595,0.5081482151383485,0.022851728721789175,N2,identity
"(0, 1, 9)",0.9831497139805824,24.267038653349005,1.5476169674235694,0.5081482151383485,0.022851728721789175,N2,identity
"(0, 2, 3)",0.965979281459412,46.56101398974499,0.6162406386634199,0.6568840619335357,0.03351501651777273,N2,identity
"(0, 2, 4)",0.965979281459412,46.56101398974499,0.6162406386634199,0.5768957384102389,0.03351501651777273,N2,identity
"(0, 2, 5)",0.965979281459412,46.56101398974499,0.6162406386634199,0.5162782901611629,0.03351501651777273,N2,identity
"(0, 2, 6)",0.965979281459412,46.56101398974499,0.6162406386634199,0.5081482151383487,0.03351501651777273,N2,identity
"(0, 2, 7)",0.9394902763932316,51.57122019664939,0.6746943736033255,0.5081482151383487,0.03351501651777273,N2,identity
"(0, 2, 8)",0.9788639618129475,31.870454303643218,1.04828379863996,0.5081482151383487,0.03351501651777273,N2,identity
"(0, 2, 9)",0.965979281459412,46.56101398974499,1.1740275423869344,0.5081482151383487,0.03351501651777273,N2,identity
"(0, 3, 4)",0.9788639618129475,31.870454303643218,0.5577869037235144,0.6691614294573538,0.03351501651777273,N2,identity
"(0, 3, 5)",0.9788639618129475,31.870454303643218,0.5577869037235144,0.5162782901611622,0.03351501651777273,N2,identity
"(0, 3, 6)",0.9788639618129475,31.870454303643218,0.5577869037235144,0.500018140115534,0.03351501651777273,N2,identity
"(0, 3, 7)",0.9394902763932312,51.57122019664939,0.6162406386634199,0.500018140115534,0.03351501651777273,N2,identity
"(0, 3, 8)",0.9788639618129475,31.870454303643218,0.9898300637000546,0.500018140115534,0.03351501651777273,N2,identity
"(0, 3, 9)",0.965979281459412,46.56101398974499,1.1155738074470287,0.500018140115534,0.03351501651777273,N2,identity
"(0, 4, 5)",0.9788639618129475,31.870454303643218,0.5577869037235144,0.5162782901611632,0.022851728721789175,N2,identity
"(0, 4, 6)",0.9788639618129475,31.870454303643218,0.5577869037235144,0.5000181401155351,0.022851728721789175,N2,identity
"(0, 4, 7)",0.9394902763932312,51.57122019664939,0.6162406386634199,0.5000181401155351,0.022851728721789175,N2,identity
"(0, 4, 8)",0.9788639618129475,31.870454303643218,0.9898300637000546,0.5000181401155351,0.022851728721789175,N2,identity
"(0, 4, 9)",0.965979281459412,46.56101398974499,1.1155738074470287,0.5000181401155351,0.022851728721789175,N2,identity
"(0, 5, 6)",0.9788639618129475,31.870454303643218,0.5577869037235144,0.09047819232223317,0.022851728721789175,N2,identity
"(0, 5, 7)",0.9394902763932312,51.57122019664939,0.6162406386634199,0.09047819232223317,0.022851728721789175,N2,identity
"(0, 5, 8)",0.9788639618129475,31.870454303643218,0.9898300637000546,0.09047819232223317,0.022851728721789175,N2,identity
"(0, 5, 9)",0.965979281459412,46.56101398974499,1.1155738074470287,0.09047819232223317,0.022851728721789175,N2,identity
"(0, 6, 7)",0.9394902763932312,51.57122019664939,0.6162406386634199,0.0742180422766051,0.022851728721789175,N2,identity
"(0, 6, 8)",0.9788639618129475,31.870454303643218,0.9898300637000546,0.0742180422766051,0.022851728721789175,N2,identity
"(0, 6, 9)",0.965979281459412,46.56101398974499,1.1155738074470287,0.0742180422766051,0.022851728721789175,N2,identity
"(0, 7, 8)",0.9790483593664856,28.615051437640204,1.04828379863996,0.0742180422766051,0.022851728721789175,N2,identity
"(0, 7, 9)",0.965979281459412,46.56101398974499,1.1740275423869344,0.0742180422766051,0.022851728721789175,N2,identity
"(0, 8, 9)",0.9762021976868116,31.307073886935655,1.547616967423569,0.0742180422766051,0.022851728721789175,N2,identity
"(1, 2, 4)",0.9781335524780966,29.068263305447317,0.490496894916446,0.6693252653166747,0.03351501651777273,N2,identity
"(1, 2, 3)",0.9781335524780966,29.068263305447317,0.490496894916446,0.6693252653166746,0.03351501651777273,N2,identity
"(1, 2, 5)",0.9781335524780966,29.068263305447317,0.490496894916446,0.6532289511303674,0.03351501651777273,N2,identity
"(1, 2, 6)",0.9781335524780966,29.068263305447317,0.490496894916446,0.6532289511303674,0.03351501651777273,N2,identity
"(1, 2, 7)",0.9788648172146902,27.133941327647904,0.5489506298563516,0.6532289511303674,0.03351501651777273,N2,identity
"(1, 2, 8)",0.9770425035292898,32.43364529834025,0.9225400548929862,0.6532289511303674,0.03351501651777273,N2,identity
"(1, 2, 9)",0.9788639618129475,31.870454303643218,1.0482837986399605,0.6532289511303674,0.03351501651777273,N2,identity
"(1, 3, 4)",0.9581210331383864,46.02280850293994,0.4320431599765404,0.677291504480168,0.03351501651777273,N2,identity
"(1, 3, 5)",0.9581210331383864,46.02280850293994,0.4320431599765404,0.5643937022910179,0.03351501651777273,N2,identity
"(1, 3, 6)",0.9581210331383864,46.02280850293994,0.4320431599765404,0.5420546157497994,0.03351501651777273,N2,identity
"(1, 3, 7)",0.9784605395115764,27.934429967942265,0.490496894916446,0.5375188187940723,0.03351501651777273,N2,identity
"(1, 3, 8)",0.9562949301626548,51.781914492949,0.8640863199530806,0.5375188187940723,0.03351501651777273,N2,identity
"(1, 3, 9)",0.9788639618129475,31.870454303643218,0.9898300637000549,0.5375188187940723,0.03351501651777273,N2,identity
"(1, 4, 5)",0.9581210331383864,46.02280850293994,0.4320431599765404,0.6489178227700427,0.022851728721789175,N2,identity
"(1, 4, 6)",0.9581210331383864,46.02280850293994,0.4320431599765404,0.6407877477472287,0.022851728721789175,N2,identity
"(1, 4, 7)",0.9784605395115764,27.934429967942265,0.490496894916446,0.6407877477472287,0.022851728721789175,N2,identity
"(1, 4, 8)",0.9562949301626548,51.781914492949,0.8640863199530806,0.6407877477472287,0.022851728721789175,N2,identity
"(1, 4, 9)",0.9788639618129475,31.870454303643218,0.9898300637000549,0.6407877477472287,0.022851728721789175,N2,identity
"(1, 5, 6)",0.9581210331383864,46.02280850293994,0.4320431599765404,0.48408566178854795,0.022851728721789175,N2,identity
"(1, 5, 7)",0.9784605395115764,27.934429967942265,0.490496894916446,0.47954986483282086,0.022851728721789175,N2,identity
"(1, 5, 9)",0.9788639618129475,31.870454303643218,0.9898300637000549,0.47954986483282086,0.022851728721789175,N2,identity
"(1, 5, 8)",0.9562949301626548,51.781914492949,0.8640863199530806,0.47954986483282086,0.022851728721789175,N2,identity
"(1, 6, 7)",0.9784605395115764,27.934429967942265,0.490496894916446,0.4572107782916023,0.022851728721789175,N2,identity
"(1, 6, 8)",0.9562949301626548,51.781914492949,0.8640863199530806,0.4572107782916023,0.022851728721789175,N2,identity
"(1, 6, 9)",0.9788639618129475,31.870454303643218,0.9898300637000549,0.4572107782916023,0.022851728721789175,N2,identity
"(1, 7, 8)",0.9779408261104372,29.53252499214898,0.9225400548929862,0.45267498133587514,0.022851728721789175,N2,identity
"(1, 7, 9)",0.9781007032403896,31.220052190747083,1.0482837986399605,0.45267498133587514,0.022851728721789175,N2,identity
"(1, 8, 9)",0.9788639618129475,31.870454303643218,1.4218732236765952,0.45267498133587514,0.022851728721789175,N2,identity
"(2, 3, 4)",0.8020183055023274,106.66698534174655,0.058453734939905605,0.677291504480168,0.03351501651777273,N2,identity
"(2, 3, 5)",0.8020183055023274,106.66698534174655,0.058453734939905605,0.6489178227700424,0.03351501651777273,N2,identity
"(2, 3, 6)",0.8020183055023274,106.66698534174655,0.058453734939905605,0.6407877477472284,0.03351501651777273,N2,identity
"(2, 3, 7)",0.8030626249760254,104.01992929894276,0.11690746987981121,0.6407877477472284,0.03351501651777273,N2,identity
"(2, 3, 8)",0.9781335524780966,29.068263305447317,0.49049689491644577,0.6407877477472284,0.03351501651777273,N2,identity
"(2, 3, 9)",0.9558504132451004,33.0299463829391,0.61624063866342,0.6407877477472284,0.03351501651777273,N2,identity
"(2, 4, 5)",0.8020183055023274,106.66698534174655,0.058453734939905605,0.5689294992467457,0.03351501651777273,N2,identity
"(2, 4, 6)",0.8020183055023274,106.66698534174655,0.058453734939905605,0.5420546157498,0.03351501651777273,N2,identity
"(2, 4, 7)",0.8030626249760254,104.01992929894276,0.11690746987981121,0.5420546157498,0.03351501651777273,N2,identity
"(2, 4, 8)",0.9781335524780966,29.068263305447317,0.49049689491644577,0.5420546157498,0.03351501651777273,N2,identity
"(2, 4, 9)",0.9558504132451004,33.0299463829391,0.61624063866342,0.5420546157498,0.03351501651777273,N2,identity
"(2, 5, 6)",0.8020183055023274,106.66698534174655,0.058453734939905605,0.4840856617885482,0.03351501651777273,N2,identity
"(2, 5, 7)",0.8030626249760254,104.01992929894276,0.11690746987981121,0.4840856617885482,0.03351501651777273,N2,identity
"(2, 5, 8)",0.9781335524780966,29.068263305447317,0.49049689491644577,0.4840856617885482,0.03351501651777273,N2,identity
"(2, 5, 9)",0.9558504132451004,33.0299463829391,0.61624063866342,0.4840856617885482,0.03351501651777273,N2,identity
"(2, 6, 7)",0.8030626249760254,104.01992929894276,0.11690746987981121,0.45721077829160256,0.03351501651777273,N2,identity
"(2, 6, 8)",0.9781335524780966,29.068263305447317,0.49049689491644577,0.45721077829160256,0.03351501651777273,N2,identity
"(2, 6, 9)",0.9558504132451004,33.0299463829391,0.61624063866342,0.45721077829160256,0.03351501651777273,N2,identity
"(2, 7, 8)",0.9802140099837237,25.222162771839866,0.5489506298563513,0.45721077829160256,0.03351501651777273,N2,identity
"(2, 7, 9)",0.9394902763932316,51.57122019664939,0.6746943736033257,0.45721077829160256,0.03351501651777273,N2,identity
"(2, 8, 9)",0.9765678292215162,33.36606662193731,1.0482837986399602,0.45721077829160256,0.03351501651777273,N2,identity
"(3, 4, 6)",0.7962485851786193,113.99971569494484,2.505569063878359e-33,0.6691614294573538,0.03351501651777273,N2,identity
"(3, 4, 5)",0.7962485851786193,113.99971569494484,1.3426945516619363e-33,0.685421579502982,0.03351501651777273,N2,identity
"(3, 4, 7)",0.8020183055023276,106.66698534184604,0.058453734939905605,0.6691614294573538,0.03351501651777273,N2,identity
"(3, 4, 8)",0.9581210331383864,46.02280850293994,0.4320431599765402,0.6691614294573538,0.03351501651777273,N2,identity
"(3, 5, 6)",0.7962485851786193,113.99971569494484,3.066798202155826e-33,0.5001819759748548,0.03351501651777273,N2,identity
"(3, 4, 9)",0.9788639618129475,31.870454303643218,0.5577869037235145,0.6691614294573538,0.03351501651777273,N2,identity
"(3, 5, 7)",0.8020183055023276,106.66698534184604,0.058453734939905605,0.4956461790191277,0.03351501651777273,N2,identity
"(3, 5, 8)",0.9581210331383864,46.02280850293994,0.4320431599765402,0.4956461790191277,0.03351501651777273,N2,identity
"(3, 5, 9)",0.9788639618129475,31.870454303643218,0.5577869037235145,0.4956461790191277,0.03351501651777273,N2,identity
"(3, 6, 7)",0.8020183055023276,106.66698534184604,0.058453734939905605,0.4651770174550951,0.03351501651777273,N2,identity
"(3, 6, 8)",0.9581210331383864,46.02280850293994,0.4320431599765402,0.4651770174550951,0.03351501651777273,N2,identity
"(3, 6, 9)",0.9788639618129475,31.870454303643218,0.5577869037235145,0.4651770174550951,0.03351501651777273,N2,identity
"(3, 7, 8)",0.9788648172146904,27.133941327647904,0.49049689491644577,0.46064122049936795,0.03351501651777273,N2,identity
"(3, 7, 9)",0.9394902763932316,51.57122019664939,0.61624063866342,0.46064122049936795,0.03351501651777273,N2,identity
"(3, 8, 9)",0.9788639618129475,31.870454303643218,0.9898300637000547,0.46064122049936795,0.03351501651777273,N2,identity
"(4, 5, 6)",0.7962485851786193,113.99971569494484,2.547985835484871e-33,0.5001819759748559,0.022851728721789175,N2,identity
"(4, 5, 7)",0.8020183055023276,106.66698534184604,0.058453734939905605,0.5001819759748559,0.022851728721789175,N2,identity
"(4, 5, 8)",0.9581210331383864,46.02280850293994,0.4320431599765402,0.5001819759748559,0.022851728721789175,N2,identity
"(4, 5, 9)",0.9788639618129475,31.870454303643218,0.5577869037235145,0.5001819759748559,0.022851728721789175,N2,identity
"(4, 6, 7)",0.8020183055023276,106.66698534184604,0.058453734939905605,0.4651770174550962,0.022851728721789175,N2,identity
"(4, 6, 8)",0.9581210331383864,46.02280850293994,0.4320431599765402,0.4651770174550962,0.022851728721789175,N2,identity
"(4, 6, 9)",0.9788639618129475,31.870454303643218,0.5577869037235145,0.4651770174550962,0.022851728721789175,N2,identity
"(4, 7, 8)",0.9788648172146904,27.133941327647904,0.49049689491644577,0.4651770174550962,0.022851728721789175,N2,identity
"(4, 7, 9)",0.9394902763932316,51.57122019664939,0.61624063866342,0.4651770174550962,0.022851728721789175,N2,identity
"(4, 8, 9)",0.9788639618129475,31.870454303643218,0.9898300637000547,0.4651770174550962,0.022851728721789175,N2,identity
"(5, 6, 7)",0.8020183055023276,106.66698534184604,0.058453734939905605,0.058285563949618535,0.022851728721789175,N2,identity
"(5, 6, 8)",0.9581210331383864,46.02280850293994,0.4320431599765402,0.058285563949618535,0.022851728721789175,N2,identity
"(5, 6, 9)",0.9788639618129475,31.870454303643218,0.5577869037235145,0.058285563949618535,0.022851728721789175,N2,identity
"(5, 7, 8)",0.9788648172146904,27.133941327647904,0.49049689491644577,0.05374976699389139,0.022851728721789175,N2,identity
"(5, 7, 9)",0.9394902763932316,51.57122019664939,0.61624063866342,0.05374976699389139,0.022851728721789175,N2,identity
"(5, 8, 9)",0.9788639618129475,31.870454303643218,0.9898300637000547,0.05374976699389139,0.022851728721789175,N2,identity
"(6, 7, 8)",0.9788648172146904,27.133941327647904,0.49049689491644577,0.004535796955727146,0.022851728721789175,N2,identity
"(6, 7, 9)",0.9394902763932316,51.57122019664939,0.61624063866342,0.004535796955727146,0.022851728721789175,N2,identity
"(6, 8, 9)",0.9788639618129475,31.870454303643218,0.9898300637000547,0.004535796955727146,0.022851728721789175,N2,identity
"(7, 8, 9)",0.9788515552522662,29.259903314340363,1.0482837986399602,0.0,0.022851728721789175,N2,identity
"(2, 4, 6)",0.8020183055023274,106.66698534174655,0.058453734939905605,0.5420546157498,0.03351501651777273,N2,reverse
"(2, 4, 5)",0.8020183055023274,106.66698534174655,0.058453734939905605,0.5689294992467457,0.03351501651777273,N2,reverse
"(2, 5, 8)",0.9781335524780966,29.068263305447317,0.49049689491644577,0.4840856617885482,0.03351501651777273,N2,reverse
"(3, 5, 7)",0.8020183055023276,106.66698534184604,0.058453734939905605,0.4956461790191277,0.03351501651777273,N2,reverse
"(0, 3, 9)",0.965979281459412,46.56101398974499,1.1155738074470287,0.500018140115534,0.03351501651777273,N2,reverse
"(2, 5, 9)",0.9558504132451004,33.0299463829391,0.61624063866342,0.4840856617885482,0.03351501651777273,N2,reverse
"(0, 2, 3)",0.965979281459412,46.56101398974499,0.6162406386634199,0.6568840619335357,0.03351501651777273,N2,reverse
"(0, 3, 5)",0.9788639618129475,31.870454303643218,0.5577869037235144,0.5162782901611622,0.03351501651777273,N2,reverse
"(0, 1, 4)",0.9788639618129478,31.870454303643218,0.9898300637000548,0.656884061933536,0.022851728721789175,N2,reverse
"(0, 6, 9)",0.965979281459412,46.56101398974499,1.1155738074470287,0.0742180422766051,0.022851728721789175,N2,reverse
"(2, 3, 5)",0.8020183055023274,106.66698534174655,0.058453734939905605,0.6489178227700424,0.03351501651777273,N2,reverse
"(2, 4, 9)",0.9558504132451004,33.0299463829391,0.61624063866342,0.5420546157498,0.03351501651777273,N2,reverse
"(0, 6, 8)",0.9788639618129475,31.870454303643218,0.9898300637000546,0.0742180422766051,0.022851728721789175,N2,reverse
"(3, 6, 8)",0.9581210331383864,46.02280850293994,0.4320431599765402,0.4651770174550951,0.03351501651777273,N2,reverse
"(2, 3, 7)",0.8030626249760254,104.01992929894276,0.11690746987981121,0.6407877477472284,0.03351501651777273,N2,reverse
"(3, 6, 9)",0.9788639618129475,31.870454303643218,0.5577869037235145,0.4651770174550951,0.03351501651777273,N2,reverse
"(7, 8, 9)",0.9788515552522662,29.259903314340363,1.0482837986399602,0.0,0.022851728721789175,N2,reverse
"(1, 5, 6)",0.9581210331383864,46.02280850293994,0.4320431599765404,0.48408566178854795,0.022851728721789175,N2,reverse
"(1, 2, 7)",0.9788648172146902,27.133941327647904,0.5489506298563516,0.6532289511303674,0.03351501651777273,N2,reverse
"(0, 5, 8)",0.9788639618129475,31.870454303643218,0.9898300637000546,0.09047819232223317,0.022851728721789175,N2,reverse
"(1, 2, 9)",0.9788639618129475,31.870454303643218,1.0482837986399605,0.6532289511303674,0.03351501651777273,N2,reverse
"(0, 1, 9)",0.9831497139805824,24.267038653349005,1.5476169674235694,0.5081482151383485,0.022851728721789175,N2,reverse
"(3, 8, 9)",0.9788639618129475,31.870454303643218,0.9898300637000547,0.46064122049936795,0.03351501651777273,N2,reverse
"(2, 3, 4)",0.8020183055023274,106.66698534174655,0.058453734939905605,0.677291504480168,0.03351501651777273,N2,reverse
"(2, 6, 7)",0.8030626249760254,104.01992929894276,0.11690746987981121,0.45721077829160256,0.03351501651777273,N2,reverse
"(0, 3, 6)",0.9788639618129475,31.870454303643218,0.5577869037235144,0.500018140115534,0.03351501651777273,N2,reverse
"(0, 1, 3)",0.9788639618129478,31.870454303643218,0.9898300637000548,0.5768957384102383,0.03351501651777273,N2,reverse
"(3, 5, 6)",0.7962485851786193,113.99971569494484,3.066798202155826e-33,0.5001819759748548,0.03351501651777273,N2,reverse
"(0, 3, 8)",0.9788639618129475,31.870454303643218,0.9898300637000546,0.500018140115534,0.03351501651777273,N2,reverse
"(1, 3, 8)",0.9562949301626548,51.781914492949,0.8640863199530806,0.5375188187940723,0.03351501651777273,N2,reverse
"(1, 3, 9)",0.9788639618129475,31.870454303643218,0.9898300637000549,0.5375188187940723,0.03351501651777273,N2,reverse
"(0, 1, 2)",0.9806563594670196,28.84444850734269,1.0482837986399605,0.685421579502982,0.03351501651777273,N2,reverse
"(5, 8, 9)",0.9788639618129475,31.870454303643218,0.9898300637000547,0.05374976699389139,0.022851728721789175,N2,reverse
"(3, 4, 5)",0.7962485851786193,113.99971569494484,1.3426945516619363e-33,0.685421579502982,0.03351501651777273,N2,reverse
"(2, 3, 6)",0.8020183055023274,106.66698534174655,0.058453734939905605,0.6407877477472284,0.03351501651777273,N2,reverse
"(0, 8, 9)",0.9762021976868116,31.307073886935655,1.547616967423569,0.0742180422766051,0.022851728721789175,N2,reverse
"(4, 5, 9)",0.9788639618129475,31.870454303643218,0.5577869037235145,0.5001819759748559,0.022851728721789175,N2,reverse
"(1, 5, 9)",0.9788639618129475,31.870454303643218,0.9898300637000549,0.47954986483282086,0.022851728721789175,N2,reverse
"(3, 5, 8)",0.9581210331383864,46.02280850293994,0.4320431599765402,0.4956461790191277,0.03351501651777273,N2,reverse
"(5, 6, 9)",0.9788639618129475,31.870454303643218,0.5577869037235145,0.058285563949618535,0.022851728721789175,N2,reverse
"(2, 4, 6)",0.964392756715518,45.75080481754412,0.058453734939905605,0.5622086078588664,0.04696164652674482,N2,r039
"(2, 4, 5)",0.964392756715518,45.75080481754412,0.058453734939905605,0.5622086078588664,0.04696164652674482,N2,r039
"(2, 5, 8)",0.973211483030115,37.2598280890486,0.49049689491644577,0.477364770400669,0.04696164652674482,N2,r039
"(3, 5, 7)",0.9645794364322232,41.59491381363978,0.058453734939905605,0.47282897344494124,0.04696164652674482,N2,r039
"(0, 3, 9)",0.9629211927822986,48.084568788738125,1.1155738074470287,0.485272009146057,0.0035661381802462116,N2,r039
"(2, 5, 9)",0.9620023579000732,49.22033479513743,0.61624063866342,0.4853706401499202,0.005231500469803618,N2,r039
"(0, 2, 3)",0.9632309741275616,50.33715381054549,0.6162406386634199,0.6502028011314145,0.005177445729020112,N2,r039
"(0, 3, 5)",0.9620186330560144,51.71034096474614,0.5577869037235144,0.4934020841688711,0.04693736897280722,N2,r039
"(0, 1, 4)",0.9762021976868118,31.307073886935655,0.9898300637000548,0.6340078559412449,0.0035661381802462116,N2,r039
"(0, 6, 9)",0.9629211927822986,48.084568788738125,1.1155738074470287,0.059471911307127985,0.0035661381802462116,N2,r039
"(2, 3, 5)",0.964392756715518,45.75080481754412,0.058453734939905605,0.6261006171958559,0.04696164652674482,N2,r039
"(2, 4, 9)",0.9620023579000732,49.22033479513743,0.61624063866342,0.5702144776081177,0.005231500469803618,N2,r039
"(0, 6, 8)",0.972737887074901,39.53086646883719,0.9898300637000546,0.059471911307127985,0.003518839363173015,N2,r039
"(3, 6, 8)",0.9570155385460308,49.74748074573654,0.4320431599765402,0.4303358947946562,0.07712953854633722,N2,r039
"(2, 3, 7)",0.9674939870277988,38.688189150647645,0.11690746987981121,0.6261006171958559,0.04696164652674482,N2,r039
"(3, 6, 9)",0.9620023579000732,49.22033479513743,0.5577869037235145,0.4504308864856181,0.0035661381802462116,N2,r039
"(7, 8, 9)",0.9586843253266693,53.32064297364525,1.0482837986399602,0.02815986185831762,0.005231500469803618,N2,r039
"(1, 5, 6)",0.942393460578674,68.95021345904695,0.4320431599765404,0.4572107782916023,0.06557805021550542,N2,r039
"(1, 2, 7)",0.9647967029331338,44.664896552149,0.5489506298563516,0.6465080597424882,0.0035904157341838184,N2,r039
"(0, 5, 8)",0.972737887074901,39.53086646883719,0.9898300637000546,0.06760198632994201,0.003518839363173015,N2,r039
"(1, 2, 9)",0.9762021976868118,31.307073886935655,1.0482837986399605,0.6545139294917394,0.005231500469803618,N2,r039
"(0, 1, 9)",0.9762021976868116,31.307073886935655,1.5476169674235694,0.4852720091460574,0.0035661381802462116,N2,r039
"(3, 8, 9)",0.9692307391254824,44.76206515614933,0.9898300637000547,0.44589508952989093,0.0035661381802462116,N2,r039
"(2, 3, 4)",0.964392756715518,45.75080481754412,0.058453734939905605,0.6626043739287955,0.04696164652674482,N2,r039
"(2, 6, 7)",0.9674939870277988,38.688189150647645,0.11690746987981121,0.477364770400669,0.04696164652674482,N2,r039
"(0, 3, 6)",0.9620186330560144,51.71034096474614,0.5577869037235144,0.485272009146057,0.04693736897280722,N2,r039
"(0, 1, 3)",0.9762021976868118,31.307073886935655,0.9898300637000548,0.5540195324179472,0.0035661381802462116,N2,r039
"(3, 5, 6)",0.9571792171749968,49.68586330053881,3.066798202155826e-33,0.4572107782916019,0.07712953854633722,N2,r039
"(0, 3, 8)",0.972737887074901,39.53086646883719,0.9898300637000546,0.485272009146057,0.04693736897280722,N2,r039
"(1, 3, 8)",0.9570155385460308,49.74748074573654,0.8640863199530806,0.4945476211108193,0.06557805021550542,N2,r039
"(1, 3, 9)",0.9629024200878444,47.068027818241376,0.9898300637000549,0.5146426128017811,0.0035661381802462116,N2,r039
"(0, 1, 2)",0.9762021976868116,31.307073886935655,1.0482837986399605,0.6706102436780467,0.005231500469803618,N2,r039
"(5, 8, 9)",0.9692307391254824,44.76206515614933,0.9898300637000547,0.04696987518790746,0.0035661381802462116,N2,r039
"(3, 4, 5)",0.9571792171749968,49.68586330053881,1.3426945516619363e-33,0.642450381819729,0.07618728327070547,N2,r039
"(2, 3, 6)",0.964392756715518,45.75080481754412,0.058453734939905605,0.6261006171958559,0.04696164652674482,N2,r039
"(0, 8, 9)",0.9707238680482776,38.886291139135665,1.547616967423569,0.059471911307127985,0.0035661381802462116,N2,r039
"(4, 5, 9)",0.9620023579000732,49.22033479513743,0.5577869037235145,0.4934020841688721,0.0035661381802462116,N2,r039
"(1, 5, 9)",0.9629024200878444,47.068027818241376,0.9898300637000549,0.472769973026837,0.0035661381802462116,N2,r039
"(3, 5, 8)",0.9570155385460308,49.74748074573654,0.4320431599765402,0.4526749813358748,0.07712953854633722,N2,r039
"(5, 6, 9)",0.9620023579000732,49.22033479513743,0.5577869037235145,0.05150567214363461,0.0035661381802462116,N2,r039
