 &FCI NORB=  12,NELEC=12,MS2=0,
  ORBSYM=1,1,1,1,1,1,1,1,1,1,1,1,
  ISYM=1,
 &END
 0.4365512034042628    1    1    1    1
 -0.02268463244913844    2    1    1    1
 0.01337342265748798    2    1    2    1
 0.3984643219888558    2    2    1    1
 -0.02268463481782506    2    2    2    1
 0.4365512803677549    2    2    2    2
 0.02268464967307647    3    1    1    1
 -0.001146385620432637    3    1    2    1
 0.02944124590557184    3    1    2    2
 0.01337342641035033    3    1    3    1
 0.04236151831618198    3    2    1    1
 -0.002498490126306219    3    2    2    1
 0.03911803936142104    3    2    2    2
 0.002498494353011925    3    2    3    1
 0.01596595403239144    3    2    3    2
 0.3984642873282668    3    3    1    1
 -0.02944122092852105    3    3    2    1
 0.3899589852649773    3    3    2    2
 0.02268463858619428    3    3    3    1
 0.03911804417371376    3    3    3    2
 0.4365512041007009    3    3    3    3
 -0.03911804909728167    4    1    1    1
 0.0037754886187786    4    1    2    1
 -0.03161828354188097    4    1    2    2
 -0.002498488996340562    4    1    3    1
 -0.008754390653476333    4    1    3    2
 -0.04236151253378012    4    1    3    3
 0.01596595076536704    4    1    4    1
 -0.0316182297206523    4    2    1    1
 0.003775478498519893    4    2    2    1
 -0.03911801034423389    4    2    2    2
 -0.004532761022263548    4    2    3    1
 -0.006280243624509014    4    2    3    2
 -0.03161823664325182    4    2    3    3
 0.006280242118525525    4    2    4    1
 0.015965945773363    4    2    4    2
 0.02944120135299448    4    3    1    1
 -0.005227221535316109    4    3    2    1
 0.02270577837659637    4    3    2    2
 0.001146387827768722    4    3    3    1
 0.003775482038035257    4    3    3    2
 0.02268461354564758    4    3    3    3
 -0.002498489531245335    4    3    4    1
 -0.003775470773442661    4    3    4    2
 0.0133734196300703    4    3    4    3
 0.3899589655104973    4    4    1    1
 -0.02270579831779218    4    4    2    1
 0.3899590332702467    4    4    2    2
 0.02944123509692641    4    4    3    1
 0.03161829045871472    4    4    3    2
 0.398464332394876    4    4    3    3
 -0.03911803195569218    4    4    4    1
 -0.03911801261662316    4    4    4    2
 0.02268460749749473    4    4    4    3
 0.4365512565375929    4    4    4    4
 -0.006778774377437287    5    1    1    1
 0.001345246857300053    5    1    2    1
 -0.007260619471092712    5    1    2    2
 -0.001345243032890281    5    1    3    1
 0.001047185086920694    5    1    3    2
 -0.007260648604673758    5    1    3    3
 9.038337775173672e-05    5    1    4    1
 0.004284659274250982    5    1    4    2
 -0.002527818685290443    5    1    4    3
 -0.01706127969005995    5    1    4    4
 0.01193497646391108    5    1    5    1
 -0.007260671384152738    5    2    1    1
 0.001345252066481863    5    2    2    1
 -0.006778821085048767    5    2    2    2
 -0.00252781156969313    5    2    3    1
 -9.041291992505405e-05    5    2    3    2
 -0.01706134448217105    5    2    3    3
 0.004284685269746975    5    2    4    1
 9.041147126536028e-05    5    2    4    2
 -0.0003686032109353648    5    2    4    3
 -0.01706133342562603    5    2    4    4
 0.000941725170862554    5    2    5    1
 0.01193498709142288    5    2    5    2
 0.007260662724921132    5    3    1    1
 -0.002527819733600729    5    3    2    1
 0.01706129582826615    5    3    2    2
 0.001345245202654283    5    3    3    1
 9.03922072219862e-05    5    3    3    2
 0.006778780521111311    5    3    3    3
 0.00104718194064385    5    3    4    1
 -0.004284663173172261    5    3    4    2
 0.001345248667674932    5    3    4    3
 0.007260620860168936    5    3    4    4
 -0.0009416994781888787    5    3    5    1
 0.004006057972197553    5    3    5    2
 0.01193497862293223    5    3    5    3
 -0.0170613508657176    5    4    1    1
 0.0003686038832450813    5    4    2    1
 -0.01706133870719152    5    4    2    2
 -0.002527819595749667    5    4    3    1
 -0.004284689011588981    5    4    3    2
 -0.007260674313569403    5    4    3    3
 9.041532439324788e-05    5    4    4    1
 9.041140015439668e-05    5    4    4    2
 -0.00134525388548973    5    4    4    3
 -0.006778819667796381    5    4    4    4
 -0.004006054020969924    5    4    5    1
 -0.004006064586528572    5    4    5    2
 -0.0009417306468906512    5    4    5    3
 0.01193498831499475    5    4    5    4
 0.4521609870964858    5    5    1    1
 -0.02773608880102289    5    5    2    1
 0.4521610201047678    5    5    2    2
 0.02773609558381717    5    5    3    1
 0.05518919565546978    5    5    3    2
 0.4521609953158129    5    5    3    3
 -0.0551891896325532    5    5    4    1
 -0.0551891448481376    5    5    4    2
 0.0277360558955944    5    5    4    3
 0.4521610200466187    5    5    4    4
 -0.01355572270522359    5    5    5    1
 -0.01355590443636939    5    5    5    2
 0.01355575243234605    5    5    5    3
 -0.01355590810814243    5    5    5    4
 0.5949087632673254    5    5    5    5
 0.03911807763947164    6    1    1    1
 -0.00249849669494521    6    1    2    1
 0.04236154765339053    6    1    2    2
 0.003775494872381654    6    1    3    1
 0.008754384504541498    6    1    3    2
 0.03161830938443871    6    1    3    3
 -0.006280261283643122    6    1    4    1
 -0.008754388456845919    6    1    4    2
 0.004532763198452109    6    1    4    3
 0.03161833779730897    6    1    4    4
 -9.039148820855709e-05    6    1    5    1
 0.001047157757971864    6    1    5    2
 0.004284670537998375    6    1    5    3
 -0.004284687156590121    6    1    5    4
 0.05518923795939374    6    1    5    5
 0.01596595671313787    6    1    6    1
 0.02944120349943315    6    2    1    1
 -0.001146384118088479    6    2    2    1
 0.02268463199669854    6    2    2    2
 0.005227232156381744    6    2    3    1
 0.003775479824538046    6    2    3    2
 0.02270580616650839    6    2    3    3
 -0.004532763296396528    6    2    4    1
 -0.002498484664399143    6    2    4    2
 0.005227218212218768    6    2    4    3
 0.02944124019563145    6    2    4    4
 -0.002527829337810666    6    2    5    1
 -0.001345250280671491    6    2    5    2
 0.0003686006565803259    6    2    5    3
 -0.002527811679266885    6    2    5    4
 0.0277360790166656    6    2    5    5
 0.002498493544415265    6    2    6    1
 0.01337342430737683    6    2    6    2
 -0.03161828061694343    6    3    1    1
 0.004532767209581071    6    3    2    1
 -0.03161831108522856    6    3    2    2
 -0.003775486988466683    6    3    3    1
 -0.006280255891390811    6    3    3    2
 -0.03911806067638757    6    3    3    3
 0.008754377660471801    6    3    4    1
 0.008754383067808307    6    3    4    2
 -0.002498487303414039    6    3    4    3
 -0.04236152531344314    6    3    4    4
 0.004284663112375719    6    3    5    1
 0.004284687640915072    6    3    5    2
 -9.0390759941065e-05    6    3    5    3
 -0.001047160481244992    6    3    5    4
 -0.05518920406800589    6    3    5    5
 -0.00628027014135399    6    3    6    1
 -0.003775490330770548    6    3    6    2
 0.01596594826531707    6    3    6    3
 0.02270579820040499    6    4    1    1
 -0.005227222511506107    6    4    2    1
 0.02944123573484068    6    4    2    2
 0.00522722680216124    6    4    3    1
 0.004532760146184717    6    4    3    2
 0.02944120027627261    6    4    3    3
 -0.003775474548790595    6    4    4    1
 -0.002498483380135844    6    4    4    2
 0.001146385952230289    6    4    4    3
 0.02268462110693289    6    4    4    4
 -0.0003686006266914936    6    4    5    1
 -0.002527809180620205    6    4    5    2
 0.002527829004920195    6    4    5    3
 -0.001345251377655567    6    4    5    4
 0.02773606733566935    6    4    5    5
 0.003775490882415334    6    4    6    1
 0.001146391191376932    6    4    6    2
 -0.002498491096334622    6    4    6    3
 0.01337342378283388    6    4    6    4
 0.01706124243670895    6    5    1    1
 -0.00252783641821958    6    5    2    1
 0.007260600690805305    6    5    2    2
 0.000368602889183249    6    5    3    1
 0.004284638629781882    6    5    3    2
 0.0170612396253916    6    5    3    3
 -0.004284641669011375    6    5    4    1
 0.001047200291020954    6    5    4    2
 0.002527836179505451    6    5    4    3
 0.007260604447183094    6    5    4    4
 0.004006033632881448    6    5    5    1
 -0.000941711266339112    6    5    5    2
 -0.004006032055411625    6    5    5    3
 -0.0009417109791050172    6    5    5    4
 0.01355561375831179    6    5    5    5
 9.036643493978067e-05    6    5    6    1
 0.001345242588944194    6    5    6    2
 -9.036642187470506e-05    6    5    6    3
 0.00134524226655971    6    5    6    4
 0.01193496236760938    6    5    6    5
 0.3899588636988396    6    6    1    1
 -0.02944119966207453    6    6    2    1
 0.3984643130278516    6    6    2    2
 0.0227058178093801    6    6    3    1
 0.03161825118094496    6    6    3    2
 0.3899588729607902    6    6    3    3
 -0.03161825198004471    6    6    4    1
 -0.0423614943907441    6    6    4    2
 0.02944117892588733    6    6    4    3
 0.398464314521833    6    6    4    4
 -0.0170612916140798    6    6    5    1
 -0.007260691290944766    6    6    5    2
 0.01706129814490628    6    6    5    3
 -0.007260692486892807    6    6    5    4
 0.4521609566322257    6    6    5    5
 0.03911809560754391    6    6    6    1
 0.02268462369088728    6    6    6    2
 -0.03911806902809822    6    6    6    3
 0.0226846173372761    6    6    6    4
 0.00677875563573305    6    6    6    5
 0.4365511723494204    6    6    6    6
 1.677315575965491e-10    7    1    1    1
 -1.26054908156018e-10    7    1    2    1
 2.338988443924565e-10    7    1    2    2
 1.533625451160854e-11    7    1    3    1
 2.233309037775882e-11    7    1    3    2
 1.057560462929649e-10    7    1    3    3
 3.196349071741195e-11    7    1    4    1
 -3.507621157911065e-11    7    1    4    2
 5.721334753446223e-11    7    1    4    3
 8.965849180938197e-11    7    1    4    4
 -1.640644733553327e-11    7    1    5    1
 2.40771800179704e-11    7    1    5    2
 6.359761594625876e-11    7    1    5    3
 -7.213171066071389e-12    7    1    5    4
 1.395372304936755e-10    7    1    5    5
 9.789601891261052e-11    7    1    6    1
 4.397862624735486e-11    7    1    6    2
 -2.081269755726458e-13    7    1    6    3
 5.868644014131916e-11    7    1    6    4
 3.487434269494654e-11    7    1    6    5
 1.824473218780634e-10    7    1    6    6
 0.00960225728517587    7    1    7    1
 -1.380829377084672e-09    7    2    1    1
 4.56519437187497e-10    7    2    2    1
 -1.484781491907001e-09    7    2    2    2
 -4.088810585145362e-10    7    2    3    1
 -1.592069695805422e-10    7    2    3    2
 -1.410625468709452e-09    7    2    3    3
 7.987934223775044e-11    7    2    4    1
 1.348358982077219e-10    7    2    4    2
 -3.75138630853685e-10    7    2    4    3
 -1.387490073158495e-09    7    2    4    4
 4.242891622703135e-11    7    2    5    1
 1.188128469891091e-10    7    2    5    2
 -9.536600609889828e-11    7    2    5    3
 8.625351872016942e-11    7    2    5    4
 -1.400805299031583e-09    7    2    5    5
 -1.310860761213766e-10    7    2    6    1
 -4.206244174327665e-10    7    2    6    2
 7.632024266723109e-11    7    2    6    3
 -4.159145731904103e-10    7    2    6    4
 -7.208238817828656e-11    7    2    6    5
 -1.33440867923166e-09    7    2    6    6
 -0.006895619694501567    7    2    7    1
 0.08890134376100707    7    2    7    2
 -6.312480684164256e-10    7    3    1    1
 1.848329905718576e-10    7    3    2    1
 -6.305667963765524e-10    7    3    2    2
 -2.082479687243569e-10    7    3    3    1
 -1.639453457748008e-10    7    3    3    2
 -7.068537175963936e-10    7    3    3    3
 9.707912874859238e-11    7    3    4    1
 3.870377315810085e-11    7    3    4    2
 -1.768499793749972e-10    7    3    4    3
 -5.998283588272713e-10    7    3    4    4
 2.452131351203499e-11    7    3    5    1
 7.286932126698308e-11    7    3    5    2
 -7.657419125293876e-11    7    3    5    3
 4.848079951622204e-11    7    3    5    4
 -6.543183057563256e-10    7    3    5    5
 -5.659831537852676e-11    7    3    6    1
 -1.662978401221092e-10    7    3    6    2
 1.076107984028985e-10    7    3    6    3
 -1.898165821183129e-10    7    3    6    4
 -6.696154933121186e-11    7    3    6    5
 -5.988882880461996e-10    7    3    6    6
 -0.0037120089581242    7    3    7    1
 0.03400842923192852    7    3    7    2
 0.02675731225187215    7    3    7    3
 5.33481708815448e-10    7    4    1    1
 -1.686190959051194e-10    7    4    2    1
 6.146694658811955e-10    7    4    2    2
 1.837905798155844e-10    7    4    3    1
 2.640604859732987e-11    7    4    3    2
 5.455896471208117e-10    7    4    3    3
 -4.112205616981212e-11    7    4    4    1
 -1.715423983920739e-10    7    4    4    2
 1.560469402365062e-10    7    4    4    3
 6.529736950211552e-10    7    4    4    4
 -5.045558607911934e-11    7    4    5    1
 -6.915969023395772e-11    7    4    5    2
 7.119332381785692e-11    7    4    5    3
 -6.401159688140146e-11    7    4    5    4
 5.964340786348157e-10    7    4    5    5
 6.564887391499081e-11    7    4    6    1
 1.737371596787496e-10    7    4    6    2
 -7.791812419635367e-11    7    4    6    3
 2.434917509687937e-10    7    4    6    4
 4.860909471730116e-12    7    4    6    5
 6.391424829831058e-10    7    4    6    6
 0.003234663426468266    7    4    7    1
 -0.03138296413287033    7    4    7    2
 -0.01549319644814955    7    4    7    3
 0.02305791892595227    7    4    7    4
 -5.643524302258323e-11    7    5    1    1
 3.111588502030804e-11    7    5    2    1
 -1.555434624149209e-11    7    5    2    2
 -2.202347764326437e-13    7    5    3    1
 1.747900917198494e-11    7    5    3    2
 -5.23270458308411e-11    7    5    3    3
 -2.893354968231903e-11    7    5    4    1
 -5.080814038291418e-12    7    5    4    2
 4.715195503903616e-13    7    5    4    3
 -6.030233599249518e-11    7    5    4    4
 1.008086635588897e-11    7    5    5    1
 -5.051001363695912e-11    7    5    5    2
 1.28611117347425e-11    7    5    5    3
 7.437815510562826e-12    7    5    5    4
 -3.43198904029396e-11    7    5    5    5
 -4.369441522527846e-12    7    5    6    1
 -5.169038511880856e-11    7    5    6    2
 -2.615470595333016e-11    7    5    6    3
 -9.975398754007843e-12    7    5    6    4
 1.928761796367022e-11    7    5    6    5
 -3.552529219081205e-11    7    5    6    6
 -0.001120043832368471    7    5    7    1
 0.0111293924657559    7    5    7    2
 0.0001646989273023693    7    5    7    3
 -0.002160695871405095    7    5    7    4
 0.01237125786118367    7    5    7    5
 6.790099020206251e-10    7    6    1    1
 -2.09729580326752e-10    7    6    2    1
 6.154975580908482e-10    7    6    2    2
 1.780608011894731e-10    7    6    3    1
 2.979614551490573e-11    7    6    3    2
 7.487024231795111e-10    7    6    3    3
 -4.325509470873572e-11    7    6    4    1
 -6.485829766643499e-11    7    6    4    2
 1.9999107380742e-10    7    6    4    3
 7.339821377824464e-10    7    6    4    4
 -3.099604701829477e-11    7    6    5    1
 -5.833922569095092e-11    7    6    5    2
 5.458069659270757e-11    7    6    5    3
 1.618807704550843e-11    7    6    5    4
 7.178577268469239e-10    7    6    5    5
 3.336726292269222e-11    7    6    6    1
 1.616859997297859e-10    7    6    6    2
 -1.077815491571748e-10    7    6    6    3
 2.56368162193759e-10    7    6    6    4
 6.178210736937416e-11    7    6    6    5
 7.516511365538723e-10    7    6    6    6
 0.003622603180779621    7    6    7    1
 -0.04094395867177539    7    6    7    2
 -0.0171434528004178    7    6    7    3
 0.0165329374016253    7    6    7    4
 -0.00504382327450644    7    6    7    5
 0.03042482614902189    7    6    7    6
 0.3750612285244261    7    7    1    1
 -0.02628511642632248    7    7    2    1
 0.3905392796075848    7    7    2    2
 0.02478567117581945    7    7    3    1
 0.03757094263187513    7    7    3    2
 0.3828819481462076    7    7    3    3
 -0.03329595228495175    7    7    4    1
 -0.03820182113890174    7    7    4    2
 0.02065565545124716    7    7    4    3
 0.3783414996796039    7    7    4    4
 -0.008145540920260118    7    7    5    1
 -0.008431528842448048    7    7    5    2
 0.01326570164521925    7    7    5    3
 -0.01051917676539068    7    7    5    4
 0.442374652255503    7    7    5    5
 0.03640692680879267    7    7    6    1
 0.01979467186923866    7    7    6    2
 -0.03551969116055023    7    7    6    3
 0.02858039603612624    7    7    6    4
 0.007556943933609516    7    7    6    5
 0.3808954272864451    7    7    6    6
 -4.647492238594476e-11    7    7    7    1
 1.086343808363185e-09    7    7    7    2
 4.444558900232738e-10    7    7    7    3
 -3.911864953537421e-10    7    7    7    4
 2.279069733126664e-10    7    7    7    5
 -5.858446613273371e-10    7    7    7    6
 0.3939632729394533    7    7    7    7
 -7.214783022802178e-10    8    1    1    1
 1.759041080439982e-10    8    1    2    1
 -6.096502958674537e-10    8    1    2    2
 -2.299988098192609e-10    8    1    3    1
 -9.647183099341246e-11    8    1    3    2
 -6.65274469861113e-10    8    1    3    3
 1.734858183535592e-10    8    1    4    1
 3.504947490610506e-11    8    1    4    2
 -1.921618553287996e-10    8    1    4    3
 -6.594233509665491e-10    8    1    4    4
 7.685678049885607e-11    8    1    5    1
 5.766759364626824e-11    8    1    5    2
 -1.739632505276407e-11    8    1    5    3
 7.501619634856781e-11    8    1    5    4
 -6.673018718904951e-10    8    1    5    5
 -8.878894867510529e-11    8    1    6    1
 -1.959083738620085e-10    8    1    6    2
 6.082732373390692e-11    8    1    6    3
 -1.763905326054099e-10    8    1    6    4
 -6.380027865917153e-11    8    1    6    5
 -6.068642306235104e-10    8    1    6    6
 -0.002860399119068888    8    1    7    1
 0.03123555907752063    8    1    7    2
 0.01961110712062524    8    1    7    3
 -0.01523239896881384    8    1    7    4
 0.0004877722516522078    8    1    7    5
 -0.01360257594093392    8    1    7    6
 4.040216147970076e-10    8    1    7    7
 0.0272023581890508    8    1    8    1
 -5.829400699344266e-10    8    2    1    1
 1.657472263163281e-10    8    2    2    1
 -6.941748607677322e-10    8    2    2    2
 -1.922934618671589e-10    8    2    3    1
 -6.54278212712971e-11    8    2    3    2
 -5.770029756070834e-10    8    2    3    3
 2.92697057533068e-11    8    2    4    1
 1.767200216854501e-10    8    2    4    2
 -1.747425435865847e-10    8    2    4    3
 -6.463063301180623e-10    8    2    4    4
 6.639362500848613e-11    8    2    5    1
 7.046821268004357e-11    8    2    5    2
 -5.658633171666462e-11    8    2    5    3
 7.340683926929508e-11    8    2    5    4
 -6.395604493771347e-10    8    2    5    5
 -8.938058470408883e-11    8    2    6    1
 -2.379242021246434e-10    8    2    6    2
 6.341487981418178e-11    8    2    6    3
 -1.857077259102288e-10    8    2    6    4
 -1.131250888541747e-11    8    2    6    5
 -6.587374416230448e-10    8    2    6    6
 -0.003484616494491363    8    2    7    1
 0.03610224977711266    8    2    7    2
 0.01705883535144768    8    2    7    3
 -0.02122491183048283    8    2    7    4
 0.003600477164143778    8    2    7    5
 -0.01421685789029807    8    2    7    6
 4.402037150005642e-10    8    2    7    7
 0.01691992986501679    8    2    8    1
 0.02547677942419969    8    2    8    2
 -1.518766504188495e-10    8    3    1    1
 2.0046606974742e-11    8    3    2    1
 -1.675328735968288e-10    8    3    2    2
 -6.798639106251956e-11    8    3    3    1
 -5.872581780641003e-11    8    3    3    2
 -1.135049841325466e-10    8    3    3    3
 5.207028433359033e-12    8    3    4    1
 -1.535712260607439e-11    8    3    4    2
 4.210161993246874e-11    8    3    4    3
 -1.999525122956684e-11    8    3    4    4
 -5.138740817363881e-11    8    3    5    1
 1.29141233253417e-11    8    3    5    2
 -8.071118017539103e-12    8    3    5    3
 3.642376907745508e-11    8    3    5    4
 -1.233306749858785e-10    8    3    5    5
 -1.331585814113348e-11    8    3    6    1
 -1.254415483356608e-11    8    3    6    2
 -5.719004651229721e-11    8    3    6    3
 -3.37042203444391e-11    8    3    6    4
 1.50130535725251e-11    8    3    6    5
 -7.924196913891171e-11    8    3    6    6
 0.003047182729987067    8    3    7    1
 0.01227948808304104    8    3    7    2
 0.004059118459725941    8    3    7    3
 -0.002662068126683801    8    3    7    4
 0.002295936351920252    8    3    7    5
 -0.004651268916152239    8    3    7    6
 1.603903599475734e-10    8    3    7    7
 0.003105461545371207    8    3    8    1
 0.002742606023250585    8    3    8    2
 0.009727784982170723    8    3    8    3
 1.497288765651295e-09    8    4    1    1
 -3.988813326612057e-10    8    4    2    1
 1.48883173311045e-09    8    4    2    2
 4.400213159347573e-10    8    4    3    1
 8.919477449584429e-11    8    4    3    2
 1.465908083778195e-09    8    4    3    3
 -1.584015819667405e-10    8    4    4    1
 -1.527161001858228e-10    8    4    4    2
 4.82693068110923e-10    8    4    4    3
 1.595430304146281e-09    8    4    4    4
 -1.018586672495511e-10    8    4    5    1
 -9.537650917061009e-11    8    4    5    2
 5.439313987157207e-11    8    4    5    3
 -1.284304933999311e-10    8    4    5    4
 1.498534899701719e-09    8    4    5    5
 8.805937881054379e-11    8    4    6    1
 4.400529167653043e-10    8    4    6    2
 -1.354634666689226e-10    8    4    6    3
 4.699343840065566e-10    8    4    6    4
 6.720918892304922e-11    8    4    6    5
 1.448298498442278e-09    8    4    6    6
 0.001393443325356297    8    4    7    1
 -0.07828794093852447    8    4    7    2
 -0.03362114430959568    8    4    7    3
 0.03575992465177982    8    4    7    4
 -0.007004272018643678    8    4    7    5
 0.04182040505405867    8    4    7    6
 -1.027520599831367e-09    8    4    7    7
 -0.03732485513395646    8    4    8    1
 -0.03590305791509665    8    4    8    2
 -0.008298663733030235    8    4    8    3
 0.1002587160975775    8    4    8    4
 5.501030044111508e-11    8    5    1    1
 6.529075265157592e-13    8    5    2    1
 5.727511411431653e-11    8    5    2    2
 1.612487803758876e-12    8    5    3    1
 -2.814573491353117e-11    8    5    3    2
 5.078310033934028e-11    8    5    3    3
 1.358354199036875e-11    8    5    4    1
 9.331541842422775e-12    8    5    4    2
 3.972975122377935e-11    8    5    4    3
 1.293992484004896e-11    8    5    4    4
 6.053650058204407e-12    8    5    5    1
 1.064663332514062e-14    8    5    5    2
 2.648961961278417e-12    8    5    5    3
 5.501026321275997e-11    8    5    5    4
 3.436040910644447e-11    8    5    5    5
 -2.710242846323697e-11    8    5    6    1
 4.841638409904699e-12    8    5    6    2
 -5.159287976095382e-12    8    5    6    3
 4.665502225961759e-11    8    5    6    4
 -6.635238241124569e-12    8    5    6    5
 4.361613640302137e-11    8    5    6    6
 -0.002061207156977519    8    5    7    1
 -0.005900124383395459    8    5    7    2
 -0.001354771207685249    8    5    7    3
 0.002765003454650992    8    5    7    4
 0.001206206366798698    8    5    7    5
 0.007476633044802553    8    5    7    6
 -1.604839767939287e-10    8    5    7    7
 -0.0008379753941749138    8    5    8    1
 -0.001537557020314182    8    5    8    2
 -0.0004842568914964795    8    5    8    3
 0.01202635066602162    8    5    8    4
 0.01238915983837104    8    5    8    5
 -4.4901603777558e-10    8    6    1    1
 1.058269985041012e-10    8    6    2    1
 -4.331333629165152e-10    8    6    2    2
 -9.214225169829827e-11    8    6    3    1
 -2.869110696712666e-11    8    6    3    2
 -3.695938741442819e-10    8    6    3    3
 5.464485375654483e-12    8    6    4    1
 3.477277809884471e-11    8    6    4    2
 -1.197749630029127e-10    8    6    4    3
 -3.067630481121188e-10    8    6    4    4
 3.455931959347612e-11    8    6    5    1
 -3.595505816638469e-11    8    6    5    2
 -6.563374971255338e-12    8    6    5    3
 4.821196626309212e-11    8    6    5    4
 -4.120204993546726e-10    8    6    5    5
 -8.554029151654403e-11    8    6    6    1
 -1.581307364412804e-10    8    6    6    2
 -1.384932006083641e-11    8    6    6    3
 -5.541073244347344e-11    8    6    6    4
 -3.468549266434142e-11    8    6    6    5
 -4.228917104357179e-10    8    6    6    6
 -0.001253040577101504    8    6    7    1
 0.02307536095941016    8    6    7    2
 0.006275963380918342    8    6    7    3
 -0.005163404462734378    8    6    7    4
 0.00610618389122712    8    6    7    5
 -0.01223632847134634    8    6    7    6
 2.881607348403446e-10    8    6    7    7
 0.009988215496051353    8    6    8    1
 0.01018731632015744    8    6    8    2
 0.002108774414054023    8    6    8    3
 -0.02548471511913356    8    6    8    4
 -0.002590531686975718    8    6    8    5
 0.0162641553359536    8    6    8    6
 0.06674742596027053    8    7    1    1
 -0.006582737783337011    8    7    2    1
 0.07755569978418946    8    7    2    2
 0.01257454664562621    8    7    3    1
 0.01395702104751641    8    7    3    2
 0.06908844216633263    8    7    3    3
 -0.01341131164033786    8    7    4    1
 -0.01862419606953615    8    7    4    2
 0.005628886846866098    8    7    4    3
 0.07725361566237843    8    7    4    4
 -0.00444776291975177    8    7    5    1
 -0.005453982362936692    8    7    5    2
 0.004860799371436765    8    7    5    3
 -0.004807794894817146    8    7    5    4
 0.0955554822975012    8    7    5    5
 0.01293196776396752    8    7    6    1
 0.009555666518140538    8    7    6    2
 -0.01377487419268584    8    7    6    3
 0.01150128564123934    8    7    6    4
 0.00179344199485161    8    7    6    5
 0.06898368922776185    8    7    6    6
 -3.2707940927404e-12    8    7    7    1
 3.819754797591719e-10    8    7    7    2
 1.810937755812246e-10    8    7    7    3
 -2.191475682289621e-10    8    7    7    4
 6.232484384566618e-11    8    7    7    5
 -1.715378896033723e-10    8    7    7    6
 0.07243606177239895    8    7    7    7
 1.697401984075908e-10    8    7    8    1
 2.287471077845559e-10    8    7    8    2
 6.318159357364039e-11    8    7    8    3
 -4.062725527066929e-10    8    7    8    4
 -6.393958048545446e-11    8    7    8    5
 8.205128082066905e-11    8    7    8    6
 0.0372447684496724    8    7    8    7
 0.3820637344195591    8    8    1    1
 -0.02006213855761552    8    8    2    1
 0.3803561167115528    8    8    2    2
 0.02644801887825935    8    8    3    1
 0.03401231124863183    8    8    3    2
 0.3761505879695269    8    8    3    3
 -0.03821837628625206    8    8    4    1
 -0.03834102200348799    8    8    4    2
 0.02410158595758979    8    8    4    3
 0.3924452010419895    8    8    4    4
 -0.01251749243962733    8    8    5    1
 -0.01159007718185885    8    8    5    2
 0.007678705619024019    8    8    5    3
 -0.008636888692738307    8    8    5    4
 0.4428421280694773    8    8    5    5
 0.03477213530150267    8    8    6    1
 0.02778280874505906    8    8    6    2
 -0.03606196502446065    8    8    6    3
 0.02177773322680926    8    8    6    4
 0.00756009937406069    8    8    6    5
 0.3780479773240421    8    8    6    6
 -1.096884871090621e-11    8    8    7    1
 9.665983945501202e-10    8    8    7    2
 4.114103051415477e-10    8    8    7    3
 -4.081527890645918e-10    8    8    7    4
 1.598086608408024e-10    8    8    7    5
 -4.921840292702694e-10    8    8    7    6
 0.3735075586172075    8    8    7    7
 4.511030432296525e-10    8    8    8    1
 4.269002995232748e-10    8    8    8    2
 1.478909250348099e-10    8    8    8    3
 -1.154478808090202e-09    8    8    8    4
 -2.263244755480012e-10    8    8    8    5
 3.602193766574483e-10    8    8    8    6
 0.07258440950908884    8    8    8    7
 0.3945125378997373    8    8    8    8
 1.281748748601536e-09    9    1    1    1
 -4.030016434174356e-10    9    1    2    1
 1.204959094663315e-09    9    1    2    2
 3.46142353353925e-10    9    1    3    1
 1.134151758750299e-10    9    1    3    2
 1.130917161175243e-09    9    1    3    3
 -1.041484851731545e-10    9    1    4    1
 -7.138767805631949e-11    9    1    4    2
 3.596640119814969e-10    9    1    4    3
 1.189462058298583e-09    9    1    4    4
 -1.055755005844376e-10    9    1    5    1
 -2.095565643022023e-11    9    1    5    2
 6.941301397542712e-11    9    1    5    3
 -6.997471750356305e-11    9    1    5    4
 1.2121436979137e-09    9    1    5    5
 1.477868801030432e-10    9    1    6    1
 3.487709974267684e-10    9    1    6    2
 -6.289597846389388e-11    9    1    6    3
 3.201728692743937e-10    9    1    6    4
 8.727402165020111e-11    9    1    6    5
 1.228208256374884e-09    9    1    6    6
 0.006397763561693786    9    1    7    1
 -0.06525943394407414    9    1    7    2
 -0.02794966820304767    9    1    7    3
 0.0211047513621063    9    1    7    4
 -0.008547979019017337    9    1    7    5
 0.03368631166363153    9    1    7    6
 -8.264083850578793e-10    9    1    7    7
 -0.03286112700174013    9    1    8    1
 -0.02490177431096864    9    1    8    2
 -0.006813157323379772    9    1    8    3
 0.0680476753592997    9    1    8    4
 0.004787672711405522    9    1    8    5
 -0.0239025322630617    9    1    8    6
 -2.360240805857204e-10    9    1    8    7
 -8.498584746750838e-10    9    1    8    8
 0.06905303156282858    9    1    9    1
 -4.175078240618007e-10    9    2    1    1
 1.827676891447876e-10    9    2    2    1
 -3.786800649263287e-10    9    2    2    2
 -1.01530487636084e-10    9    2    3    1
 -1.314190058285208e-10    9    2    3    2
 -3.759104541839631e-10    9    2    3    3
 4.892225393941703e-11    9    2    4    1
 -6.751618287386898e-12    9    2    4    2
 -1.094781974301412e-10    9    2    4    3
 -2.825245380699411e-10    9    2    4    4
 -1.311298324293481e-11    9    2    5    1
 3.57008274518167e-11    9    2    5    2
 -4.983417670827466e-11    9    2    5    3
 2.407856561473019e-11    9    2    5    4
 -3.380184536853287e-10    9    2    5    5
 -4.570901785859199e-11    9    2    6    1
 -7.573367897270656e-11    9    2    6    2
 9.896606277450254e-12    9    2    6    3
 -1.141570165517579e-10    9    2    6    4
 -7.048978958058814e-11    9    2    6    5
 -2.97578948404943e-10    9    2    6    6
 -0.007256509628051991    9    2    7    1
 0.01862611289553421    9    2    7    2
 0.01378648163771322    9    2    7    3
 -0.00700208570830085    9    2    7    4
 -0.0004479957606930848    9    2    7    5
 -0.008457339845480277    9    2    7    6
 2.260126422426706e-10    9    2    7    7
 0.009053469407049715    9    2    8    1
 0.007778155322166419    9    2    8    2
 0.0012740627282377    9    2    8    3
 -0.01225398969795565    9    2    8    4
 0.001882861040725211    9    2    8    5
 0.001356979948234747    9    2    8    6
 8.191381150670826e-11    9    2    8    7
 1.440561751948657e-10    9    2    8    8
 -0.01554070190841974    9    2    9    1
 0.01326457274779632    9    2    9    2
 -9.150134393379091e-10    9    3    1    1
 2.962749070210279e-10    9    3    2    1
 -9.76097897753281e-10    9    3    2    2
 -2.686831531685921e-10    9    3    3    1
 -7.541569796006585e-11    9    3    3    2
 -1.065591025371151e-09    9    3    3    3
 9.108565809200053e-11    9    3    4    1
 6.043070627071716e-11    9    3    4    2
 -3.473861244192382e-10    9    3    4    3
 -1.01634475019796e-09    9    3    4    4
 6.843263004831267e-11    9    3    5    1
 5.217406614629586e-11    9    3    5    2
 -8.541355099628144e-11    9    3    5    3
 4.645390983299943e-12    9    3    5    4
 -1.008769703655601e-09    9    3    5    5
 -5.127122192376719e-11    9    3    6    1
 -2.598163601887108e-10    9    3    6    2
 1.300411532526982e-10    9    3    6    3
 -2.891556176243262e-10    9    3    6    4
 -7.497399503694026e-11    9    3    6    5
 -1.032169721516136e-09    9    3    6    6
 -0.004239295830566626    9    3    7    1
 0.0534462791138528    9    3    7    2
 0.02704650284130667    9    3    7    3
 -0.0182509218121107    9    3    7    4
 0.003928579652601878    9    3    7    5
 -0.03191324638803439    9    3    7    6
 7.238705545170055e-10    9    3    7    7
 0.02304614171488033    9    3    8    1
 0.01898163970127746    9    3    8    2
 0.005401624089638225    9    3    8    3
 -0.05823316816870781    9    3    8    4
 -0.00839231234456774    9    3    8    5
 0.0169008236173934    9    3    8    6
 1.972257014213357e-10    9    3    8    7
 6.874713514249018e-10    9    3    8    8
 -0.04954688816570907    9    3    9    1
 0.01275810285383325    9    3    9    2
 0.05081204990225549    9    3    9    3
 -5.239314042843082e-10    9    4    1    1
 1.470696441768861e-10    9    4    2    1
 -4.346724901609593e-10    9    4    2    2
 -1.465976023598655e-10    9    4    3    1
 -5.991097657914909e-11    9    4    3    2
 -5.596793603900402e-10    9    4    3    3
 1.541445653551529e-10    9    4    4    1
 1.830442722662163e-11    9    4    4    2
 -2.254263769117254e-10    9    4    4    3
 -5.465293574584286e-10    9    4    4    4
 6.245188422462987e-11    9    4    5    1
 3.815521900436552e-11    9    4    5    2
 4.476686899075394e-12    9    4    5    3
 5.200374628213819e-11    9    4    5    4
 -4.94824815088822e-10    9    4    5    5
 -1.997790558410854e-11    9    4    6    1
 -1.571738356752672e-10    9    4    6    2
 6.335202793885964e-11    9    4    6    3
 -1.253924204699739e-10    9    4    6    4
 -7.392362933893919e-11    9    4    6    5
 -4.486248988641706e-10    9    4    6    6
 -0.002326209530212799    9    4    7    1
 0.01936702334713763    9    4    7    2
 0.01331192208126647    9    4    7    3
 -0.01088758656413719    9    4    7    4
 -0.001498175278592023    9    4    7    5
 -0.009164706199795432    9    4    7    6
 2.52898775663361e-10    9    4    7    7
 0.01868693664024551    9    4    8    1
 0.01153767919482851    9    4    8    2
 -0.002746622033787459    9    4    8    3
 -0.02945997644793706    9    4    8    4
 -0.001356114421500299    9    4    8    5
 0.007377040915731263    9    4    8    6
 1.186007351736539e-10    9    4    8    7
 3.358580263108987e-10    9    4    8    8
 -0.02253255361147005    9    4    9    1
 0.006345173771777756    9    4    9    2
 0.01917286715982609    9    4    9    3
 0.01846012343791045    9    4    9    4
 2.104820613064299e-11    9    5    1    1
 -2.278476846578886e-11    9    5    2    1
 5.914029115021771e-11    9    5    2    2
 5.430230837298105e-11    9    5    3    1
 1.843190623626637e-12    9    5    3    2
 2.742915387946995e-11    9    5    3    3
 1.341423140856093e-12    9    5    4    1
 2.901535823275205e-11    9    5    4    2
 1.67337950387245e-11    9    5    4    3
 6.102420342977327e-11    9    5    4    4
 4.072947802617475e-11    9    5    5    1
 -1.158287194527506e-11    9    5    5    2
 -3.243786019081837e-11    9    5    5    3
 -1.161052909474409e-11    9    5    5    4
 3.446501035423978e-11    9    5    5    5
 -2.073600787422416e-11    9    5    6    1
 -4.657920001597858e-13    9    5    6    2
 2.382402363484186e-11    9    5    6    3
 -1.070005871422443e-12    9    5    6    4
 -1.521713055671951e-11    9    5    6    5
 5.134402039348587e-11    9    5    6    6
 -0.002363341003191937    9    5    7    1
 -0.008404549723783156    9    5    7    2
 -0.00368435297009148    9    5    7    3
 -0.001032553025712436    9    5    7    4
 0.001230476310118199    9    5    7    5
 0.003160019556540428    9    5    7    6
 -1.57106801426386e-10    9    5    7    7
 -0.003991914724516783    9    5    8    1
 0.0004012298502496654    9    5    8    2
 -0.004331835002849538    9    5    8    3
 0.007936279990705222    9    5    8    4
 -0.00120617556312544    9    5    8    5
 -0.002640736508814519    9    5    8    6
 -1.875554434989419e-11    9    5    8    7
 -1.597842302457813e-10    9    5    8    8
 0.009433838099327727    9    5    9    1
 -0.002024957272699667    9    5    9    2
 -0.007518742535277036    9    5    9    3
 -0.002365768203350391    9    5    9    4
 0.01237124220392011    9    5    9    5
 6.22864333979183e-10    9    6    1    1
 -1.865817836838886e-10    9    6    2    1
 6.215502294043051e-10    9    6    2    2
 1.661825407263981e-10    9    6    3    1
 5.078514195568934e-11    9    6    3    2
 6.134476431756024e-10    9    6    3    3
 -4.390062671578144e-11    9    6    4    1
 -1.001407863327307e-10    9    6    4    2
 1.893048656322558e-10    9    6    4    3
 6.121361013259909e-10    9    6    4    4
 -7.274196328822624e-11    9    6    5    1
 -3.12157098568826e-11    9    6    5    2
 6.932678790330559e-11    9    6    5    3
 -3.999589529816418e-11    9    6    5    4
 6.597722942176913e-10    9    6    5    5
 1.484384739611771e-10    9    6    6    1
 1.952406483556223e-10    9    6    6    2
 -1.296563793288752e-10    9    6    6    3
 1.864943660841031e-10    9    6    6    4
 7.913947902087602e-11    9    6    6    5
 7.111656512902538e-10    9    6    6    6
 0.007932878652262025    9    6    7    1
 -0.03268164760315202    9    6    7    2
 -0.01910260773020823    9    6    7    3
 0.01678868394534102    9    6    7    4
 -0.003146622489455978    9    6    7    5
 0.01969992352923052    9    6    7    6
 -4.40916010632406e-10    9    6    7    7
 -0.01876480817629806    9    6    8    1
 -0.01860741121772493    9    6    8    2
 0.000878342365634698    9    6    8    3
 0.0346315756706182    9    6    8    4
 0.002388521074069686    9    6    8    5
 -0.01168326058798053    9    6    8    6
 -1.705065107839645e-10    9    6    8    7
 -4.289997971042613e-10    9    6    8    8
 0.02953337931194158    9    6    9    1
 -0.008894901386580979    9    6    9    2
 -0.02444411697044492    9    6    9    3
 -0.01299250420364238    9    6    9    4
 -0.0001659075187159099    9    6    9    5
 0.02715393186595616    9    6    9    6
 0.07202184820569682    9    7    1    1
 -0.01393015670769071    9    7    2    1
 0.07407645559738073    9    7    2    2
 0.006260954129793143    9    7    3    1
 0.0172344979692789    9    7    3    2
 0.07599732052486723    9    7    3    3
 -0.0124362374924732    9    7    4    1
 -0.01255022731443871    9    7    4    2
 0.009376272613101892    9    7    4    3
 0.06425169653826537    9    7    4    4
 -0.002604684474818092    9    7    5    1
 -0.00333219484247132    9    7    5    2
 0.005848811423323139    9    7    5    3
 -0.003898400639829138    9    7    5    4
 0.09593223486752492    9    7    5    5
 0.0160208968726021    9    7    6    1
 0.005378479673483165    9    7    6    2
 -0.01483352604885069    9    7    6    3
 0.01082768827275458    9    7    6    4
 0.005698494203815295    9    7    6    5
 0.07402244312001288    9    7    6    6
 -8.11789865301166e-11    9    7    7    1
 3.689141593637065e-10    9    7    7    2
 2.179739529047508e-10    9    7    7    3
 -1.28175200255548e-10    9    7    7    4
 6.308913201247616e-11    9    7    7    5
 -2.098525623974094e-10    9    7    7    6
 0.07266905040032638    9    7    7    7
 1.659979034031937e-10    9    7    8    1
 1.556767077605932e-10    9    7    8    2
 1.743758703599527e-11    9    7    8    3
 -2.883626966105184e-10    9    7    8    4
 -1.771240074399413e-11    9    7    8    5
 7.580773656778088e-11    9    7    8    6
 0.02438777568635549    9    7    8    7
 0.06397524625772491    9    7    8    8
 -3.149828645615156e-10    9    7    9    1
 1.415581315770023e-10    9    7    9    2
 2.814113006044529e-10    9    7    9    3
 9.62117188559132e-11    9    7    9    4
 -6.308518822358272e-11    9    7    9    5
 -2.07140292026261e-10    9    7    9    6
 0.03735396079876539    9    7    9    7
 -0.07710796996358686    9    8    1    1
 0.00795719697032731    9    8    2    1
 -0.06501681501802088    9    8    2    2
 -0.00764381154440562    9    8    3    1
 -0.01248650052266996    9    8    3    2
 -0.0700009160447687    9    8    3    3
 0.01804333362353903    9    8    4    1
 0.01290037555030927    9    8    4    2
 -0.01313864122555245    9    8    4    3
 -0.07587956644958734    9    8    4    4
 0.005802189988748484    9    8    5    1
 0.004064190634332641    9    8    5    2
 -0.002105461427341541    9    8    5    3
 0.004076857596143508    9    8    5    4
 -0.09555540873946196    9    8    5    5
 -0.01446544501240774    9    8    6    1
 -0.01195014451152331    9    8    6    2
 0.01480362511294165    9    8    6    3
 -0.005153350459651912    9    8    6    4
 -0.005315100194432831    9    8    6    5
 -0.07162344572937417    9    8    6    6
 3.850670277936161e-11    9    8    7    1
 -2.724024086037075e-10    9    8    7    2
 -1.667876452878577e-10    9    8    7    3
 1.438137330812067e-10    9    8    7    4
 -1.867879646669878e-11    9    8    7    5
 1.382877980702504e-10    9    8    7    6
 -0.06367537962348646    9    8    7    7
 -2.299112036271572e-10    9    8    8    1
 -1.506648964059847e-10    9    8    8    2
 4.372606651789674e-12    9    8    8    3
 4.017941377140632e-10    9    8    8    4
 6.382900966096049e-11    9    8    8    5
 -1.355119679111954e-10    9    8    8    6
 -0.02431833126821505    9    8    8    7
 -0.0725843565320463    9    8    8    8
 3.345183821080745e-10    9    8    9    1
 -5.534245808751949e-11    9    8    9    2
 -2.555951300669645e-10    9    8    9    3
 -1.892909658519001e-10    9    8    9    4
 6.221459742242972e-11    9    8    9    5
 1.960789021416074e-10    9    8    9    6
 -0.02438776215181528    9    8    9    7
 0.03724474566881966    9    8    9    8
 0.3875004610882451    9    9    1    1
 -0.02783704264272566    9    9    2    1
 0.3754090397071522    9    9    2    2
 0.01871945460662876    9    9    3    1
 0.03699089778673457    9    9    3    2
 0.3845053403549876    9    9    3    3
 -0.03769325964290673    9    9    4    1
 -0.03299573870860236    9    9    4    2
 0.02863265801430829    9    9    4    3
 0.3767088729155911    9    9    4    4
 -0.008184704114778301    9    9    5    1
 -0.008819892609271844    9    9    5    2
 0.007813314672091166    9    9    5    3
 -0.009486136128540542    9    9    5    4
 0.442374762987262    9    9    5    5
 0.0369377261268771    9    9    6    1
 0.02314384195214069    9    9    6    2
 -0.03637779437663029    9    9    6    3
 0.02176851564562698    9    9    6    4
 0.01361488421041776    9    9    6    5
 0.3835958914851726    9    9    6    6
 -8.767048799171914e-11    9    9    7    1
 9.522418701014033e-10    9    9    7    2
 4.450833641826898e-10    9    9    7    3
 -3.295017568714976e-10    9    9    7    4
 1.570283023587e-10    9    9    7    5
 -5.396703528408194e-10    9    9    7    6
 0.3731160368263187    9    9    7    7
 4.571145075041818e-10    9    9    8    1
 3.703096499213971e-10    9    9    8    2
 9.164180872415271e-11    9    9    8    3
 -1.021624418450502e-09    9    9    8    4
 -1.603715485225015e-10    9    9    8    5
 3.453591884453741e-10    9    9    8    6
 0.06367544240160665    9    9    8    7
 0.3735076472766388    9    9    8    8
 -9.471222349706505e-10    9    9    9    1
 1.945243404665456e-10    9    9    9    2
 7.982447274114567e-10    9    9    9    3
 3.122831516057748e-10    9    9    9    4
 -2.277407737878654e-10    9    9    9    5
 -4.49214886352953e-10    9    9    9    6
 0.0726690830224981    9    9    9    7
 -0.07243603913972026    9    9    9    8
 0.3939633713661463    9    9    9    9
 3.149597590744946e-10   10    1    1    1
 -4.36106308988589e-11   10    1    2    1
 2.154175648457853e-10   10    1    2    2
 4.405251949919815e-11   10    1    3    1
 1.159432866986883e-11   10    1    3    2
 2.156149770873602e-10   10    1    3    3
 -2.260086823265975e-11   10    1    4    1
 -4.409215547932406e-11   10    1    4    2
 1.015222367446867e-10   10    1    4    3
 2.83153472105682e-10   10    1    4    4
 -1.498194849639134e-10   10    1    5    1
 4.369008179015057e-11   10    1    5    2
 -4.384174982941007e-11   10    1    5    3
 -2.724062714523913e-11   10    1    5    4
 3.100346385137357e-10   10    1    5    5
 2.32680625901058e-11   10    1    6    1
 1.009830404812629e-10   10    1    6    2
 -4.368664734859764e-11   10    1    6    3
 5.03307149934393e-11   10    1    6    4
 2.702606604796302e-11   10    1    6    5
 2.823629613255683e-10   10    1    6    6
 0.0007734887604857804   10    1    7    1
 -0.00799698991582316   10    1    7    2
 -0.002968252056433296   10    1    7    3
 0.004650567295568009   10    1    7    4
 -0.001724629082689966   10    1    7    5
 0.005312544467218058   10    1    7    6
 -7.812211370392586e-11   10    1    7    7
 -0.00525305720102716   10    1    8    1
 -0.005287880109844989   10    1    8    2
 0.001699580758401238   10    1    8    3
 0.01418213993139464   10    1    8    4
 0.004243317817825717   10    1    8    5
 -0.005403432325335407   10    1    8    6
 -2.654557458920064e-11   10    1    8    7
 -1.194169247703083e-10   10    1    8    8
 0.01111935687688656   10    1    9    1
 -1.386385177696187e-05   10    1    9    2
 -0.007732262558952951   10    1    9    3
 -0.005026651245811268   10    1    9    4
 -0.004930765873400311   10    1    9    5
 0.00564804570111405   10    1    9    6
 -1.489688130349976e-11   10    1    9    7
 5.127037559585911e-11   10    1    9    8
 -9.730285012197894e-11   10    1    9    9
 0.01221853595183123   10    1   10    1
 2.151686269441234e-10   10    2    1    1
 -4.351432217359727e-11   10    2    2    1
 3.149074552652908e-10   10    2    2    2
 1.011422111854845e-10   10    2    3    1
 2.327254250693275e-11   10    2    3    2
 2.824419450059344e-10   10    2    3    3
 -4.365648739962924e-11   10    2    4    1
 -2.297173666086017e-11   10    2    4    2
 5.040904041185711e-11   10    2    4    3
 2.829166460316364e-10   10    2    4    4
 4.32974629598781e-11   10    2    5    1
 -1.493466915834728e-10   10    2    5    2
 2.66972269289973e-11   10    2    5    3
 -2.701857792207578e-11   10    2    5    4
 3.090541754752297e-10   10    2    5    5
 1.16496412817038e-11   10    2    6    1
 4.363696374675368e-11   10    2    6    2
 -4.352562151851599e-11   10    2    6    3
 1.014861233633028e-10   10    2    6    4
 -4.343440678715945e-11   10    2    6    5
 2.154269007330668e-10   10    2    6    6
 -0.001213667669479423   10    2    7    1
 -0.01279220817570921   10    2    7    2
 -0.005665888975320843   10    2    7    3
 0.005670451926012202   10    2    7    4
 0.005865828659449069   10    2    7    5
 0.006183157219113332   10    2    7    6
 -1.030403943738624e-10   10    2    7    7
 -0.004957365721082852   10    2    8    1
 -0.005040668190715013   10    2    8    2
 -0.002682225774061511   10    2    8    3
 0.01372614434662037   10    2    8    4
 0.004121548519874806   10    2    8    5
 -0.0002499022327338206   10    2    8    6
 -4.850949361270221e-11   10    2    8    7
 -1.097876855447513e-10   10    2    8    8
 0.006314892358785522   10    2    9    1
 -0.002492087187446437   10    2    9    2
 -0.008155252835873129   10    2    9    3
 -0.003522040979268626   10    2    9    4
 0.002688621907178567   10    2    9    5
 0.003425040860668625   10    2    9    6
 -2.368847071119651e-11   10    2    9    7
 2.077634393953855e-11   10    2    9    8
 -8.296682798869544e-11   10    2    9    9
 -0.001144114763363429   10    2   10    1
 0.01221862410816246   10    2   10    2
 -2.150533889735872e-10   10    3    1    1
 1.00994925408931e-10   10    3    2    1
 -2.819657763590001e-10   10    3    2    2
 -4.376479531307919e-11   10    3    3    1
 -2.320257766986382e-11   10    3    3    2
 -3.156311631416168e-10   10    3    3    3
 1.11569073150942e-11   10    3    4    1
 4.410955934155643e-11   10    3    4    2
 -4.426277087264303e-11   10    3    4    3
 -2.157090654053478e-10   10    3    4    4
 -4.34943039560059e-11   10    3    5    1
 2.672350638367885e-11   10    3    5    2
 -1.496084136454717e-10   10    3    5    3
 -4.398451573910292e-11   10    3    5    4
 -3.091537525475702e-10   10    3    5    5
 -4.428919902818481e-11   10    3    6    1
 -4.956594720167802e-11   10    3    6    2
 2.235857307160514e-11   10    3    6    3
 -1.016379577021417e-10   10    3    6    4
 -2.749492219710532e-11   10    3    6    5
 -2.826710278332733e-10   10    3    6    6
 -0.003351615504880954   10    3    7    1
 0.01374345523848672   10    3    7    2
 0.005108732696228221   10    3    7    3
 -0.005473339539606506   10    3    7    4
 0.004167223462535148   10    3    7    5
 -0.008209525746149641   10    3    7    6
 1.281809699704038e-10   10    3    7    7
 0.002714359772298712   10    3    8    1
 0.005171071396240864   10    3    8    2
 0.001528268141213246   10    3    8    3
 -0.009109873588282115   10    3    8    4
 -0.0004331706595268372   10    3    8    5
 0.002498923344942017   10    3    8    6
 3.365841704399792e-11   10    3    8    7
 7.648751500249689e-11   10    3    8    8
 -0.008668901198114993   10    3    9    1
 0.00380981052214084   10    3    9    2
 0.009326830482523816   10    3    9    3
 0.001057558799757724   10    3    9    4
 0.003927929616043858   10    3    9    5
 -0.005553751478580162   10    3    9    6
 4.957832884871173e-11   10    3    9    7
 -9.471559110480712e-12   10    3    9    8
 9.070974500912406e-11   10    3    9    9
 0.001144129531886849   10    3   10    1
 -0.001251900595134458   10    3   10    2
 0.01221859630410467   10    3   10    3
 2.823605829286867e-10   10    4    1    1
 -4.943929624295168e-11   10    4    2    1
 2.821923512086585e-10   10    4    2    2
 1.013785842782278e-10   10    4    3    1
 4.440014591367194e-11   10    4    3    2
 2.155439025024032e-10   10    4    3    3
 -2.250048770624402e-11   10    4    4    1
 -2.288178094609805e-11   10    4    4    2
 4.425040633112136e-11   10    4    4    3
 3.159815242532782e-10   10    4    4    4
 -2.745174496843462e-11   10    4    5    1
 -2.687521617493474e-11   10    4    5    2
 -4.413002026642515e-11   10    4    5    3
 -1.499818691481168e-10   10    4    5    4
 3.095278135867708e-10   10    4    5    5
 4.438029911827683e-11   10    4    6    1
 1.010983834994033e-10   10    4    6    2
 -1.101472269444096e-11   10    4    6    3
 4.417804057634369e-11   10    4    6    4
 -4.374302716462286e-11   10    4    6    5
 2.151707845501493e-10   10    4    6    6
 -8.620716828289325e-05   10    4    7    1
 -0.01236682039352512   10    4    7    2
 -0.004341178610408791   10    4    7    3
 0.004701777714094734   10    4    7    4
 -0.003930685304311818   10    4    7    5
 0.002444711740555724   10    4    7    6
 -9.93952884554228e-11   10    4    7    7
 -0.0059106431477894   10    4    8    1
 -0.005840244928028144   10    4    8    2
 -0.002806117360771168   10    4    8    3
 0.01365371228947335   10    4    8    4
 -0.006349815910593485   10    4    8    5
 -0.004471258304823473   10    4    8    6
 -4.187384520424683e-11   10    4    8    7
 -1.054584338674932e-10   10    4    8    8
 0.01025920401823953   10    4    9    1
 -0.001929620069451792   10    4    9    2
 -0.004645793294566086   10    4    9    3
 -0.0038448114913857   10    4    9    4
 0.003447932226093877   10    4    9    5
 0.00386767540697941   10    4    9    6
 -1.722297286822334e-11   10    4    9    7
 3.332538588475093e-11   10    4    9    8
 -8.920184099560176e-11   10    4    9    9
 0.001251864598424097   10    4   10    1
 0.00125191271767685   10    4   10    2
 0.001144088659155144   10    4   10    3
 0.01221862755217359   10    4   10    4
 -2.043021263316413e-09   10    5    1    1
 6.106669406144624e-10   10    5    2    1
 -2.043120118142729e-09   10    5    2    2
 -6.136551227416933e-10   10    5    3    1
 -1.758684951078553e-10   10    5    3    2
 -2.047108856059199e-09   10    5    3    3
 1.700766013801544e-10   10    5    4    1
 1.733806574098936e-10   10    5    4    2
 -6.171325342269754e-10   10    5    4    3
 -2.049733566056088e-09   10    5    4    4
 1.708169665998777e-10   10    5    5    1
 1.661847725310725e-10   10    5    5    2
 -1.662203248514022e-10   10    5    5    3
 1.682032289871302e-10   10    5    5    4
 -2.130028009990422e-09   10    5    5    5
 -1.757174239574949e-10   10    5    6    1
 -6.113624525835792e-10   10    5    6    2
 1.686681535948831e-10   10    5    6    3
 -6.168777041997027e-10   10    5    6    4
 -1.700950956256429e-10   10    5    6    5
 -2.045394656164053e-09   10    5    6    6
 -0.009294273897429853   10    5    7    1
 0.1185232116355372   10    5    7    2
 0.05775177972895742   10    5    7    3
 -0.04993231098006946   10    5    7    4
 0.01265277403378203   10    5    7    5
 -0.06240640747366037   10    5    7    6
 1.695763236264274e-09   10    5    7    7
 0.05802118983989426   10    5    8    1
 0.05471547038492536   10    5    8    2
 0.01296302022757269   10    5    8    3
 -0.1264923974734488   10    5    8    4
 -0.01263036642673592   10    5    8    5
 0.03711845285102559   10    5    8    6
 6.259924689021043e-10   10    5    8    7
 1.694212592972396e-09   10    5    8    8
 -0.1031203562483227   10    5    9    1
 0.02655545071335206   10    5    9    2
 0.08634890518825364   10    5    9    3
 0.0403907437850079   10    5    9    4
 -0.01265278212308918   10    5    9    5
 -0.05857188528782122   10    5    9    6
 6.210617366356551e-10   10    5    9    7
 -6.240668092670916e-10   10    5    9    8
 1.693689563897769e-09   10    5    9    9
 -0.01806531930895765   10    5   10    1
 -0.0180657582411312   10    5   10    2
 0.01806560553018794   10    5   10    3
 -0.01806578413357069   10    5   10    4
 0.2174847748926218   10    5   10    5
 -2.820653746320833e-10   10    6    1    1
 1.009943504597547e-10   10    6    2    1
 -2.154009852349692e-10   10    6    2    2
 -4.989936555850501e-11   10    6    3    1
 -4.433134119475164e-11   10    6    3    2
 -2.82918088538566e-10   10    6    3    3
 4.385737929773758e-11   10    6    4    1
 1.138300575291727e-11   10    6    4    2
 -1.015527087447559e-10   10    6    4    3
 -2.156232260712862e-10   10    6    4    4
 2.707498898668535e-11   10    6    5    1
 -4.375284344525352e-11   10    6    5    2
 -2.716320038493649e-11   10    6    5    3
 -4.38708136923746e-11   10    6    5    4
 -3.098461896962108e-10   10    6    5    5
 -2.322378052417738e-11   10    6    6    1
 -4.362307727359543e-11   10    6    6    2
 2.239499607331201e-11   10    6    6    3
 -4.436780634833193e-11   10    6    6    4
 -1.498990238510408e-10   10    6    6    5
 -3.153168849025731e-10   10    6    6    6
 -0.002253461176749098   10    6    7    1
 0.009452365908795474   10    6    7    2
 0.005465453363363845   10    6    7    3
 -0.001818101290793176   10    6    7    4
 -0.002490455449984128   10    6    7    5
 -0.006756498016544816   10    6    7    6
 8.391144206577416e-11   10    6    7    7
 0.005531129069078788   10    6    8    1
 0.002263105736229495   10    6    8    2
 -5.589394031705498e-05   10    6    8    3
 -0.009607029924615226   10    6    8    4
 0.0009845110229864109   10    6    8    5
 0.004060619067599625   10    6    8    6
 5.791505885985671e-12   10    6    8    7
 7.885433465950433e-11   10    6    8    8
 -0.01236091347892595   10    6    9    1
 0.004452639225372262   10    6    9    2
 0.01072688542971521   10    6    9    3
 0.005206322566553993   10    6    9    4
 -0.004188398343758769   10    6    9    5
 -0.005144573734386461   10    6    9    6
 4.583084548686637e-11   10    6    9    7
 -4.080821711475379e-11   10    6    9    8
 1.317101477671225e-10   10    6    9    9
 -0.001251805824865874   10    6   10    1
 0.001144132072115681   10    6   10    2
 0.001251834751581314   10    6   10    3
 0.001144130537678119   10    6   10    4
 0.01806512741458711   10    6   10    5
 0.01221850588311768   10    6   10    6
 -0.001219951806498958   10    7    1    1
 1.399494827117873e-05   10    7    2    1
 -0.001537999202651861   10    7    2    2
 -0.0007446285899086403   10    7    3    1
 0.0005752891744328891   10    7    3    2
 -0.006784060904339753   10    7    3    3
 0.001722613380200395   10    7    4    1
 -0.001657318645899521   10    7    4    2
 -4.000795598879567e-05   10    7    4    3
 -0.003827082462735447   10    7    4    4
 -0.0006523466200943273   10    7    5    1
 0.007814082866728439   10    7    5    2
 0.003999994401536798   10    7    5    3
 -0.0034098553702146   10    7    5    4
 0.001483619171550286   10    7    5    5
 0.002209183660654829   10    7    6    1
 0.001377477046799553   10    7    6    2
 0.0007438251164402354   10    7    6    3
 -0.00102241721521053   10    7    6    4
 -0.004110589542922648   10    7    6    5
 -0.0008379252260643032   10    7    6    6
 -2.952834500636864e-12   10    7    7    1
 4.529069227533507e-11   10    7    7    2
 7.995649909730545e-12   10    7    7    3
 -1.193481765560762e-11   10    7    7    4
 1.138077270813893e-10   10    7    7    5
 -2.184342791726153e-11   10    7    7    6
 0.0009596561252075519   10    7    7    7
 2.471160302996711e-11   10    7    8    1
 2.635180143802764e-11   10    7    8    2
 -5.980274287314452e-12   10    7    8    3
 -3.516014329674985e-11   10    7    8    4
 3.814155036172877e-11   10    7    8    5
 2.164582343735781e-11   10    7    8    6
 -0.0005637280310648558   10    7    8    7
 0.0001940207620839412   10    7    8    8
 -3.783176156441052e-11   10    7    9    1
 6.675267092997773e-12   10    7    9    2
 1.300333626244287e-11   10    7    9    3
 1.842649724748659e-11   10    7    9    4
 3.818061613438556e-11   10    7    9    5
 -2.851324647958329e-11   10    7    9    6
 -0.0006191993691513529   10    7    9    7
 0.0004727260820908882   10    7    9    8
 -3.731641538136115e-05   10    7    9    9
 -1.805764410391984e-11   10    7   10    1
 6.044107766999441e-11   10    7   10    2
 2.292737706302047e-11   10    7   10    3
 -3.117520283525921e-11   10    7   10    4
 8.681965050699912e-11   10    7   10    5
 -2.350932863912084e-11   10    7   10    6
 0.01036695395264114   10    7   10    7
 0.005968722080448992   10    8    1    1
 7.811826921417499e-05   10    8    2    1
 0.005003387666637792   10    8    2    2
 0.0009774213254297658   10    8    3    1
 0.001487409336216791   10    8    3    2
 0.0008503146889365839   10    8    3    3
 0.0009833930023528318   10    8    4    1
 0.001357109301202331   10    8    4    2
 -0.0005315041032370048   10    8    4    3
 0.001668741830665232   10    8    4    4
 0.003998069787533177   10    8    5    1
 0.003755493566732299   10    8    5    2
 0.0008322592353853494   10    8    5    3
 -0.008339274964124122   10    8    5    4
 -0.00148098566589639   10    8    5    5
 0.001157693333794913   10    8    6    1
 0.001055849318682307   10    8    6    2
 0.002276418340941791   10    8    6    3
 -0.0009808664524095631   10    8    6    4
 0.002437614820193323   10    8    6    5
 0.000690540928928414   10    8    6    6
 1.05803664927875e-11   10    8    7    1
 -2.838012403687753e-11   10    8    7    2
 -2.570629981120741e-11   10    8    7    3
 2.169623503187903e-11   10    8    7    4
 3.815221278065703e-11   10    8    7    5
 2.928159222054489e-11   10    8    7    6
 -0.0001455809338315214   10    8    7    7
 -9.599828955206954e-12   10    8    8    1
 -1.070593715270772e-11   10    8    8    2
 -4.298233910646545e-12   10    8    8    3
 4.872093129291342e-11   10    8    8    4
 1.138957607143953e-10   10    8    8    5
 -1.290594289500356e-11   10    8    8    6
 0.0005367868523743773   10    8    8    7
 -0.000966579906910988   10    8    8    8
 2.117599771927647e-11   10    8    9    1
 -1.421654601190148e-11   10    8    9    2
 -3.560639319783392e-11   10    8    9    3
 -1.521507480259202e-11   10    8    9    4
 -3.802292824880983e-11   10    8    9    5
 2.762232187520417e-11   10    8    9    6
 0.0005398246259894876   10    8    9    7
 -0.0005367695930368658   10    8    9    8
 -0.0001456453431293506   10    8    9    9
 2.650630308249772e-11   10    8   10    1
 2.884135109057386e-11   10    8   10    2
 -6.181154405556309e-12   10    8   10    3
 -6.584519957375924e-11   10    8   10    4
 -8.645282633317606e-11   10    8   10    5
 7.644444060565153e-12   10    8   10    6
 0.002585854355801566   10    8   10    7
 0.01035805511908477   10    8   10    8
 0.001233287878175064   10    9    1    1
 -0.0004751248919123422   10    9    2    1
 0.001975217806895623   10    9    2    2
 -0.00154642435813754   10    9    3    1
 -0.002090941427762831   10    9    3    2
 0.001102259256455071   10    9    3    3
 0.001902927062888988   10    9    4    1
 -0.001839206894963737   10    9    4    2
 0.0007658088182962866   10    9    4    3
 0.002754882049302408   10    9    4    4
 -0.006800287493821467   10    9    5    1
 0.001815068432640562   10    9    5    2
 0.005691535812069833   10    9    5    3
 0.002751251060215989   10    9    5    4
 -0.001483610828608571   10    9    5    5
 -0.0001189464441207988   10    9    6    1
 0.0004607532707073426   10    9    6    2
 -0.0002982845600353637   10    9    6    3
 0.0002882874937786761   10    9    6    4
 -0.004063021975914339   10    9    6    5
 0.007141375232975316   10    9    6    6
 -2.367044941582213e-12   10    9    7    1
 -3.850893498265991e-11   10    9    7    2
 -2.852056284887332e-11   10    9    7    3
 2.064607890943745e-11   10    9    7    4
 3.820430036082437e-11   10    9    7    5
 5.350323439970863e-12   10    9    7    6
 3.733185771079343e-05   10    9    7    7
 -2.899706354678012e-11   10    9    8    1
 -2.239977592190951e-11   10    9    8    2
 -1.205388092548135e-11   10    9    8    3
 3.898904102187787e-11   10    9    8    4
 -3.803486463840494e-11   10    9    8    5
 -6.5901058642352e-15   10    9    8    6
 0.0004727463552038139   10    9    8    7
 -0.0001940697092476036   10    9    8    8
 3.867786802417935e-11   10    9    9    1
 -7.586373398970718e-12   10    9    9    2
 -3.117225538164937e-11   10    9    9    3
 -1.096510718701464e-11   10    9    9    4
 1.13630805532778e-10   10    9    9    5
 7.271765164600024e-12   10    9    9    6
 0.0006191928537662146   10    9    9    7
 -0.0005637048897220382   10    9    9    8
 -0.0009596564990350556   10    9    9    9
 -4.984072938925002e-11   10    9   10    1
 2.515717031993823e-11   10    9   10    2
 3.912861732638243e-11   10    9   10    3
 2.998694137165579e-11   10    9   10    4
 -8.638043252246158e-11   10    9   10    5
 -2.170949717113047e-11   10    9   10    6
 0.002560901745086588   10    9   10    7
 -0.002585871950844843   10    9   10    8
 0.01036695850523058   10    9   10    9
 0.4492255985545332   10   10    1    1
 -0.03160967072607987   10   10    2    1
 0.4492256963996323   10   10    2    2
 0.03160969746496356   10   10    3    1
 0.04996006224985635   10   10    3    2
 0.449225629735479   10   10    3    3
 -0.04996005908857466   10   10    4    1
 -0.04996001820291777   10   10    4    2
 0.03160963204891012   10   10    4    3
 0.4492256735519347   10   10    4    4
 -0.01519238162268146   10   10    5    1
 -0.01519254066628598   10   10    5    2
 0.0151924368219689   10   10    5    3
 -0.0151925510299985   10   10    5    4
 0.5648626937179028   10   10    5    5
 0.04996012424918951   10   10    6    1
 0.03160966815693825   10   10    6    2
 -0.0499600874711534   10   10    6    3
 0.03160967096194387   10   10    6    4
 0.01519228930920819   10   10    6    5
 0.4492255746461398   10   10    6    6
 -7.353104932668217e-11   10   10    7    1
 1.334448444565388e-09   10   10    7    2
 6.146987654834307e-10   10   10    7    3
 -5.244953843142045e-10   10   10    7    4
 2.4564276689339e-10   10   10    7    5
 -7.169279521368618e-10   10   10    7    6
 0.4437287797573346   10   10    7    7
 6.169397471712707e-10   10   10    8    1
 5.788196330835126e-10   10   10    8    2
 1.723603198144384e-10   10   10    8    3
 -1.421975312976237e-09   10   10    8    4
 -2.451251137569915e-10   10   10    8    5
 4.387668682389409e-10   10   10    8    6
 0.09548880690601974   10   10    8    7
 0.444160010796378   10   10    8    8
 -1.165267464433303e-09   10   10    9    1
 2.644410518321573e-10   10   10    9    2
 9.806378546256506e-10   10   10    9    3
 4.181368998962036e-10   10   10    9    4
 -2.455142811490444e-10   10   10    9    5
 -6.244136290576071e-10   10   10    9    6
 0.0958067285683647   10   10    9    7
 -0.09548871861681038   10   10    9    8
 0.4437288443649703   10   10    9    9
 -1.225779284881486e-10   10   10   10    1
 -1.228435847275634e-10   10   10   10    2
 1.228126752054488e-10   10   10   10    3
 -1.22718604672729e-10   10   10   10    4
 2.626499328790634e-09   10   10   10    5
 1.226253562184391e-10   10   10   10    6
 0.0003932157237669702   10   10   10    7
 -0.0003925111821499041   10   10   10    8
 -0.0003932112583221809   10   10   10    9
 0.5639629037866211   10   10   10   10
 -1.158136394260938e-09   11    1    1    1
 4.034538788914987e-10   11    1    2    1
 -1.13426807179322e-09   11    1    2    2
 -4.255697936520164e-10   11    1    3    1
 -7.424258576137225e-11   11    1    3    2
 -1.138686676939794e-09   11    1    3    3
 1.172453282193474e-10   11    1    4    1
 5.196186292194025e-11   11    1    4    2
 -3.42738567569508e-10   11    1    4    3
 -1.120327156470852e-09   11    1    4    4
 7.566606693685123e-11   11    1    5    1
 6.824320042850176e-11   11    1    5    2
 -5.701254911766122e-11   11    1    5    3
 6.343541255356185e-11   11    1    5    4
 -1.061560329764464e-09   11    1    5    5
 -1.964606794354974e-11   11    1    6    1
 -3.395032273806226e-10   11    1    6    2
 8.931807818718983e-11   11    1    6    3
 -3.440696766487975e-10   11    1    6    4
 -6.416620170130848e-11   11    1    6    5
 -1.078471281199534e-09   11    1    6    6
 -0.00460558313846355   11    1    7    1
 0.05278463593273178   11    1    7    2
 0.02453490318115435   11    1    7    3
 -0.02015740508944428   11    1    7    4
 0.002960204702376566   11    1    7    5
 -0.02631289393499398   11    1    7    6
 6.254176845640026e-10   11    1    7    7
 0.02696053716639932   11    1    8    1
 0.02066794716208408   11    1    8    2
 0.00591661618123639   11    1    8    3
 -0.05821971533255141   11    1    8    4
 -0.00380846637795534   11    1    8    5
 0.01470983612702149   11    1    8    6
 1.916157551033917e-10   11    1    8    7
 6.543228378464211e-10   11    1    8    8
 -0.050868137686688   11    1    9    1
 0.0152955895882229   11    1    9    2
 0.03882571708355768   11    1    9    3
 0.02056845107483172   11    1    9    4
 -0.007213685212849409   11    1    9    5
 -0.01991019174737522   11    1    9    6
 2.339603550000292e-10   11    1    9    7
 -2.616268150741351e-10   11    1    9    8
 7.038539181759286e-10   11    1    9    9
 -0.009602313498440325   11    1   10    1
 -0.008133815075187782   11    1   10    2
 0.00711389329252763   11    1   10    3
 -0.009110636265839611   11    1   10    4
 0.08080820285134802   11    1   10    5
 0.01099770239223599   11    1   10    6
 2.678495235542513e-11   11    1   10    7
 -1.524744714126993e-11   11    1   10    8
 -3.321609319971579e-11   11    1   10    9
 8.810299043654413e-10   11    1   10   10
 0.05268271576551995   11    1   11    1
 1.267057510115219e-09   11    2    1    1
 -4.557068473634921e-10   11    2    2    1
 1.300719756292949e-09   11    2    2    2
 3.843939422352526e-10   11    2    3    1
 5.571023847268855e-11   11    2    3    2
 1.224100371901231e-09   11    2    3    3
 -7.216130332536087e-11   11    2    4    1
 -9.552024543104116e-11   11    2    4    2
 3.884503077283823e-10   11    2    4    3
 1.248929142756568e-09   11    2    4    4
 -8.159321785318633e-11   11    2    5    1
 -8.168865123328976e-11   11    2    5    2
 6.720737984567342e-11   11    2    5    3
 -7.283264969601127e-11   11    2    5    4
 1.191679219604417e-09   11    2    5    5
 8.213013042565169e-11   11    2    6    1
 4.785835235586197e-10   11    2    6    2
 -8.485900263254135e-11   11    2    6    3
 3.841670212831875e-10   11    2    6    4
 6.444410033508253e-11   11    2    6    5
 1.290248203529665e-09   11    2    6    6
 0.008411193055459211   11    2    7    1
 -0.06590592992535188   11    2    7    2
 -0.0235930578617656   11    2    7    3
 0.0247683797625967   11    2    7    4
 -0.00741206584756823   11    2    7    5
 0.02841295597812613   11    2    7    6
 -7.83406247872176e-10   11    2    7    7
 -0.02549140630628782   11    2    8    1
 -0.02881016765331717   11    2    8    2
 -0.005579663695805186   11    2    8    3
 0.06412806960836503   11    2    8    4
 0.003950439326747003   11    2    8    5
 -0.01949209228724457   11    2    8    6
 -2.862248756401389e-10   11    2    8    7
 -7.313446341391449e-10   11    2    8    8
 0.05254241097942459   11    2    9    1
 -0.01454711535629357   11    2    9    2
 -0.04159108654322205   11    2    9    3
 -0.01906735691180848   11    2    9    4
 0.004276081346217047   11    2    9    5
 0.02625558079460701   11    2    9    6
 -2.636469447029984e-10   11    2    9    7
 2.189646741634186e-10   11    2    9    8
 -7.073567520279115e-10   11    2    9    9
 0.009070538893342106   11    2   10    1
 0.01078805750043817   11    2   10    2
 -0.01128934554585416   11    2   10    3
 0.01130544797545291   11    2   10    4
 -0.09040758146575507   11    2   10    5
 -0.00811320923377859   11    2   10    6
 -3.539267134543983e-11   11    2   10    7
 1.427589371749014e-11   11    2   10    8
 3.445373293791278e-11   11    2   10    9
 -9.848511216777117e-10   11    2   10   10
 -0.04960055584007934   11    2   11    1
 0.06394960704315707   11    2   11    2
 -9.218774422590909e-10   11    3    1    1
 2.668807070570414e-10   11    3    2    1
 -8.694384366976194e-10   11    3    2    2
 -3.154641196381399e-10   11    3    3    1
 -1.938890192760905e-11   11    3    3    2
 -9.511553455656258e-10   11    3    3    3
 7.495744369551244e-11   11    3    4    1
 8.704221757273877e-11   11    3    4    2
 -3.102535822835115e-10   11    3    4    3
 -8.77134415134316e-10   11    3    4    4
 4.069651911072563e-11   11    3    5    1
 6.412640395441765e-11   11    3    5    2
 -7.064708483825056e-11   11    3    5    3
 5.403219024348208e-11   11    3    5    4
 -8.789193970317853e-10   11    3    5    5
 -2.905592060416233e-11   11    3    6    1
 -2.596121094124383e-10   11    3    6    2
 1.485650919531219e-10   11    3    6    3
 -2.746879404163886e-10   11    3    6    4
 -5.507733676946912e-11   11    3    6    5
 -9.056680195667654e-10   11    3    6    6
 -0.001793790675676603   11    3    7    1
 0.04300229255529949   11    3    7    2
 0.02245059541212573   11    3    7    3
 -0.02042847120923547   11    3    7    4
 0.0010883128706591   11    3    7    5
 -0.02577712300212175   11    3    7    6
 5.792985603982176e-10   11    3    7    7
 0.02055967355943736   11    3    8    1
 0.01882013520087573   11    3    8    2
 0.004660737653925309   11    3    8    3
 -0.05127808050654811   11    3    8    4
 -0.007213437276413283   11    3    8    5
 0.01104344107153797   11    3    8    6
 2.273616781240489e-10   11    3    8    7
 5.768560866762733e-10   11    3    8    8
 -0.034867673297568   11    3    9    1
 0.008077933973196283   11    3    9    2
 0.03595520822054014   11    3    9    3
 0.01573778534039524   11    3    9    4
 -0.003966491968042011   11    3    9    5
 -0.02201586407512506   11    3    9    6
 1.797625569651296e-10   11    3    9    7
 -1.895653085900185e-10   11    3    9    8
 5.322300136758031e-10   11    3    9    9
 -0.005890742655984816   11    3   10    1
 -0.01036007549137392   11    3   10    2
 0.007821676416745875   11    3   10    3
 -0.005851479852644949   11    3   10    4
 0.07056185226872022   11    3   10    5
 0.005973965622999222   11    3   10    6
 -9.208251754488274e-12   11    3   10    7
 -4.579600219629813e-11   11    3   10    8
 -3.110739076769943e-11   11    3   10    9
 7.741355989363831e-10   11    3   10   10
 0.03656298481719879   11    3   11    1
 -0.03809704973870264   11    3   11    2
 0.03922534333649368   11    3   11    3
 3.415202994314524e-10   11    4    1    1
 -1.021918237538734e-10   11    4    2    1
 3.366226616508939e-10   11    4    2    2
 1.093874710006166e-10   11    4    3    1
 4.818646263979561e-11   11    4    3    2
 2.994802665226472e-10   11    4    3    3
 -7.42971101138287e-11   11    4    4    1
 2.149119420686609e-11   11    4    4    2
 1.011574636483267e-10   11    4    4    3
 3.614274464185805e-10   11    4    4    4
 -1.092777722964947e-11   11    4    5    1
 -3.142366871405695e-11   11    4    5    2
 4.16644770409686e-11   11    4    5    3
 -2.513967454946101e-11   11    4    5    4
 3.319780930034077e-10   11    4    5    5
 -3.003351481273492e-12   11    4    6    1
 9.896613755155461e-11   11    4    6    2
 -2.500578238674922e-11   11    4    6    3
 1.477327556554417e-10   11    4    6    4
 -4.102139175649458e-12   11    4    6    5
 3.958070279770263e-10   11    4    6    6
 -0.0006423581116485739   11    4    7    1
 -0.0163050438700983   11    4    7    2
 -0.01007388876678961   11    4    7    3
 0.007393254662311433   11    4    7    4
 0.001007090444968536   11    4    7    5
 0.009429236103798738   11    4    7    6
 -2.230932902570333e-10   11    4    7    7
 -0.01070515661539948   11    4    8    1
 -0.003936216558575981   11    4    8    2
 -0.005023389033694366   11    4    8    3
 0.01979141355617874   11    4    8    4
 0.001955189000680958   11    4    8    5
 8.533272694346349e-05   11    4    8    6
 -8.463687176377731e-11   11    4    8    7
 -2.109880641563956e-10   11    4    8    8
 0.0141319904986395   11    4    9    1
 -0.005233889538617933   11    4    9    2
 -0.01277070577849618   11    4    9    3
 -0.006393174210770122   11    4    9    4
 0.003552416328921487   11    4    9    5
 0.004958298509635777   11    4    9    6
 -7.045838900281499e-11   11    4    9    7
 6.47394403121204e-11   11    4    9    8
 -1.941505317063393e-10   11    4    9    9
 0.0003478786020182775   11    4   10    1
 0.005877924638140858   11    4   10    2
 -0.0030834301016498   11    4   10    3
 0.002977118546761037   11    4   10    4
 -0.02594595410893483   11    4   10    5
 -0.001516190531609235   11    4   10    6
 2.615359149946642e-11   11    4   10    7
 1.114925818556368e-11   11    4   10    8
 3.95650726325681e-11   11    4   10    9
 -2.834661048136748e-10   11    4   10   10
 -0.01547801105672523   11    4   11    1
 0.01378154939044089   11    4   11    2
 -0.01227435767483208   11    4   11    3
 0.01298191301112576   11    4   11    4
 5.104178960798992e-11   11    5    1    1
 -8.669899267654266e-12   11    5    2    1
 -5.799899156011408e-11   11    5    2    2
 -2.54107961099129e-11   11    5    3    1
 -1.022536828879515e-11   11    5    3    2
 -3.05883152394573e-11   11    5    3    3
 -1.072174490771801e-11   11    5    4    1
 1.555067890812303e-11   11    5    4    2
 4.915381900600615e-11   11    5    4    3
 -1.375369813646723e-11   11    5    4    4
 -9.60172311603497e-11   11    5    5    1
 1.098412191669374e-10   11    5    5    2
 -5.202554649743888e-11   11    5    5    3
 2.483112199448238e-11   11    5    5    4
 -5.671347144377737e-13   11    5    5    5
 1.078106976597365e-11   11    5    6    1
 1.025445232414486e-11   11    5    6    2
 -3.606796073318097e-12   11    5    6    3
 -4.190321381192876e-11   11    5    6    4
 9.084305971070238e-11   11    5    6    5
 5.169057651289155e-11   11    5    6    6
 0.0005916063337537513   11    5    7    1
 0.002844824782970103   11    5    7    2
 0.0003381015020089589   11    5    7    3
 -0.001983199826924734   11    5    7    4
 0.0006479536663869384   11    5    7    5
 -0.0007073699501723384   11    5    7    6
 7.611982290130379e-12   11    5    7    7
 -0.00143296356768363   11    5    8    1
 0.00183438396304006   11    5    8    2
 0.001651442802126104   11    5    8    3
 -8.666417560142203e-05   11    5    8    4
 -2.012017108295899e-08   11    5    8    5
 -0.001336632099590759   11    5    8    6
 5.715152129036632e-12   11    5    8    7
 -4.379227581694797e-14   11    5    8    8
 0.002563333567050985   11    5    9    1
 0.0003590498586197607   11    5    9    2
 -0.001454916673593188   11    5    9    3
 -0.001954219387776369   11    5    9    4
 0.0006480599331730338   11    5    9    5
 0.0006002516926759991   11    5    9    6
 -3.661778623546136e-14   11    5    9    7
 5.728930090834552e-12   11    5    9    8
 -7.761187812494857e-12   11    5    9    9
 0.005351569197671014   11    5   10    1
 -0.00601136304363797   11    5   10    2
 0.004369546598846364   11    5   10    3
 -0.001661100962145051   11    5   10    4
 -4.426844953586938e-07   11    5   10    5
 -0.006690670096039943   11    5   10    6
 1.619849928798363e-12   11    5   10    7
 5.985761181771687e-14   11    5   10    8
 1.692078369487624e-12   11    5   10    9
 -7.042940997512775e-13   11    5   10   10
 -0.002109138347764046   11    5   11    1
 -0.001993223519535742   11    5   11    2
 0.001528839088056833   11    5   11    3
 -0.001697031885152431   11    5   11    4
 0.009938293982912433   11    5   11    5
 1.345731661779044e-09   11    6    1    1
 -4.143751189567734e-10   11    6    2    1
 1.399714924150563e-09   11    6    2    2
 4.071502261527058e-10   11    6    3    1
 6.736954778952789e-11   11    6    3    2
 1.380803668607778e-09   11    6    3    3
 -1.092271411842604e-10   11    6    4    1
 -1.097336045144935e-10   11    6    4    2
 4.214824704970334e-10   11    6    4    3
 1.379368236113172e-09   11    6    4    4
 -9.228297248019119e-11   11    6    5    1
 -7.07723286748664e-11   11    6    5    2
 8.391958662818297e-11   11    6    5    3
 -7.588139740844855e-11   11    6    5    4
 1.340630697650663e-09   11    6    5    5
 6.594495546591172e-11   11    6    6    1
 4.861554527674713e-10   11    6    6    2
 -1.671573042131717e-10   11    6    6    3
 4.931391653802371e-10   11    6    6    4
 1.060362012360272e-10   11    6    6    5
 1.453534524044893e-09   11    6    6    6
 0.005677699921666527   11    6    7    1
 -0.06553959470386726   11    6    7    2
 -0.0301271103428351   11    6    7    3
 0.0300783862127045   11    6    7    4
 -0.006355750730764247   11    6    7    5
 0.03918860125164821   11    6    7    6
 -8.255228446288673e-10   11    6    7    7
 -0.02903865540985675   11    6    8    1
 -0.0313232327197954   11    6    8    2
 -0.003393266927202637   11    6    8    3
 0.07573789261140848   11    6    8    4
 0.00931081839270855   11    6    8    5
 -0.02260207105605028   11    6    8    6
 -2.938601633692281e-10   11    6    8    7
 -8.651661138718991e-10   11    6    8    8
 0.05760423500655298   11    6    9    1
 -0.01314820188218341   11    6    9    2
 -0.05122271744860175   11    6    9    3
 -0.02373299442017836   11    6    9    4
 0.002758639033031539   11    6    9    5
 0.03437470657085204   11    6    9    6
 -2.801125273144124e-10   11    6    9    7
 3.246873269710027e-10   11    6    9    8
 -8.655529617818213e-10   11    6    9    9
 0.01403069252910451   11    6   10    1
 0.00932459319345985   11    6   10    2
 -0.01101546572913623   11    6   10    3
 0.008954073010404111   11    6   10    4
 -0.1061076008773477   11    6   10    5
 -0.01198409287180578   11    6   10    6
 -4.634560339647345e-11   11    6   10    7
 5.590365879977924e-11   11    6   10    8
 -1.339936915026506e-12   11    6   10    9
 -1.162430447473182e-09   11    6   10   10
 -0.05274302112609936   11    6   11    1
 0.06213819066415247   11    6   11    2
 -0.04699102424111851   11    6   11    3
 0.01638417417722269   11    6   11    4
 0.001524334002906741   11    6   11    5
 0.0791469779339689   11    6   11    6
 -0.002301581966281934   11    7    1    1
 0.002017038441675003   11    7    2    1
 -0.01025505564015355   11    7    2    2
 -0.0002195940707309301   11    7    3    1
 0.00057806264977379   11    7    3    2
 0.006494625307489619   11    7    3    3
 -0.003284705601966171   11    7    4    1
 -0.0006326862389165363   11    7    4    2
 -0.001198365585765246   11    7    4    3
 0.004885088351852539   11    7    4    4
 -0.001519070414618928   11    7    5    1
 -0.003461978082999917   11    7    5    2
 -0.002001736389916266   11    7    5    3
 0.003802346026567351   11    7    5    4
 0.006031742150100525   11    7    5    5
 -0.002819669390869474   11    7    6    1
 -0.002212736247540144   11    7    6    2
 -0.005530189771542576   11    7    6    3
 0.001213668085428607   11    7    6    4
 0.0002555726518780098   11    7    6    5
 0.004059779573369698   11    7    6    6
 4.089563783233176e-11   11    7    7    1
 -2.014122478218299e-10   11    7    7    2
 -7.245492576068391e-12   11    7    7    3
 2.24595093494288e-11   11    7    7    4
 -7.722647345797551e-11   11    7    7    5
 3.342423911954266e-11   11    7    7    6
 0.0007070291827187403   11    7    7    7
 -5.626356146585861e-11   11    7    8    1
 -8.032363598231742e-11   11    7    8    2
 3.825735346237894e-12   11    7    8    3
 8.452326849100076e-11   11    7    8    4
 -6.434965137402904e-11   11    7    8    5
 -4.110466304047427e-11   11    7    8    6
 0.0004279376951673631   11    7    8    7
 0.003532030289304741   11    7    8    8
 1.235844920802945e-10   11    7    9    1
 -4.820511357973332e-11   11    7    9    2
 -5.789807882054879e-11   11    7    9    3
 -2.629400760035746e-11   11    7    9    4
 8.070981577674898e-12   11    7    9    5
 4.366189985751592e-11   11    7    9    6
 0.0005280598545036437   11    7    9    7
 -0.001354662489309856   11    7    9    8
 0.002180541440110611   11    7    9    9
 2.15687483331476e-11   11    7   10    1
 8.176053617455299e-12   11    7   10    2
 -3.579211598910181e-11   11    7   10    3
 5.130639148039608e-11   11    7   10    4
 -1.386172461457761e-10   11    7   10    5
 -2.467568013806562e-11   11    7   10    6
 -0.002105683724518453   11    7   10    7
 -0.002991411896691346   11    7   10    8
 -0.0001086943353436364   11    7   10    9
 0.00431355262063746   11    7   10   10
 -1.102813948856619e-10   11    7   11    1
 2.291126926496477e-10   11    7   11    2
 -5.573813033256866e-13   11    7   11    3
 -2.302530593630853e-11   11    7   11    4
 -6.789722933229845e-12   11    7   11    5
 6.465338650722359e-11   11    7   11    6
 0.01168381713593341   11    7   11    7
 0.002604784839532421   11    8    1    1
 0.0001130655691021285   11    8    2    1
 -0.003316746549925609   11    8    2    2
 0.002163012596116029   11    8    3    1
 0.001641470359219827   11    8    3    2
 0.006441848772513553   11    8    3    3
 -0.005344247878646242   11    8    4    1
 0.004912178868276462   11    8    4    2
 -0.003345083090398304   11    8    4    3
 0.002514418121658786   11    8    4    4
 0.002357116832020415   11    8    5    1
 -0.003083718028735759   11    8    5    2
 -0.003538488731262477   11    8    5    3
 0.0002976426241293682   11    8    5    4
 -1.722671975982256e-08   11    8    5    5
 -0.002145170712769648   11    8    6    1
 -0.002603899905645597   11    8    6    2
 -7.136844947131321e-05   11    8    6    3
 0.003899708339766275   11    8    6    4
 0.003109683852615161   11    8    6    5
 -0.008242561261243665   11    8    6    6
 5.539096457307822e-12   11    8    7    1
 -3.536089399213652e-11   11    8    7    2
 3.718738307551691e-11   11    8    7    3
 3.101822823885602e-12   11    8    7    4
 -7.197776090692296e-11   11    8    7    5
 1.393556780743799e-11   11    8    7    6
 -0.001548509025817072   11    8    7    7
 4.579721170592682e-11   11    8    8    1
 -5.136528889648398e-11   11    8    8    2
 3.343073829799384e-11   11    8    8    3
 -1.395130757977895e-11   11    8    8    4
 -8.72368169301055e-14   11    8    8    5
 -5.255574998554138e-11   11    8    8    6
 0.0001956635944123052   11    8    8    7
 3.261259034308009e-07   11    8    8    8
 -2.672791399241479e-11   11    8    9    1
 1.338215429314033e-12   11    8    9    2
 2.618676304619e-11   11    8    9    3
 1.052052368003434e-11   11    8    9    4
 -7.204703894180202e-11   11    8    9    5
 3.735232094869976e-11   11    8    9    6
 6.432111677461033e-08   11    8    9    7
 0.0001954712067179637   11    8    9    8
 0.001548797176790568   11    8    9    9
 1.659790639608817e-11   11    8   10    1
 -2.141456000423562e-11   11    8   10    2
 -1.73658794756432e-11   11    8   10    3
 7.722729510923547e-13   11    8   10    4
 7.063365938026017e-13   11    8   10    5
 1.353099746423373e-11   11    8   10    6
 -0.00285431300351732   11    8   10    7
 -1.436060788307306e-07   11    8   10    8
 -0.00285405761050057   11    8   10    9
 1.407225255635641e-07   11    8   10   10
 5.543315568621518e-11   11    8   11    1
 4.511855513167594e-11   11    8   11    2
 4.305907118758897e-11   11    8   11    3
 -1.370531813635797e-10   11    8   11    4
 -3.003007210072556e-11   11    8   11    5
 6.45975809091101e-11   11    8   11    6
 0.003930243061032061   11    8   11    7
 0.01190543976442988   11    8   11    8
 -0.009581951453907887   11    9    1    1
 0.002398999187044783   11    9    2    1
 -0.001517111787217524   11    9    2    2
 -0.0004743784869144451   11    9    3    1
 -0.003273852871612113   11    9    3    2
 0.002719117060629462   11    9    3    3
 0.001028678562355944   11    9    4    1
 -0.003680322942827054   11    9    4    2
 -0.0004362316103896149   11    9    4    3
 0.003575474707926244   11    9    4    4
 -0.003405875969435355   11    9    5    1
 -0.0009682600091624268   11    9    5    2
 0.001148531151937113   11    9    5    3
 0.003504107369145412   11    9    5    4
 0.006033188527424932   11    9    5    5
 0.001796889198172642   11    9    6    1
 -0.0006194391416589318   11    9    6    2
 -0.006032562051627319   11    9    6    3
 -0.0005047776771451431   11    9    6    4
 -0.00258583625782367   11    9    6    5
 0.00769154163809469   11    9    6    6
 2.345688260665954e-11   11    9    7    1
 -1.353691697461156e-10   11    9    7    2
 -5.525684516697939e-11   11    9    7    3
 2.460605714208198e-11   11    9    7    4
 -7.97633099497064e-12   11    9    7    5
 3.108068101657534e-11   11    9    7    6
 0.002181581994778043   11    9    7    7
 -8.518213725778442e-11   11    9    8    1
 -4.750850146320565e-11   11    9    8    2
 -1.586665796285351e-11   11    9    8    3
 9.268268523177048e-11   11    9    8    4
 -6.435541436097346e-11   11    9    8    5
 -9.207641687266085e-12   11    9    8    6
 0.001355075172579387   11    9    8    7
 0.003532804137586193   11    9    8    8
 1.77300908560941e-10   11    9    9    1
 -6.499360092824346e-11   11    9    9    2
 -8.008567437175061e-11   11    9    9    3
 -4.016817090633708e-11   11    9    9    4
 7.720409411311992e-11   11    9    9    5
 -1.17652359076016e-11   11    9    9    6
 0.0005283410137008416   11    9    9    7
 -0.0004282798538834157   11    9    9    8
 0.0007078741455197361   11    9    9    9
 1.010610931397082e-11   11    9   10    1
 2.338357994037921e-11   11    9   10    2
 -1.894349915854703e-11   11    9   10    3
 4.980141359289807e-11   11    9   10    4
 -1.38452971488575e-10   11    9   10    5
 -3.938215112281365e-11   11    9   10    6
 0.0001091068074315784   11    9   10    7
 -0.002991214928317497   11    9   10    8
 0.002105855463699065   11    9   10    9
 0.00431489615493177   11    9   10   10
 -2.036275135882066e-10   11    9   11    1
 1.44024454696515e-10   11    9   11    2
 7.562405425907678e-13   11    9   11    3
 7.20935493842897e-11   11    9   11    4
 6.732873444989564e-12   11    9   11    5
 4.350724891476124e-11   11    9   11    6
 0.004946576358750911   11    9   11    7
 -0.00393037381471272   11    9   11    8
 0.01168380439682921   11    9   11    9
 -0.007422569861491813   11   10    1    1
 0.000966164359305599   11   10    2    1
 0.00861993338967996   11   10    2    2
 0.003296798544685357   11   10    3    1
 -0.001099271404479396   11   10    3    2
 0.00251757096775488   11   10    3    3
 0.0002104862762078021   11   10    4    1
 0.0001458461129382582   11   10    4    2
 -0.004789054348190965   11   10    4    3
 0.001636751787460487   11   10    4    4
 0.005177454959255613   11   10    5    1
 -0.005784832553580357   11   10    5    2
 0.004617095291218555   11   10    5    3
 -0.001680476451691354   11   10    5    4
 -8.389340391827211e-08   11   10    5    5
 0.00132301939356422   11   10    6    1
 -0.001684506063406071   11   10    6    2
 -0.0001325534554407197   11   10    6    3
 0.004142978009802096   11   10    6    4
 -0.006905005817819864   11   10    6    5
 -0.005351720343930428   11   10    6    6
 3.25529227911482e-11   11   10    7    1
 6.585232686419228e-11   11   10    7    2
 1.296492053522709e-11   11   10    7    3
 -2.86964126164157e-11   11   10    7    4
 1.418219965570055e-12   11   10    7    5
 -1.494123182457949e-11   11   10    7    6
 0.005064981959428288   11   10    7    7
 -2.18325736568776e-11   11   10    8    1
 2.713822392055631e-11   11   10    8    2
 4.793655563301979e-11   11   10    8    3
 -2.992424758432931e-12   11   10    8    4
 3.227726190775374e-13   11   10    8    5
 -4.710234083240519e-11   11   10    8    6
 0.004506713413430361   11   10    8    7
 3.769885863398804e-07   11   10    8    8
 7.033823765331535e-11   11   10    9    1
 2.200523968258759e-11   11   10    9    2
 -3.100584070900692e-11   11   10    9    3
 -2.816600054366445e-11   11   10    9    4
 1.920797104665901e-12   11   10    9    5
 2.050826238071344e-11   11   10    9    6
 -3.327739310229918e-07   11   10    9    7
 0.004506408268519347   11   10    9    8
 -0.005065369116132469   11   10    9    9
 8.18023994671304e-11   11   10   10    1
 -9.191470060638611e-11   11   10   10    2
 5.318147989080286e-11   11   10   10    3
 -2.238747110160052e-11   11   10   10    4
 -4.362427559001168e-12   11   10   10    5
 -8.796943480940616e-11   11   10   10    6
 -0.0008657948703568146   11   10   10    7
 9.660730375791588e-08   11   10   10    8
 -0.0008658122094591741   11   10   10    9
 -8.868413424814172e-09   11   10   10   10
 -6.880372405664658e-11   11   10   11    1
 -6.530850446172937e-11   11   10   11    2
 7.27466851940368e-11   11   10   11    3
 -8.087457494460229e-11   11   10   11    4
 1.422492377243291e-10   11   10   11    5
 7.873362162833775e-11   11   10   11    6
 -0.0004545641399799917   11   10   11    7
 0.001458174446323957   11   10   11    8
 0.000454410688845226   11   10   11    9
 0.01782258401018893   11   10   11   10
 0.4475222538544626   11   11    1    1
 -0.03964287217590763   11   11    2    1
 0.4488301250851223   11   11    2    2
 0.03849721367797838   11   11    3    1
 0.03909183077265802   11   11    3    2
 0.4506553586153531   11   11    3    3
 -0.04467077997418541   11   11    4    1
 -0.04295275104227727   11   11    4    2
 0.03520445671789549   11   11    4    3
 0.4506838356507862   11   11    4    4
 -0.0163952319661866   11   11    5    1
 -0.01616347521882599   11   11    5    2
 0.01415173208596517   11   11    5    3
 -0.01213477814915873   11   11    5    4
 0.5042030868629844   11   11    5    5
 0.03827338192277899   11   11    6    1
 0.04024151615665166   11   11    6    2
 -0.04834031387795422   11   11    6    3
 0.03735575123061286   11   11    6    4
 0.0136638219117985   11   11    6    5
 0.454087846733627   11   11    6    6
 -1.594145706261014e-10   11   11    7    1
 1.95871278880268e-09   11   11    7    2
 8.543396782539444e-10   11   11    7    3
 -7.93021300105031e-10   11   11    7    4
 2.456284792779253e-10   11   11    7    5
 -1.022933924712054e-09   11   11    7    6
 0.431264922634865   11   11    7    7
 8.632450074852231e-10   11   11    8    1
 8.293957180257535e-10   11   11    8    2
 2.114772351558664e-10   11   11    8    3
 -2.135879277082802e-09   11   11    8    4
 -3.208576334309743e-10   11   11    8    5
 6.133005741038939e-10   11   11    8    6
 0.09119152104980342   11   11    8    7
 0.433544944934406   11   11    8    8
 -1.69651442940224e-09   11   11    9    1
 4.281100714100307e-10   11   11    9    2
 1.425396109971945e-09   11   11    9    3
 6.543199352212855e-10   11   11    9    4
 -2.456011820183329e-10   11   11    9    5
 -8.643756883806671e-10   11   11    9    6
 0.09060625194193139   11   11    9    7
 -0.09119141118688666   11   11    9    8
 0.4312646955480631   11   11    9    9
 -2.983318261023439e-10   11   11   10    1
 -2.970927888407585e-10   11   11   10    2
 2.871944347235811e-10   11   11   10    3
 -2.743771471222093e-10   11   11   10    4
 3.09462971713153e-09   11   11   10    5
 2.846485795870279e-10   11   11   10    6
 -0.002942313463470654   11   11   10    7
 0.000259858052879277   11   11   10    8
 0.002942739913534099   11   11   10    9
 0.5151455461883021   11   11   10   10
 1.567812992140683e-09   11   11   11    1
 -1.756618195071961e-09   11   11   11    2
 1.331131105339953e-09   11   11   11    3
 -4.959673830269456e-10   11   11   11    4
 1.283088817600718e-13   11   11   11    5
 -2.016818135907197e-09   11   11   11    6
 0.0018995989810017   11   11   11    7
 3.528192167795056e-07   11   11   11    8
 0.001900787128385085   11   11   11    9
 -1.216529449939836e-08   11   11   11   10
 0.544338174320157   11   11   11   11
 -1.080028609062895e-09   12    1    1    1
 3.428111750338546e-10   12    1    2    1
 -9.904857831808548e-10   12    1    2    2
 -3.737856643122704e-10   12    1    3    1
 -8.52725380976702e-11   12    1    3    2
 -1.064823473871565e-09   12    1    3    3
 4.074801796440298e-11   12    1    4    1
 8.95275862240183e-11   12    1    4    2
 -3.072172102081768e-10   12    1    4    3
 -1.008555596806863e-09   12    1    4    4
 8.087467371911952e-11   12    1    5    1
 6.901986387030278e-11   12    1    5    2
 -3.691938599203829e-11   12    1    5    3
 7.4165521215563e-11   12    1    5    4
 -9.993801114738737e-10   12    1    5    5
 -1.413344965188237e-10   12    1    6    1
 -3.122501961714024e-10   12    1    6    2
 3.899395407668382e-11   12    1    6    3
 -3.010410517976246e-10   12    1    6    4
 -5.913383219213945e-11   12    1    6    5
 -1.020406616687157e-09   12    1    6    6
 -0.00498054196812761   12    1    7    1
 0.05344583421377457   12    1    7    2
 0.02206940432429276   12    1    7    3
 -0.02032841464096608   12    1    7    4
 0.007047657427087285   12    1    7    5
 -0.02436524926121554   12    1    7    6
 6.34755641166506e-10   12    1    7    7
 0.02587512540447122   12    1    8    1
 0.02432628342637454   12    1    8    2
 0.00704328391735256   12    1    8    3
 -0.0531611282249264   12    1    8    4
 -0.001331016844849815   12    1    8    5
 0.01786641496631957   12    1    8    6
 2.357720699115126e-10   12    1    8    7
 6.563635310592225e-10   12    1    8    8
 -0.04869695143055024   12    1    9    1
 0.01133796272158525   12    1    9    2
 0.03227553919214955   12    1    9    3
 0.01512664516256306   12    1    9    4
 -0.005640562709707707   12    1    9    5
 -0.02464410618966374   12    1    9    6
 2.129060634659742e-10   12    1    9    7
 -2.239588100076268e-10   12    1    9    8
 6.210994813200683e-10   12    1    9    9
 -0.008924859003139118   12    1   10    1
 -0.007192047530253321   12    1   10    2
 0.006280849786910472   12    1   10    3
 -0.01162873646523541   12    1   10    4
 0.07971733229604069   12    1   10    5
 0.006999481723137997   12    1   10    6
 5.431818798666863e-11   12    1   10    7
 1.265951717659934e-11   12    1   10    8
 -3.686948707425288e-11   12    1   10    9
 8.745593005576024e-10   12    1   10   10
 0.04121552477856037   12    1   11    1
 -0.04511682959158005   12    1   11    2
 0.03129040425937719   12    1   11    3
 -0.009775056531342049   12    1   11    4
 -6.628231313431901e-05   12    1   11    5
 -0.04583466483491045   12    1   11    6
 -1.505735270094399e-10   12    1   11    7
 -1.986639673644989e-11   12    1   11    8
 -1.30145092889237e-10   12    1   11    9
 -6.674013276226109e-12   12    1   11   10
 1.351609430964908e-09   12    1   11   11
 0.04791654864657943   12    1   12    1
 -3.463545398597433e-10   12    2    1    1
 1.119013921678789e-10   12    2    2    1
 -4.20639833651146e-10   12    2    2    2
 -1.226355425981662e-10   12    2    3    1
 -9.863007394776319e-11   12    2    3    2
 -3.986860874331097e-10   12    2    3    3
 5.158675779942549e-11   12    2    4    1
 -1.068299704479665e-11   12    2    4    2
 -1.110586433482889e-10   12    2    4    3
 -3.854276530154198e-10   12    2    4    4
 3.932119961142574e-11   12    2    5    1
 3.377408494698169e-11   12    2    5    2
 -1.826248372940599e-11   12    2    5    3
 3.728210468004982e-11   12    2    5    4
 -3.922394745229057e-10   12    2    5    5
 -3.806095094678533e-11   12    2    6    1
 -1.490427163743239e-10   12    2    6    2
 -3.282851193423642e-12   12    2    6    3
 -1.137567463165858e-10   12    2    6    4
 2.084878405702674e-13   12    2    6    5
 -4.337194769091505e-10   12    2    6    6
 0.001118054742821992   12    2    7    1
 0.02227504877513841   12    2    7    2
 0.01247743800630409   12    2    7    3
 -0.005215474822486075   12    2    7    4
 0.002230343914462898   12    2    7    5
 -0.005817450920117496   12    2    7    6
 2.356012490391217e-10   12    2    7    7
 0.01228463239540995   12    2    8    1
 0.009782610843905632   12    2    8    2
 0.004610525692837287   12    2    8    3
 -0.02062595408403786   12    2    8    4
 0.0007376553926048375   12    2    8    5
 0.007312724193501299   12    2    8    6
 8.961676910861662e-11   12    2    8    7
 2.768737414203543e-10   12    2    8    8
 -0.01896929232704667   12    2    9    1
 0.00530370251863557   12    2    9    2
 0.01380974808202138   12    2    9    3
 0.00757804699898939   12    2    9    4
 -0.004335391441336319   12    2    9    5
 -0.007420754149622445   12    2    9    6
 7.767933337498718e-11   12    2    9    7
 -1.045716272105118e-10   12    2    9    8
 2.527715490496109e-10   12    2    9    9
 -0.003100435401607345   12    2   10    1
 -0.003473195069402331   12    2   10    2
 0.0009131618386676181   12    2   10    3
 -0.006312066188981586   12    2   10    4
 0.03242230811236331   12    2   10    5
 0.001917842300281386   12    2   10    6
 1.715430193602883e-11   12    2   10    7
 2.38562404195003e-11   12    2   10    8
 -4.058015103620066e-11   12    2   10    9
 3.576848362921501e-10   12    2   10   10
 0.01485253416782951   12    2   11    1
 -0.01815213177652157   12    2   11    2
 0.008985242726820747   12    2   11    3
 -0.007062669339600237   12    2   11    4
 5.247712827404611e-05   12    2   11    5
 -0.01816362469836327   12    2   11    6
 -6.2296440316653e-11   12    2   11    7
 2.72693763296154e-11   12    2   11    8
 -8.937331678431292e-11   12    2   11    9
 5.693305751988546e-12   12    2   11   10
 5.159628875092553e-10   12    2   11   11
 0.01654457417502414   12    2   12    1
 0.01486459238081202   12    2   12    2
 -1.427612168923303e-09   12    3    1    1
 4.243451341343252e-10   12    3    2    1
 -1.404481479048485e-09   12    3    2    2
 -5.235959773059312e-10   12    3    3    1
 -1.530943741028753e-10   12    3    3    2
 -1.471565164546989e-09   12    3    3    3
 1.007158296141919e-10   12    3    4    1
 7.305880703618379e-11   12    3    4    2
 -4.988652105192872e-10   12    3    4    3
 -1.418371113491551e-09   12    3    4    4
 7.078299367509956e-11   12    3    5    1
 8.553829830256732e-11   12    3    5    2
 -9.99531945532552e-11   12    3    5    3
 8.657260512023771e-11   12    3    5    4
 -1.351891307435986e-09   12    3    5    5
 -1.098765110698238e-10   12    3    6    1
 -4.213767152773046e-10   12    3    6    2
 5.542953243651887e-11   12    3    6    3
 -4.297856868322779e-10   12    3    6    4
 -8.479490622508871e-11   12    3    6    5
 -1.365557650302013e-09   12    3    6    6
 -0.005367831225277973   12    3    7    1
 0.06951727891243244   12    3    7    2
 0.03401728997257508   12    3    7    3
 -0.02584084110339805   12    3    7    4
 0.003704473472702553   12    3    7    5
 -0.03427943463797097   12    3    7    6
 8.531677917387476e-10   12    3    7    7
 0.03295329793655539   12    3    8    1
 0.02823788134914505   12    3    8    2
 0.0079020453571555   12    3    8    3
 -0.07228942297332691   12    3    8    4
 -0.005158155053762576   12    3    8    5
 0.01913185070601041   12    3    8    6
 2.696421511396261e-10   12    3    8    7
 8.119402625062429e-10   12    3    8    8
 -0.0596543266590692   12    3    9    1
 0.01860482098982999   12    3    9    2
 0.05433830908715342   12    3    9    3
 0.0258278560152289   12    3    9    4
 -0.009127186421530918   12    3    9    5
 -0.02744868615971565   12    3    9    6
 3.245770300307728e-10   12    3    9    7
 -2.963222385821777e-10   12    3    9    8
 8.822280245596557e-10   12    3    9    9
 -0.008809834060708443   12    3   10    1
 -0.01205360032427498   12    3   10    2
 0.01212834388597125   12    3   10    3
 -0.0100631995847417   12    3   10    4
 0.1050383112235827   12    3   10    5
 0.01333329680521403   12    3   10    6
 6.672195798854573e-12   12    3   10    7
 -4.347411926737205e-11   12    3   10    8
 -4.677463164184587e-11   12    3   10    9
 1.146344472317433e-09   12    3   10   10
 0.05710057286405505   12    3   11    1
 -0.05903172794178871   12    3   11    2
 0.04622524380996655   12    3   11    3
 -0.01747272936809577   12    3   11    4
 -0.0003249246968715443   12    3   11    5
 -0.06371856233094313   12    3   11    6
 -1.086807788103673e-10   12    3   11    7
 4.251052996405079e-11   12    3   11    8
 -1.47799881850659e-10   12    3   11    9
 5.362906381349585e-12   12    3   11   10
 1.867437489069788e-09   12    3   11   11
 0.05216283180874617   12    3   12    1
 0.02187725885851605   12    3   12    2
 0.07993439344421838   12    3   12    3
 -1.090433493619988e-09   12    4    1    1
 3.462138921611066e-10   12    4    2    1
 -1.10009796121963e-09   12    4    2    2
 -3.411154719907611e-10   12    4    3    1
 -6.60781580466078e-11   12    4    3    2
 -1.146617407302586e-09   12    4    3    3
 3.825215153428018e-11   12    4    4    1
 7.282738963509235e-11   12    4    4    2
 -4.249822522791586e-10   12    4    4    3
 -1.153040877198856e-09   12    4    4    4
 6.14609366533367e-11   12    4    5    1
 5.747420014433758e-11   12    4    5    2
 -6.320617476058563e-11   12    4    5    3
 6.986785787572382e-11   12    4    5    4
 -1.051317767467055e-09   12    4    5    5
 -8.03895657052067e-11   12    4    6    1
 -3.408227228188365e-10   12    4    6    2
 6.29021445142998e-11   12    4    6    3
 -4.252424445910771e-10   12    4    6    4
 -6.665755251603638e-11   12    4    6    5
 -1.137053924244971e-09   12    4    6    6
 -0.004957850311068017   12    4    7    1
 0.05224508613336089   12    4    7    2
 0.02107624018599493   12    4    7    3
 -0.0234340310925061   12    4    7    4
 0.004125023677200697   12    4    7    5
 -0.02854366565080215   12    4    7    6
 6.301044177442619e-10   12    4    7    7
 0.02085870770178333   12    4    8    1
 0.02230568481592806   12    4    8    2
 0.001250996002753465   12    4    8    3
 -0.06189432304668895   12    4    8    4
 -0.006337825431043391   12    4    8    5
 0.01356857495501821   12    4    8    6
 2.473106825562923e-10   12    4    8    7
 6.922128946729594e-10   12    4    8    8
 -0.04447141439767565   12    4    9    1
 0.01109825150341665   12    4    9    2
 0.03910536041515481   12    4    9    3
 0.01915042958703676   12    4    9    4
 -0.003323777870323268   12    4    9    5
 -0.02258531154669774   12    4    9    6
 1.790574711182989e-10   12    4    9    7
 -2.429992324396814e-10   12    4    9    8
 6.255464318632549e-10   12    4    9    9
 -0.01050057913276497   12    4   10    1
 -0.009534635559243113   12    4   10    2
 0.007761080727563627   12    4   10    3
 -0.009567072264469128   12    4   10    4
 0.07857032481992644   12    4   10    5
 0.007667590018936982   12    4   10    6
 2.546085374942876e-11   12    4   10    7
 -2.819051903301693e-11   12    4   10    8
 -2.037156995635747e-11   12    4   10    9
 8.544205078511055e-10   12    4   10   10
 0.04178826600942288   12    4   11    1
 -0.04807204996567904   12    4   11    2
 0.03476974086023463   12    4   11    3
 -0.01352977250451834   12    4   11    4
 7.128929987753941e-05   12    4   11    5
 -0.05480769502257313   12    4   11    6
 -8.912667968334491e-11   12    4   11    7
 -4.350656624238504e-12   12    4   11    8
 -8.493958641362085e-11   12    4   11    9
 -2.679639706620135e-12   12    4   11   10
 1.474979688509522e-09   12    4   11   11
 0.0388114339222231   12    4   12    1
 0.01386996182473589   12    4   12    2
 0.0554657350368389   12    4   12    3
 0.05169824182624285   12    4   12    4
 3.516510157756025e-11   12    5    1    1
 5.154085925565045e-11   12    5    2    1
 9.298264030708845e-12   12    5    2    2
 2.539524109143139e-11   12    5    3    1
 -1.146351629763775e-11   12    5    3    2
 -5.915991770405959e-11   12    5    3    3
 -1.464213234703491e-11   12    5    4    1
 -1.223024463087564e-11   12    5    4    2
 1.230440845652966e-12   12    5    4    3
 5.33342047243966e-11   12    5    4    4
 -6.324781155899527e-11   12    5    5    1
 -1.659958339474065e-11   12    5    5    2
 -1.054037624890903e-10   12    5    5    3
 -1.058243145048639e-10   12    5    5    4
 -1.198983227084217e-12   12    5    5    5
 -4.943388693258791e-12   12    5    6    1
 3.776669844375302e-11   12    5    6    2
 8.403449040564346e-12   12    5    6    3
 -1.547842374664003e-11   12    5    6    4
 -7.824307215363716e-11   12    5    6    5
 -4.525382978158836e-11   12    5    6    6
 -0.001826080505893392   12    5    7    1
 0.001653779071722369   12    5    7    2
 0.001285331193249521   12    5    7    3
 0.001253416397127759   12    5    7    4
 0.0003897863197245432   12    5    7    5
 -0.001749514697439823   12    5    7    6
 9.426563464288319e-12   12    5    7    7
 -0.0009337532010080908   12    5    8    1
 -0.001026483479192071   12    5    8    2
 1.575617442551149e-05   12    5    8    3
 0.003132955280372553   12    5    8    4
 0.0007811644816199157   12    5    8    5
 -0.0005920747186200487   12    5    8    6
 -2.406827863750849e-12   12    5    8    7
 -3.355573768411532e-12   12    5    8    8
 -0.001215708467354876   12    5    9    1
 0.00221437985084302   12    5    9    2
 0.001887724340217602   12    5    9    3
 -0.001375079364986416   12    5    9    4
 -0.0003897051432882229   12    5    9    5
 -0.000719046751438505   12    5    9    6
 9.137462634588692e-12   12    5    9    7
 2.378426998649524e-12   12    5    9    8
 9.463566986993845e-12   12    5    9    9
 0.004944947732480613   12    5   10    1
 0.001903466809773965   12    5   10    2
 0.006805056695870421   12    5   10    3
 0.005288244000337869   12    5   10    4
 0.0003856041692868135   12    5   10    5
 0.005376366322467018   12    5   10    6
 -1.996945594938252e-13   12    5   10    7
 2.86025895295646e-12   12    5   10    8
 2.098475950403525e-13   12    5   10    9
 7.299608864868556e-12   12    5   10   10
 0.0001144617774716645   12    5   11    1
 -0.0001573332229112335   12    5   11    2
 -0.0002660327546242089   12    5   11    3
 3.214665319157667e-05   12    5   11    4
 -3.409204055542272e-09   12    5   11    5
 0.0002553153427068175   12    5   11    6
 -2.252836012613082e-11   12    5   11    7
 1.482841436015711e-14   12    5   11    8
 -2.254145055091609e-11   12    5   11    9
 -1.153572792484487e-13   12    5   11   10
 -7.235838440691337e-12   12    5   11   11
 -0.001257442294106627   12    5   12    1
 -0.001463982228490375   12    5   12    2
 0.002199946114942878   12    5   12    3
 -0.00169316980063504   12    5   12    4
 0.009958733820564362   12    5   12    5
 -1.115576510637237e-09   12    6    1    1
 3.348128790181284e-10   12    6    2    1
 -1.110975322775135e-09   12    6    2    2
 -3.302753361074698e-10   12    6    3    1
 -1.00391501410158e-10   12    6    3    2
 -1.068040703585757e-09   12    6    3    3
 4.187162474924751e-11   12    6    4    1
 8.433660410539892e-11   12    6    4    2
 -3.368860236877729e-10   12    6    4    3
 -1.124179705769425e-09   12    6    4    4
 6.881587511008805e-11   12    6    5    1
 5.555376405688285e-11   12    6    5    2
 -6.908229466442407e-11   12    6    5    3
 6.466793385881377e-11   12    6    5    4
 -1.068968896459584e-09   12    6    5    5
 -1.578403621778214e-10   12    6    6    1
 -4.062646296955925e-10   12    6    6    2
 1.749477599714771e-11   12    6    6    3
 -3.893522865062871e-10   12    6    6    4
 -8.27459188093444e-11   12    6    6    5
 -1.161102061213614e-09   12    6    6    6
 -0.008481929373680579   12    6    7    1
 0.05690374185197635   12    6    7    2
 0.02141800575150801   12    6    7    3
 -0.02386981107577877   12    6    7    4
 0.00815331708458184   12    6    7    5
 -0.03070734448276455   12    6    7    6
 7.084492364661641e-10   12    6    7    7
 0.02408442512844786   12    6    8    1
 0.02577966341113207   12    6    8    2
 0.005456509821326298   12    6    8    3
 -0.05536646136658373   12    6    8    4
 -0.003522128454768115   12    6    8    5
 0.01848850168902472   12    6    8    6
 2.344955955485909e-10   12    6    8    7
 6.346731426507413e-10   12    6    8    8
 -0.04893794479075012   12    6    9    1
 0.0129363776462743   12    6    9    2
 0.03720768744589466   12    6    9    3
 0.01583046519749316   12    6    9    4
 -0.002627524567620885   12    6    9    5
 -0.02726608657306889   12    6    9    6
 2.678115414443765e-10   12    6    9    7
 -2.067003214985001e-10   12    6    9    8
 6.784355395898826e-10   12    6    9    9
 -0.008498860050007953   12    6   10    1
 -0.00684384582019166   12    6   10    2
 0.01151498164436776   12    6   10    3
 -0.007918841416355391   12    6   10    4
 0.08372362131562661   12    6   10    5
 0.00956351573706014   12    6   10    6
 4.19273905016295e-11   12    6   10    7
 -3.260429478445657e-11   12    6   10    8
 -2.747014112178311e-12   12    6   10    9
 9.145022125002612e-10   12    6   10   10
 0.0390099492121275   12    6   11    1
 -0.05014254084067486   12    6   11    2
 0.02996929464190638   12    6   11    3
 -0.01283802550226576   12    6   11    4
 0.0003824212339735929   12    6   11    5
 -0.05575886668025846   12    6   11    6
 -1.245905750678254e-10   12    6   11    7
 -3.94667126398518e-11   12    6   11    8
 -8.806947736325822e-11   12    6   11    9
 -9.143658975250188e-12   12    6   11   10
 1.470956926343397e-09   12    6   11   11
 0.04288813129172731   12    6   12    1
 0.01608571885424671   12    6   12    2
 0.0531804869904042   12    6   12    3
 0.04413246986984801   12    6   12    4
 0.002166864659882993   12    6   12    5
 0.05346704148387681   12    6   12    6
 0.002324648581849425   12    7    1    1
 0.003582099516011841   12    7    2    1
 -0.0001495415840098119   12    7    2    2
 0.001376174232453501   12    7    3    1
 0.005790663138693797   12    7    3    2
 0.003535883524234671   12    7    3    3
 -0.002856776760365081   12    7    4    1
 0.004349938538596432   12    7    4    2
 -0.001511514095191253   12    7    4    3
 -0.003525013025375855   12    7    4    4
 0.00365623893344485   12    7    5    1
 -0.0008890506207275397   12    7    5    2
 -0.003016565704448543   12    7    5    3
 -0.001782740706256398   12    7    5    4
 0.001055202168932987   12    7    5    5
 -0.001596225177693821   12    7    6    1
 0.001956607425539219   12    7    6    2
 0.0001756921296474578   12    7    6    3
 -0.002556904190898146   12    7    6    4
 0.002975580676854953   12    7    6    5
 -0.01126105212256485   12    7    6    6
 3.749586831153547e-11   12    7    7    1
 -9.582886476342424e-11   12    7    7    2
 2.155671303815874e-11   12    7    7    3
 7.689284513427341e-11   12    7    7    4
 -4.771490274429816e-11   12    7    7    5
 1.042575981220916e-10   12    7    7    6
 -0.001666871290562392   12    7    7    7
 -4.182305766568615e-12   12    7    8    1
 -4.827285025334046e-11   12    7    8    2
 7.621180646194113e-12   12    7    8    3
 1.179365722889281e-10   12    7    8    4
 4.741354476269943e-11   12    7    8    5
 -3.293726820647777e-11   12    7    8    6
 -0.0002778525277692087   12    7    8    7
 -0.00146207186722458   12    7    8    8
 5.060794616876278e-11   12    7    9    1
 -1.531994511722723e-11   12    7    9    2
 -2.968593071792875e-11   12    7    9    3
 -3.091159841664015e-11   12    7    9    4
 -7.548516853913069e-11   12    7    9    5
 7.418248634604024e-11   12    7    9    6
 -0.0006227872057760523   12    7    9    7
 8.673236937228216e-05   12    7    9    8
 0.0009643712210636076   12    7    9    9
 3.994346214092076e-11   12    7   10    1
 1.022199383211553e-11   12    7   10    2
 -3.656206673466181e-11   12    7   10    3
 5.608202268192871e-12   12    7   10    4
 -1.120909421490696e-10   12    7   10    5
 -6.598770591187902e-12   12    7   10    6
 -0.001172291368295332   12    7   10    7
 0.001496632701819982   12    7   10    8
 -0.003413116474812893   12    7   10    9
 -7.386210200835638e-05   12    7   10   10
 -5.002869107670596e-11   12    7   11    1
 8.840376088332287e-11   12    7   11    2
 -6.012444446818273e-11   12    7   11    3
 -2.274730951365944e-11   12    7   11    4
 -2.136075651617943e-11   12    7   11    5
 1.429560658323966e-10   12    7   11    6
 -8.920078534436076e-05   12    7   11    7
 0.003878321581578951   12    7   11    8
 -0.003258111491890911   12    7   11    9
 0.0006484736091640724   12    7   11   10
 -0.00439447108817432   12    7   11   11
 -5.712042528939246e-11   12    7   12    1
 9.692904856878308e-11   12    7   12    2
 -3.078344326863481e-11   12    7   12    3
 -1.207721591797271e-10   12    7   12    4
 1.776546085121259e-11   12    7   12    5
 -1.562902898930373e-10   12    7   12    6
 0.01182181764044746   12    7   12    7
 0.009416031274674363   12    8    1    1
 0.001693000611169433   12    8    2    1
 0.007542930018819384   12    8    2    2
 0.001408821939856609   12    8    3    1
 0.004865403516633705   12    8    3    2
 0.002368542750183074   12    8    3    3
 -0.00248690605549629   12    8    4    1
 -0.0006032700957995346   12    8    4    2
 -0.002798292434191757   12    8    4    3
 -0.007098360044219287   12    8    4    4
 0.002877474156879785   12    8    5    1
 0.002585028929695194   12    8    5    2
 0.0003883250355350006   12    8    5    3
 -0.00387771282681349   12    8    5    4
 0.00984077280145769   12    8    5    5
 0.005039742964671887   12    8    6    1
 0.001164761555590395   12    8    6    2
 0.002501932675812852   12    8    6    3
 -0.001779528524992888   12    8    6    4
 0.001195443256597138   12    8    6    5
 0.002039751887746337   12    8    6    6
 1.930859196183424e-11   12    8    7    1
 -9.543207438352423e-11   12    8    7    2
 -4.638893806893458e-11   12    8    7    3
 8.151839033635066e-11   12    8    7    4
 3.360097445657545e-11   12    8    7    5
 7.741857277497357e-11   12    8    7    6
 0.005187248750914077   12    8    7    7
 -4.715162227191879e-12   12    8    8    1
 -2.724286262055289e-11   12    8    8    2
 2.137064854033126e-11   12    8    8    3
 2.213729327954121e-10   12    8    8    4
 8.907376718988455e-11   12    8    8    5
 -2.029219732214668e-11   12    8    8    6
 0.001313068673185062   12    8    8    7
 0.00299051073926594   12    8    8    8
 7.224703469343093e-11   12    8    9    1
 -2.521874718360635e-11   12    8    9    2
 -1.030314067060089e-10   12    8    9    3
 -6.766206638508938e-11   12    8    9    4
 -3.363341473099436e-11   12    8    9    5
 5.674132851017813e-11   12    8    9    6
 0.002411961268096501   12    8    9    7
 -0.001313069317161838   12    8    9    8
 0.005187431146731951   12    8    9    9
 4.653778107812035e-11   12    8   10    1
 4.590963640120121e-11   12    8   10    2
 -3.205612662586188e-11   12    8   10    3
 8.118854358456553e-12   12    8   10    4
 -1.434783744082873e-10   12    8   10    5
 -2.70737048943966e-11   12    8   10    6
 0.001788569593589775   12    8   10    7
 0.002479583228995095   12    8   10    8
 -0.001788945267915389   12    8   10    9
 0.00786484474099769   12    8   10   10
 -9.852303295468004e-11   12    8   11    1
 1.065290327103351e-10   12    8   11    2
 -1.314590112401119e-10   12    8   11    3
 4.026936076993858e-11   12    8   11    4
 -8.328473722520589e-14   12    8   11    5
 1.797193526649045e-10   12    8   11    6
 -0.002800085164106298   12    8   11    7
 1.230570170352828e-08   12    8   11    8
 -0.002800013098336503   12    8   11    9
 6.630146344042952e-08   12    8   11   10
 -9.086418811642923e-05   12    8   11   11
 -1.780702989264805e-11   12    8   12    1
 3.787576253899264e-11   12    8   12    2
 -1.336978218439939e-10   12    8   12    3
 -2.261283742797253e-10   12    8   12    4
 2.01908247533391e-11   12    8   12    5
 -7.943180147705252e-11   12    8   12    6
 0.004579641263382449   12    8   12    7
 0.01173840955168542   12    8   12    8
 -0.00349424464867592   12    9    1    1
 -0.00156367259003437   12    9    2    1
 -0.00189652352399482   12    9    2    2
 -0.0006310326276284572   12    9    3    1
 0.0008786182304472086   12    9    3    2
 0.01288806892380078   12    9    3    3
 -0.003680570469784332   12    9    4    1
 0.002231773587811861   12    9    4    2
 0.002501178165863106   12    9    4    3
 0.004601599967870263   12    9    4    4
 0.0001742270879613465   12    9    5    1
 -0.004131116591250117   12    9    5    2
 -0.00284705393294671   12    9    5    3
 0.002287846848518146   12    9    5    4
 -0.001054517256859733   12    9    5    5
 -0.005633968090654265   12    9    6    1
 -0.0005330733695693492   12    9    6    2
 -0.0007817758193044477   12    9    6    3
 0.001416494705234476   12    9    6    4
 0.002203369451002239   12    9    6    5
 -0.003023508285940935   12    9    6    6
 3.702880071521294e-13   12    9    7    1
 5.26837025851602e-11   12    9    7    2
 7.200771795444377e-11   12    9    7    3
 -4.222845922481492e-11   12    9    7    4
 -7.540631567428483e-11   12    9    7    5
 -2.117170491806708e-11   12    9    7    6
 -0.0009641419434071639   12    9    7    7
 3.904648086455199e-11   12    9    8    1
 8.062279057107221e-12   12    9    8    2
 3.589940939119019e-12   12    9    8    3
 -1.255996988942337e-10   12    9    8    4
 -4.733859356552301e-11   12    9    8    5
 8.848905968616059e-12   12    9    8    6
 8.690503786320391e-05   12    9    8    7
 0.00146255715851267   12    9    8    8
 -5.800231598920711e-11   12    9    9    1
 2.658007744891206e-11   12    9    9    2
 1.372748237067137e-10   12    9    9    3
 7.004788678494725e-11   12    9    9    4
 -4.776265813149926e-11   12    9    9    5
 8.758627332312481e-12   12    9    9    6
 0.0006228584305730867   12    9    9    7
 -0.0002778882745831116   12    9    9    8
 0.001666941704657877   12    9    9    9
 -1.346629532066272e-11   12    9   10    1
 -4.413652555336079e-11   12    9   10    2
 6.867968287865554e-12   12    9   10    3
 -4.163055832142574e-12   12    9   10    4
 1.124806404591479e-10   12    9   10    5
 3.04115740827749e-11   12    9   10    6
 -0.003413104480923181   12    9   10    7
 -0.001496990603369252   12    9   10    8
 -0.001172024363112081   12    9   10    9
 7.435062813307761e-05   12    9   10   10
 8.717778064116187e-11   12    9   11    1
 -6.146194880610037e-11   12    9   11    2
 1.033315547467191e-10   12    9   11    3
 -7.506282123895244e-11   12    9   11    4
 -2.127117877806396e-11   12    9   11    5
 -8.560531080245653e-11   12    9   11    6
 0.003258259997820501   12    9   11    7
 0.003878436996294536   12    9   11    8
 8.919225138463445e-05   12    9   11    9
 0.0006484101696725581   12    9   11   10
 0.004394109137467656   12    9   11   11
 -4.114785431607366e-11   12    9   12    1
 3.336426186365281e-11   12    9   12    2
 1.971351673589817e-10   12    9   12    3
 1.051152953997097e-10   12    9   12    4
 -1.771918132337927e-11   12    9   12    5
 6.283380895301158e-12   12    9   12    6
 0.00359809750024602   12    9   12    7
 -0.004579493266700552   12    9   12    8
 0.01182185692086547   12    9   12    9
 -0.003458857972475515   12   10    1    1
 -0.004768128680638439   12   10    2    1
 -0.0002988197890033235   12   10    2    2
 -0.003021658518626786   12   10    3    1
 8.863578887591768e-05   12   10    3    2
 0.007168934233433923   12   10    3    3
 -0.0007291654713322053   12   10    4    1
 -0.0003731671250128242   12   10    4    2
 0.0003081549916378268   12   10    4    3
 -0.008831413484647615   12   10    4    4
 0.005201069557334148   12   10    5    1
 0.002142109014784955   12   10    5    2
 0.006790233355478656   12   10    5    3
 0.004994699712259624   12   10    5    4
 4.520725440085427e-05   12   10    5    5
 0.0003823623537674503   12   10    6    1
 -0.00422355168566328   12   10    6    2
 0.001513158365788245   12   10    6    3
 0.002155401279472165   12   10    6    4
 0.005430014860754709   12   10    6    5
 0.004987369744566445   12   10    6    6
 -3.542094711541924e-11   12   10    7    1
 2.199280228628908e-11   12   10    7    2
 2.213352067951304e-11   12   10    7    3
 2.400809625738339e-11   12   10    7    4
 -2.379177626524338e-13   12   10    7    5
 -5.951410269159235e-11   12   10    7    6
 0.002989543795282568   12   10    7    7
 -2.176521298531413e-11   12   10    8    1
 -1.849586424159505e-11   12   10    8    2
 -2.036493864813068e-11   12   10    8    3
 7.263818596082259e-11   12   10    8    4
 2.910325624466702e-12   12   10    8    5
 -3.204104896941211e-11   12   10    8    6
 -0.002615791394205209   12   10    8    7
 -0.005877468060959633   12   10    8    8
 -9.752529465159448e-12   12   10    9    1
 3.806513170603738e-11   12   10    9    2
 5.931365525603695e-11   12   10    9    3
 -3.220412265027085e-11   12   10    9    4
 3.039653261847288e-13   12   10    9    5
 -1.526756086881854e-11   12   10    9    6
 0.005144562249053617   12   10    9    7
 0.002616363872750904   12   10    9    8
 0.002988920713798052   12   10    9    9
 6.281928106076144e-11   12   10   10    1
 2.044690852679368e-11   12   10   10    2
 9.521266433974412e-11   12   10   10    3
 8.567419265507031e-11   12   10   10    4
 1.492358566976935e-12   12   10   10    5
 7.276371244218233e-11   12   10   10    6
 -0.0006488614759571299   12   10   10    7
 -0.0009158618128209279   12   10   10    8
 0.000648761939287139   12   10   10    9
 1.19748025620876e-05   12   10   10   10
 -4.070625845974897e-12   12   10   11    1
 5.299804532815169e-12   12   10   11    2
 7.217128984662845e-12   12   10   11    3
 -8.356508137979312e-13   12   10   11    4
 -1.085598641201794e-13   12   10   11    5
 -6.98789458972552e-12   12   10   11    6
 0.0005544705561073229   12   10   11    7
 1.058814051414886e-07   12   10   11    8
 0.0005543671991229465   12   10   11    9
 4.530425079382134e-09   12   10   11   10
 -0.0001529688534801735   12   10   11   11
 -7.965132496996444e-11   12   10   12    1
 -7.913297798503254e-11   12   10   12    2
 7.222818913616848e-11   12   10   12    3
 -6.452025091193563e-11   12   10   12    4
 1.43517932408547e-10   12   10   12    5
 7.03095006737429e-11   12   10   12    6
 -0.001123201248307346   12   10   12    7
 9.892995298542999e-05   12   10   12    8
 0.001123348109772938   12   10   12    9
 0.01779137513460767   12   10   12   10
 0.004334120745138555   12   11    1    1
 -0.001018344531097269   12   11    2    1
 -0.003249000011171654   12   11    2    2
 0.003332502201259535   12   11    3    1
 -0.0008557240955701318   12   11    3    2
 0.00671615245625757   12   11    3    3
 -0.0005746423200028867   12   11    4    1
 -0.0003716345840209559   12   11    4    2
 0.0004405156603086647   12   11    4    3
 -0.0005269514927766482   12   11    4    4
 0.00125846901903293   12   11    5    1
 -0.001671441049774494   12   11    5    2
 -0.0021998765941722   12   11    5    3
 0.0002175589590881845   12   11    5    4
 -5.00713432477336e-08   12   11    5    5
 -0.001460633446708842   12   11    6    1
 -0.002556036580323378   12   11    6    2
 -0.001370022470522018   12   11    6    3
 -0.002235305462972625   12   11    6    4
 0.002004461416472701   12   11    6    5
 -0.007274402950988763   12   11    6    6
 -6.146190773737634e-12   12   11    7    1
 -2.140701963890643e-11   12   11    7    2
 1.20689101940664e-11   12   11    7    3
 -4.207495301882219e-13   12   11    7    4
 -4.490330074877377e-11   12   11    7    5
 1.726177390531815e-11   12   11    7    6
 -0.001244594067057144   12   11    7    7
 7.578315973659434e-12   12   11    8    1
 -9.954622687314586e-12   12   11    8    2
 1.027434633043705e-12   12   11    8    3
 -2.804782092834805e-13   12   11    8    4
 1.128836301321509e-13   12   11    8    5
 -4.27603216642857e-12   12   11    8    6
 -0.0003940476977169987   12   11    8    7
 1.708090986444688e-07   12   11    8    8
 -1.57803452904227e-11   12   11    9    1
 -7.469232328569392e-12   12   11    9    2
 1.963835275377396e-11   12   11    9    3
 -1.096270509678466e-12   12   11    9    4
 -4.471827011868316e-11   12   11    9    5
 1.19861130580564e-11   12   11    9    6
 -6.668379331288499e-08   12   11    9    7
 -0.0003940969358347303   12   11    9    8
 0.001244381819199987   12   11    9    9
 7.809442539363703e-12   12   11   10    1
 -9.987255449012744e-12   12   11   10    2
 -1.199750167989981e-11   12   11   10    3
 1.062182245612485e-12   12   11   10    4
 -1.720175702374295e-12   12   11   10    5
 9.950075916708319e-12   12   11   10    6
 -0.001576647345797162   12   11   10    7
 -2.239738526389828e-07   12   11   10    8
 -0.001576419281071215   12   11   10    9
 -4.239182334632725e-08   12   11   10   10
 6.812618179358942e-11   12   11   11    1
 3.495252603912153e-11   12   11   11    2
 8.185133813957789e-11   12   11   11    3
 2.234668989997683e-11   12   11   11    4
 -1.505791128897607e-11   12   11   11    5
 7.434710679690206e-11   12   11   11    6
 0.001118019984070653   12   11   11    7
 0.002820573914039385   12   11   11    8
 -0.001117736922518403   12   11   11    9
 -8.170626585323242e-05   12   11   11   10
 -2.951609983378751e-08   12   11   11   11
 4.187037111222739e-11   12   11   12    1
 -4.529657733911426e-11   12   11   12    2
 7.119589086817243e-11   12   11   12    3
 -2.11975388723402e-11   12   11   12    4
 -3.668321492479922e-14   12   11   12    5
 -9.591835895371619e-11   12   11   12    6
 0.002266366735309345   12   11   12    7
 -1.292835789219384e-07   12   11   12    8
 0.002266601982263418   12   11   12    9
 -2.109108868913815e-08   12   11   12   10
 0.01037383600982179   12   11   12   11
 0.4534168548839944   12   12    1    1
 -0.03458659669098187   12   12    2    1
 0.4504302305549769   12   12    2    2
 0.03996349801561253   12   12    3    1
 0.04637934976936178   12   12    3    2
 0.451371343534729   12   12    3    3
 -0.04016696231946051   12   12    4    1
 -0.04155383912931197   12   12    4    2
 0.03981931354133734   12   12    4    3
 0.4473854002611297   12   12    4    4
 -0.01251705298264138   12   12    5    1
 -0.01275527307314667   12   12    5    2
 0.01485059026633454   12   12    5    3
 -0.01698328964669119   12   12    5    4
 0.5043149586980397   12   12    5    5
 0.0476553870375037   12   12    6    1
 0.03745094684744245   12   12    6    2
 -0.03774569156515824   12   12    6    3
 0.03893134324794249   12   12    6    4
 0.01536409959108409   12   12    6    5
 0.4489372923250054   12   12    6    6
 -1.605803512037479e-10   12   12    7    1
 1.998541240568992e-09   12   12    7    2
 8.536422358919889e-10   12   12    7    3
 -7.744887297027589e-10   12   12    7    4
 2.976773574511118e-10   12   12    7    5
 -1.033500957513317e-09   12   12    7    6
 0.4325500558891729   12   12    7    7
 8.890216504660566e-10   12   12    8    1
 8.50664799261887e-10   12   12    8    2
 1.976639228429376e-10   12   12    8    3
 -2.090436314675498e-09   12   12    8    4
 -2.179943192105585e-10   12   12    8    5
 5.945576380847985e-10   12   12    8    6
 0.09069153785365407   12   12    8    7
 0.4308417308270474   12   12    8    8
 -1.734371735723955e-09   12   12    9    1
 4.361244565775901e-10   12   12    9    2
 1.440928293258555e-09   12   12    9    3
 6.390215800198022e-10   12   12    9    4
 -2.97728515049178e-10   12   12    9    5
 -8.567089360285163e-10   12   12    9    6
 0.09154984999442266   12   12    9    7
 -0.09069162110620153   12   12    9    8
 0.4325503889772571   12   12    9    9
 -2.791749171110486e-10   12   12   10    1
 -2.800917488861873e-10   12   12   10    2
 2.903484508467442e-10   12   12   10    3
 -3.042789471158397e-10   12   12   10    4
 3.108908443789432e-09   12   12   10    5
 2.93314518353472e-10   12   12   10    6
 -0.001100549265109577   12   12   10    7
 0.003919241165763402   12   12   10    8
 0.001100168153059896   12   12   10    9
 0.5152003202630554   12   12   10   10
 1.48945348407771e-09   12   12   11    1
 -1.674820884048034e-09   12   12   11    2
 1.192108924722712e-09   12   12   11    3
 -4.576498738740014e-10   12   12   11    4
 1.869975592787467e-13   12   12   11    5
 -1.835780553995558e-09   12   12   11    6
 -0.002675481494983221   12   12   11    7
 7.047150605717154e-07   12   12   11    8
 -0.002674582196146424   12   12   11    9
 -2.247361016773953e-08   12   12   11   10
 0.5235391863004102   12   12   11   11
 1.523340403428877e-09   12   12   12    1
 6.132716488190578e-10   12   12   12    2
 2.015149378702601e-09   12   12   12    3
 1.552589418169448e-09   12   12   12    4
 2.488711473806291e-11   12   12   12    5
 1.597845229140753e-09   12   12   12    6
 -0.001642865962399227   12   12   12    7
 0.005109304525152836   12   12   12    8
 0.001643074608310186   12   12   12    9
 -3.717931208688979e-05   12   12   12   10
 -2.979380200487106e-08   12   12   12   11
 0.5442953505729718   12   12   12   12
 -4.755845537191086    1    1  0  0
 0.2501394390851611    2    1  0  0
 -4.755845987281404    2    2  0  0
 -0.2501395921042437    3    1  0  0
 -0.4393425832223408    3    2  0  0
 -4.755845543705551    3    3  0  0
 0.4393425172473568    4    1  0  0
 0.4393422301011812    4    2  0  0
 -0.250139208109774    4    3  0  0
 -4.755845854512908    4    4  0  0
 0.08389727114010073    5    1  0  0
 0.08389841857973075    5    2  0  0
 -0.0838975041640225    5    3  0  0
 0.08389850554142649    5    4  0  0
 -5.644518285691188    5    5  0  0
 -0.4393429367541379    6    1  0  0
 -0.2501394058308924    6    2  0  0
 0.439342639394908    6    3  0  0
 -0.2501393365984252    6    4  0  0
 -0.08389654245975209    6    5  0  0
 -4.755845341966451    6    6  0  0
 -3.416801856247678e-10    7    1  0  0
 -9.363712609562946e-10    7    2  0  0
 -4.063466474376116e-10    7    3  0  0
 9.558871454148929e-11    7    4  0  0
 -1.062679030390623e-09    7    5  0  0
 7.255418979028413e-10    7    6  0  0
 -4.381736569088408    7    7  0  0
 -3.348727267269241e-10    8    1  0  0
 -2.273326099784619e-10    8    2  0  0
 -4.862374908137496e-10    8    3  0  0
 9.600238629308322e-10    8    4  0  0
 1.060730809850186e-09    8    5  0  0
 -6.157670346640169e-10    8    6  0  0
 -0.7986208217887467    8    7  0  0
 -4.384713004410767    8    8  0  0
 8.867798058357262e-10    9    1  0  0
 1.903415290730265e-10    9    2  0  0
 -8.193937310891406e-10    9    3  0  0
 5.063868857932798e-11    9    4  0  0
 1.062496491729659e-09    9    5  0  0
 4.442653560006007e-10    9    6  0  0
 -0.8002519727754358    9    7  0  0
 0.7986205084137251    9    8  0  0
 -4.381737106852269    9    9  0  0
 -4.367090902284847e-10   10    1  0  0
 -4.366580760480117e-10   10    2  0  0
 4.371552501537922e-10   10    3  0  0
 -4.369108569017244e-10   10    4  0  0
 -3.002957377984791e-09   10    5  0  0
 4.365341083615999e-10   10    6  0  0
 0.02906000063219457   10    7  0  0
 -0.02900818591360824   10    8  0  0
 -0.02906000142448959   10    9  0  0
 -5.162347936689859   10   10  0  0
 2.902901848911538e-10   11    1  0  0
 -3.566384986716881e-10   11    2  0  0
 -1.09828656706782e-10   11    3  0  0
 -2.635658192603549e-11   11    4  0  0
 2.460340771622563e-12   11    5  0  0
 2.308764193977513e-11   11    6  0  0
 -0.005987144323134982   11    7  0  0
 -3.918847193962711e-06   11    8  0  0
 -0.005996475156257036   11    9  0  0
 1.756830942511494e-07   11   10  0  0
 -5.148114777183996   11   11  0  0
 -8.23504049413428e-11   12    1  0  0
 -1.44910027578713e-10   12    2  0  0
 1.696133704905457e-10   12    3  0  0
 4.208255226139136e-10   12    4  0  0
 -3.171314398743049e-11   12    5  0  0
 7.130385022257038e-11   12    6  0  0
 0.02042589109431233   12    7  0  0
 -0.03121015145770587   12    8  0  0
 -0.02042656006052125   12    9  0  0
 0.000885200073270528   12   10  0  0
 1.724211504880668e-07   12   11  0  0
 -5.147571781310147   12   12  0  0
 -2054.246822746353  0  0  0  0
