system,chain,triple,tag,err_lucj,full_capture,n_unique_alpha,n_unique_beta,depth,status,err_sqd,captured,retained_J,retained_J_samespin,retained_J_oppspin,entropy_alpha,gini_alpha,top15_mass_alpha,w16_w15_alpha
H10,identity,"(0, 1, 6)",identity_0-1-6,491.1771192923107,1.000000000000403,252,252,3232,OK,287.9825389173369,0.5885763371019783,0.2445971400200526,0.3930745534684346,0.09611972657167056,1.9134891868728157,0.9403410833333333,0.8590045,0.9907705516205194
H10,identity,"(0, 1, 7)",identity_0-1-7,479.6226885678667,1.0000000000004001,252,252,3232,OK,225.95309927133388,0.6256356334818867,0.24554656907499045,0.3930745534684346,0.09801858468154626,1.9271639107248408,0.9390557182539683,0.8551945,0.9357735746360049
H10,identity,"(0, 1, 4)",identity_0-1-4,495.91676438477083,1.000000000000401,252,252,3232,OK,225.9529912288274,0.6356385055764427,0.24419999627885725,0.3930745534684346,0.09532543908927983,1.8901151892615122,0.9416222063492063,0.862191,0.9590846549351872
H10,identity,"(0, 1, 5)",identity_0-1-5,495.82634686413394,1.0000000000003966,252,252,3232,OK,225.9529912288274,0.6356385055764427,0.24419999627885725,0.3930745534684346,0.09532543908927986,1.8948412820570497,0.9412620476190476,0.8618395,0.9604757415331061
H10,identity,"(0, 1, 8)",identity_0-1-8,487.04968428926867,1.0000000000003988,252,252,3232,OK,237.40961119760317,0.6136709749648273,0.25914945781772325,0.3930745534684346,0.12522436216701183,2.207599870122,0.9233613095238096,0.8122425,0.9785893471792777
H10,identity,"(0, 1, 2)",identity_0-1-2,496.03208162255544,1.00000000000041,252,252,3232,OK,224.59889961938285,0.6282143489644749,0.24554656907499045,0.3930745534684346,0.09801858468154624,1.9938689463900845,0.9358114444444444,0.848487,0.980041342932497
H10,identity,"(0, 1, 3)",identity_0-1-3,496.0783809389557,1.0000000000004046,252,252,3232,OK,225.9529912288274,0.6356385055764429,0.2445971400200526,0.3930745534684346,0.09611972657167056,1.9036887007188044,0.9407955238095238,0.860301,0.982733604178758
H10,identity,"(0, 1, 9)",identity_0-1-9,465.0262831240566,1.000000000000404,252,252,3232,OK,247.27858328064744,0.6375995619759883,0.2763446571138613,0.3930745534684346,0.15961476075928802,2.663545636624043,0.9039573373015873,0.757625,0.9498135813329982
H10,identity,"(0, 2, 4)",identity_0-2-4,494.8106077309147,1.0000000000003975,252,252,3182,OK,233.2070232490526,0.6329303916639428,0.23059710753612445,0.3930745534684346,0.06811966160381425,1.8465241780214332,0.9447646468253968,0.8678715,0.9931491032253098
H10,identity,"(0, 2, 5)",identity_0-2-5,495.62781874799276,1.0000000000004061,252,252,3232,OK,294.25998017798884,0.5757256819880452,0.23059710753612445,0.3930745534684346,0.06811966160381425,1.850807212911546,0.9445925555555555,0.867148,0.9340384897899221
H10,identity,"(0, 2, 3)",identity_0-2-3,491.4806864689707,1.0000000000004057,252,252,3232,OK,233.2070232490526,0.6329303916639427,0.23099425127731982,0.3930745534684346,0.06891394908620496,1.84987718892325,0.944611007936508,0.866739,0.9840769230769231
H10,identity,"(0, 2, 6)",identity_0-2-6,492.0593372179187,1.0000000000004017,252,252,3182,OK,294.25998017798884,0.5757256819880452,0.23099425127731982,0.3930745534684346,0.06891394908620496,1.870800899690233,0.9436437896825397,0.8653655,0.9633725940821602
H10,identity,"(0, 2, 7)",identity_0-2-7,484.534736524088,1.0000000000003952,252,252,3232,OK,295.8198576831057,0.5749080116609866,0.23194368033225762,0.3930745534684346,0.07081280719608063,1.9088147724553741,0.9409388611111111,0.856511,0.9806102081551183
H10,identity,"(0, 3, 4)",identity_0-3-4,502.3437463768481,1.0000000000003992,252,252,3232,OK,233.2070232490526,0.6329303916639429,0.22964767848118658,0.3930745534684346,0.06622080349393857,1.7903221239470046,0.9478941865079366,0.8757125,0.9837326885029677
H10,identity,"(0, 2, 8)",identity_0-2-8,472.76989256416704,1.0000000000004037,252,252,3182,OK,303.8089550003589,0.552231926660376,0.24554656907499045,0.3930745534684346,0.09801858468154624,2.0705253777776003,0.9327570873015874,0.836432,0.9681014347681014
H10,identity,"(0, 2, 9)",identity_0-2-9,487.2541096978864,1.0000000000004017,252,252,3182,OK,247.27858328064744,0.6375995619759883,0.2627417683711285,0.3930745534684346,0.13240898327382242,2.7066803550849774,0.9022427380952381,0.751797,0.9255641910145048
H10,identity,"(0, 3, 5)",identity_0-3-5,502.1327165142839,1.000000000000398,252,252,3232,OK,233.2070232490526,0.6329303916639428,0.22964767848118658,0.3930745534684346,0.06622080349393857,1.7917989883745682,0.9478071984126984,0.874836,0.9740557039297978
H10,identity,"(0, 4, 6)",identity_0-4-6,501.63496461475887,1.0000000000003983,251,252,3182,OK,295.8198576831057,0.5749080116609866,0.22964767848118658,0.3930745534684346,0.06622080349393855,1.8093927060657728,0.9471640956175299,0.874842,0.8802039082412915
H10,identity,"(0, 4, 7)",identity_0-4-7,491.8506385829078,1.0000000000003977,252,251,3232,OK,295.8198576831057,0.5749080116609866,0.23059710753612445,0.3930745534684346,0.06811966160381425,1.8309363299296921,0.9452073095238095,0.868927,0.8659990126243036
H10,identity,"(0, 3, 6)",identity_0-3-6,497.9087696589479,1.0000000000004021,252,252,3232,OK,295.8198576831057,0.5749080116609866,0.23004482222238196,0.3930745534684346,0.06701509097632928,1.8150117600702453,0.9469552222222222,0.8729485,0.9573592118806058
H10,identity,"(0, 4, 5)",identity_0-4-5,507.37888900637176,1.0000000000004057,252,252,3232,OK,295.8198576831057,0.5749080116609866,0.22925053473999124,0.3930745534684346,0.06542651601154784,1.7935964410950318,0.9479152182539683,0.875861,0.9586497255845425
H10,identity,"(0, 3, 7)",identity_0-3-7,488.4993240064803,1.0000000000004043,252,252,3232,OK,295.8198576831057,0.5749080116609866,0.23099425127731982,0.3930745534684346,0.06891394908620498,1.834996791658445,0.9449503452380953,0.8670905,0.9597835624451594
H10,identity,"(0, 3, 8)",identity_0-3-8,482.0882508525921,1.0000000000004108,252,252,3232,OK,306.0917193849022,0.5500036044192987,0.2445971400200526,0.3930745534684346,0.09611972657167055,2.014645588391304,0.9364335793650793,0.845926,0.9534591194968554
H10,identity,"(0, 3, 9)",identity_0-3-9,493.0284419537516,1.000000000000404,252,252,3232,OK,247.27858328064744,0.6375995619759882,0.26179233931619067,0.3930745534684346,0.1305101251639467,2.6571064089275103,0.9077972063492064,0.762318,0.9092558983666061
H10,identity,"(0, 4, 8)",identity_0-4-8,486.45040599536935,1.000000000000404,252,252,3182,OK,300.31919403956664,0.5554887797095325,0.24419999627885725,0.3930745534684346,0.09532543908927983,2.0125674116597363,0.9366000198412698,0.844925,0.983419689119171
H10,identity,"(0, 4, 9)",identity_0-4-9,497.71747432842693,1.0000000000004057,252,252,3182,OK,247.27858328064744,0.6375995619759884,0.26139519557499535,0.3930745534684346,0.129715837681556,2.658516564741835,0.907071873015873,0.7617675,0.9205038547415427
H10,identity,"(0, 5, 6)",identity_0-5-6,502.03949755075337,1.0000000000004028,252,252,3232,OK,295.8198576831057,0.5749080116609866,0.22964767848118658,0.3930745534684346,0.06622080349393857,1.8123104467770088,0.94716125,0.873859,0.9686988847583643
H10,identity,"(0, 5, 7)",identity_0-5-7,491.24879544774024,1.000000000000399,252,252,3232,OK,295.8198576831057,0.5749080116609866,0.23059710753612445,0.3930745534684346,0.06811966160381425,1.8305027220810954,0.9452390119047619,0.868644,0.8560665292487029
H10,identity,"(0, 5, 8)",identity_0-5-8,486.4407790371281,1.0000000000004006,252,252,3232,OK,374.3630554883097,0.4943643243316059,0.24419999627885725,0.3930745534684346,0.09532543908927983,2.0126238869442523,0.9365701746031746,0.845508,0.9766777408637873
H10,identity,"(0, 5, 9)",identity_0-5-9,497.71747432850066,1.0000000000004134,252,252,3232,OK,247.27858328064744,0.6375995619759884,0.26139519557499535,0.3930745534684346,0.12971583768155603,2.6594218729678816,0.9068897857142857,0.761775,0.9140150085943068
H10,identity,"(0, 6, 7)",identity_0-6-7,487.79015163836004,1.000000000000402,252,252,3232,OK,295.8198576831057,0.5749080116609865,0.23099425127731982,0.3930745534684346,0.06891394908620498,1.8504842598042834,0.944452996031746,0.867483,0.8613477924089853
H10,identity,"(0, 6, 8)",identity_0-6-8,486.55486483324495,1.0000000000004063,252,252,3182,OK,372.931064268756,0.4962774758602947,0.2445971400200526,0.3930745534684346,0.09611972657167055,2.043662748797429,0.9349005277777778,0.8430355,0.8703874822891641
H10,identity,"(0, 6, 9)",identity_0-6-9,491.9770508179244,1.0000000000004026,252,252,3182,OK,247.27858328064744,0.6375995619759882,0.2617923393161907,0.3930745534684346,0.13051012516394672,2.6715023060101277,0.9063955436507937,0.761006,0.9161975972443922
H10,identity,"(0, 7, 8)",identity_0-7-8,483.11733698523176,1.0000000000003975,252,252,3232,OK,300.31919403956664,0.5554887797095325,0.24554656907499045,0.3930745534684346,0.09801858468154624,2.0901207768577494,0.9316167777777777,0.835959,0.9833289577316882
H10,identity,"(0, 7, 9)",identity_0-7-9,486.786296091978,1.0000000000003997,252,252,3232,OK,247.27858328064744,0.6375995619759884,0.2627417683711285,0.3930745534684346,0.13240898327382244,2.6965265473355178,0.9032334761904762,0.752811,0.9231187745877626
H10,identity,"(1, 2, 4)",identity_1-2-4,559.4266088877324,1.000000000000407,252,252,3232,OK,294.5243494375287,0.5732385911630595,0.21340190823998637,0.3930745534684346,0.03372926301153811,1.5802291616968862,0.9560906428571428,0.906391,0.9198664440734557
H10,identity,"(0, 8, 9)",identity_0-8-9,450.533798639567,1.0000000000003935,252,252,3182,OK,257.11435362020563,0.6288742346048453,0.2763446571138613,0.3930745534684346,0.15961476075928802,2.7342630259603684,0.8998328492063492,0.7441695,0.9973942429054191
H10,identity,"(1, 2, 5)",identity_1-2-5,560.0498839605326,1.0000000000004055,252,252,3232,OK,365.3931112773181,0.5176330377054383,0.21340190823998637,0.3930745534684346,0.03372926301153811,1.5859943033302095,0.9557817857142857,0.905365,0.9480422622747048
H10,identity,"(1, 2, 3)",identity_1-2-3,560.3751655731584,1.0000000000004021,252,252,3232,OK,365.3931112773181,0.5176330377054384,0.21379905198118174,0.3930745534684346,0.03452355049392884,1.6000650922280786,0.9549564087301587,0.9037015,0.9284328273028193
H10,identity,"(1, 2, 6)",identity_1-2-6,558.061885492827,1.0000000000004046,252,252,3232,OK,365.3931112773181,0.5176330377054383,0.21379905198118174,0.3930745534684346,0.03452355049392884,1.608695897805242,0.9545472976190477,0.9010945,0.9781040059716347
H10,identity,"(1, 2, 7)",identity_1-2-7,546.2033076698782,1.0000000000004097,252,252,3232,OK,365.3931112773181,0.5176330377054384,0.2147484810361196,0.3930745534684346,0.03642240860380452,1.6468385463426898,0.952572630952381,0.894533,0.9430961573818717
H10,identity,"(1, 2, 8)",identity_1-2-8,577.2854788098903,1.000000000000402,252,252,3232,OK,240.1625352889134,0.6137443107057516,0.22835136977885237,0.3930745534684346,0.06362818608927011,2.037003146564639,0.932500011904762,0.833447,0.8734638424010375
H10,identity,"(1, 2, 9)",identity_1-2-9,486.32667028443154,1.0000000000004061,252,252,3232,OK,233.34141210869143,0.6168087900914776,0.24554656907499048,0.3930745534684346,0.09801858468154631,1.955129992867968,0.9375150753968254,0.847988,0.9989535057557184
H10,identity,"(1, 3, 4)",identity_1-3-4,564.46222868278,1.0000000000004055,252,252,3232,OK,365.3773667024529,0.5188705860538558,0.21245247918504856,0.3930745534684346,0.03183040490166244,1.4905450036767312,0.9601639047619047,0.9185255,0.9871180842279108
H10,identity,"(1, 3, 5)",identity_1-3-5,564.0533523285916,1.0000000000004046,252,252,3232,OK,365.4335079906108,0.5175877685217029,0.21245247918504856,0.3930745534684346,0.03183040490166244,1.4921358747806521,0.9601482698412699,0.9185265,0.9061371841155235
H10,identity,"(1, 3, 6)",identity_1-3-6,561.6485988556237,1.0000000000003952,252,252,3232,OK,365.4504865056092,0.5174272757180145,0.2128496229262439,0.3930745534684346,0.032624692384053154,1.5179630133391768,0.9587366944444444,0.914148,0.9487672110150497
H10,identity,"(1, 3, 7)",identity_1-3-7,547.7107979882971,1.0000000000004057,252,252,3232,OK,365.4335079906108,0.5175877685217027,0.21379905198118174,0.3930745534684346,0.03452355049392884,1.537884185045141,0.9573740833333333,0.9098805,0.9589508196721311
H10,identity,"(1, 3, 8)",identity_1-3-8,583.8429223898673,1.0000000000004077,252,252,3232,OK,296.5457231982533,0.5775381093186457,0.22740194072391456,0.3930745534684346,0.061729327979394434,1.9622216477077634,0.9370597539682539,0.8428505,0.9928677353294258
H10,identity,"(1, 4, 6)",identity_1-4-6,560.9308518479885,1.0000000000004114,252,252,3232,OK,365.4504865056092,0.5174272757180144,0.21245247918504856,0.3930745534684346,0.03183040490166244,1.4939523411122033,0.9600998412698413,0.918126,0.8001125334083556
H10,identity,"(1, 4, 7)",identity_1-4-7,546.812813851047,1.000000000000414,252,252,3232,OK,294.5243494375287,0.5732385911630595,0.21340190823998637,0.3930745534684346,0.03372926301153811,1.5165617112214542,0.9586561904761904,0.912789,0.9932061289389997
H10,identity,"(1, 4, 5)",identity_1-4-5,565.0408631486865,1.0000000000004048,252,252,3232,OK,365.3773667024529,0.5188705860538558,0.2120553354438532,0.3930745534684346,0.03103611741927172,1.4787558808063586,0.9607758095238095,0.920014,0.9861505681818182
H10,identity,"(1, 3, 9)",identity_1-3-9,488.27405445281613,1.0000000000004063,252,252,3232,OK,295.92940093880316,0.5734402956236083,0.24459714002005264,0.3930745534684346,0.09611972657167062,1.88792749523469,0.9408389563492063,0.8554655,0.947389885807504
H10,identity,"(1, 4, 8)",identity_1-4-8,584.1618795127914,1.0000000000004063,252,252,3232,OK,296.56640998204864,0.5760241298828297,0.22700479698271916,0.3930745534684346,0.06093504049700372,1.9454119380572226,0.9380200277777778,0.845717,0.9770931496919174
H10,identity,"(1, 4, 9)",identity_1-4-9,488.8009651316905,1.0000000000003983,252,252,3232,OK,295.92940093880316,0.5734402956236082,0.24419999627885725,0.3930745534684346,0.0953254390892799,1.8679171556767407,0.9421692976190477,0.8591405,0.9504797528053343
H10,identity,"(1, 5, 6)",identity_1-5-6,561.1955870000518,1.0000000000003986,252,252,3232,OK,365.4504865056092,0.5174272757180144,0.21245247918504856,0.3930745534684346,0.03183040490166244,1.4982572261110718,0.9598548888888889,0.9172675,0.8476916438947217
H10,identity,"(1, 5, 7)",identity_1-5-7,546.0847367918423,1.0000000000004037,252,252,3232,OK,365.4335079906108,0.5175877685217027,0.21340190823998637,0.3930745534684346,0.03372926301153811,1.5135642917765804,0.9589188174603175,0.913436,0.9537540047360357
H10,identity,"(1, 5, 8)",identity_1-5-8,584.1618795127523,1.000000000000403,252,252,3232,OK,296.56640998204773,0.5760241298828006,0.22700479698271916,0.3930745534684346,0.06093504049700372,1.945657230707499,0.9380254682539683,0.845624,0.9833502980950997
H10,identity,"(1, 5, 9)",identity_1-5-9,488.9572222500247,1.0000000000003972,252,252,3232,OK,295.92940093880316,0.5734402956236082,0.24419999627885725,0.3930745534684346,0.0953254390892799,1.8673146675877512,0.9421145833333333,0.859454,0.9674822923374115
H10,identity,"(1, 6, 7)",identity_1-6-7,544.3809363233801,1.0000000000004015,251,252,3232,OK,458.2753501346808,0.45883971025915254,0.21379905198118174,0.3930745534684346,0.03452355049392884,1.5386135524069164,0.9573332868525897,0.909321,0.987374461979914
H10,identity,"(1, 6, 8)",identity_1-6-8,585.564134664561,1.0000000000003997,252,252,3232,OK,303.7640003041826,0.5596740718651256,0.22740194072391456,0.3930745534684346,0.061729327979394434,1.9768579002266393,0.9360551388888889,0.8405145,0.9989981394017461
H10,identity,"(1, 6, 9)",identity_1-6-9,484.8996585090717,1.000000000000402,252,252,3232,OK,300.6037081154602,0.5634385197749637,0.24459714002005264,0.3930745534684346,0.0961197265716706,1.8820594234389625,0.9416376031746032,0.8584775,0.9315232880822021
H10,identity,"(1, 7, 8)",identity_1-7-8,577.9300398812346,1.0000000000004077,252,252,3232,OK,240.1625352889134,0.6137443107057515,0.22835136977885237,0.3930745534684346,0.06362818608927011,2.0245987735373565,0.9334803174603175,0.835523,0.8735915276152946
H10,identity,"(1, 7, 9)",identity_1-7-9,474.67299515584216,1.0000000000004021,252,252,3232,OK,230.3124333400728,0.6258653439561566,0.24554656907499048,0.3930745534684346,0.09801858468154628,1.9134479499966415,0.9392440992063492,0.8513795,0.9939642497872011
H10,identity,"(1, 8, 9)",identity_1-8-9,486.22364910041506,1.0000000000004068,252,252,3232,OK,238.46668514719394,0.6131574261325994,0.25914945781772325,0.3930745534684346,0.1252243621670119,2.1561965512289443,0.9258987817460318,0.8183695,0.9463766430150052
H10,identity,"(2, 3, 4)",identity_2-3-4,540.6851205638086,1.0000000000003992,250,247,3232,OK,458.6996615694874,0.470193930372267,0.19884959044231576,0.3930745534684346,0.004624627416196836,1.2297681560769207,0.972194044,0.9530635,0.7831806436457599
H10,identity,"(2, 3, 5)",identity_2-3-5,541.0026169440396,1.0000000000004077,249,248,3232,OK,458.6996615694874,0.470193930372267,0.19884959044231576,0.3930745534684346,0.0046246274161968375,1.232501576396761,0.972101108433735,0.952445,0.7671071260028315
H10,identity,"(2, 3, 6)",identity_2-3-6,539.6067880171182,1.0000000000004028,250,251,3232,OK,458.6996615694874,0.470193930372267,0.1992467341835111,0.3930745534684346,0.005418914898587555,1.2666492956086164,0.970415776,0.947409,0.8848528015194682
H10,identity,"(2, 3, 7)",identity_2-3-7,530.0189981918413,1.0000000000004146,249,249,3232,OK,458.549396056509,0.4730280434619366,0.20019616323844894,0.3930745534684346,0.007317773008463233,1.3188126124504325,0.967724875502008,0.9392955,0.9522191548099385
H10,identity,"(2, 3, 8)",identity_2-3-8,547.5086243016101,1.0000000000004055,252,252,3232,OK,458.3386915538306,0.4590415324649288,0.21379905198118174,0.3930745534684346,0.03452355049392883,1.648750490568232,0.9531632857142858,0.8978045,0.9841901728844404
H10,identity,"(2, 4, 5)",identity_2-4-5,545.2776097498262,1.0000000000004003,247,250,3232,OK,458.6996615694874,0.470193930372267,0.19845244670112036,0.3930745534684346,0.003830339933806118,1.232982769411945,0.9721139554655871,0.9523835,0.774063537221432
H10,identity,"(2, 3, 9)",identity_2-3-9,486.4930198325359,1.0000000000004066,252,252,3232,OK,301.5627342514975,0.5700632483773542,0.23099425127731982,0.3930745534684346,0.068913949086205,1.7967127703447958,0.9465328055555555,0.87157,0.956771201760591
H10,identity,"(2, 4, 6)",identity_2-4-6,542.2122562598126,1.0000000000003981,249,250,3182,OK,458.6996615694874,0.470193930372267,0.19884959044231576,0.3930745534684346,0.004624627416196836,1.255823214813964,0.9711472690763052,0.949106,0.9945754716981132
H10,identity,"(2, 4, 7)",identity_2-4-7,532.3435046244614,1.0000000000004068,252,251,3232,OK,458.69520919153393,0.47009628920522994,0.19979901949725357,0.3930745534684346,0.006523485526072513,1.3098016073885348,0.9686132103174603,0.9405815,0.998116317400518
H10,identity,"(2, 4, 8)",identity_2-4-8,550.75311593738,1.0000000000004017,252,252,3182,OK,446.27385466703015,0.4726305812957362,0.21340190823998637,0.3930745534684346,0.03372926301153811,1.6444184028305604,0.953367123015873,0.8981105,0.8780053428317008
H10,identity,"(2, 4, 9)",identity_2-4-9,490.81765625987475,1.000000000000406,252,252,3182,OK,301.5627342514975,0.5700632483773542,0.23059710753612447,0.3930745534684346,0.06811966160381429,1.7903240870395334,0.9468328293650794,0.8720855,0.9487776484284052
H10,identity,"(2, 5, 7)",identity_2-5-7,532.3435046244169,1.000000000000406,251,250,3232,OK,458.62551271719366,0.4714804052538836,0.19979901949725357,0.3930745534684346,0.006523485526072514,1.3100991184656492,0.968426390438247,0.940426,0.9983396584440227
H10,identity,"(2, 5, 6)",identity_2-5-6,543.1771423041924,1.0000000000004046,250,252,3232,OK,457.9529596286971,0.4704020787680804,0.19884959044231576,0.3930745534684346,0.0046246274161968375,1.2592221708546987,0.971278708,0.9485805,0.9728224548897304
H10,identity,"(2, 5, 8)",identity_2-5-8,551.4698100513806,1.0000000000004012,252,252,3232,OK,446.27385466703015,0.4726305812957362,0.21340190823998637,0.3930745534684346,0.03372926301153811,1.6451197534229123,0.9533690873015873,0.898256,0.9505183788878416
H10,identity,"(2, 5, 9)",identity_2-5-9,491.50023303505463,1.0000000000004052,252,252,3232,OK,238.28833543724937,0.6275684925998496,0.23059710753612447,0.3930745534684346,0.06811966160381429,1.7914850197333012,0.9467510753968253,0.8725415,0.9457099769823002
H10,identity,"(2, 6, 7)",identity_2-6-7,531.6427135952173,1.0000000000004026,249,248,3232,OK,458.549396056509,0.4730280434619365,0.20019616323844894,0.3930745534684346,0.007317773008463233,1.3377647039765528,0.9668451526104418,0.93688,0.9437472955430549
H10,identity,"(2, 6, 8)",identity_2-6-8,553.8632310039402,1.0000000000004117,252,252,3182,OK,446.27385466703015,0.4726305812957362,0.21379905198118174,0.3930745534684346,0.03452355049392883,1.679059429533256,0.9516731865079365,0.8938495,0.9144658189327247
H10,identity,"(2, 6, 9)",identity_2-6-9,488.5840816896678,1.0000000000004061,252,252,3182,OK,238.28833543724937,0.6275684925998497,0.23099425127731982,0.3930745534684346,0.068913949086205,1.8091809581023952,0.9459378134920635,0.870543,0.8954248366013072
H10,identity,"(2, 7, 8)",identity_2-7-8,550.1193139525977,1.0000000000003992,252,252,3232,OK,365.3359286769646,0.5176993128688027,0.2147484810361196,0.3930745534684346,0.03642240860380452,1.7573043373385417,0.9478215317460318,0.882248,0.9831575214963213
H10,identity,"(3, 4, 6)",identity_3-4-6,553.4540947178695,1.0000000000003992,247,246,3232,OK,458.6996615694874,0.470193930372267,0.1979001613873779,0.3930745534684346,0.0027257693063211575,1.193150451663052,0.9742353603238867,0.958445,0.7481498612395929
H10,identity,"(3, 4, 5)",identity_3-4-5,557.0073591449445,1.0000000000004023,245,243,3232,OK,458.6996615694874,0.470193930372267,0.19750301764618253,0.3930745534684346,0.0019314818239304394,1.169110596835305,0.9754093673469387,0.9615255,0.7857478833490122
H10,identity,"(2, 7, 9)",identity_2-7-9,482.54092677266146,1.0000000000003944,252,252,3232,OK,236.38581837080696,0.6297827813983574,0.23194368033225768,0.3930745534684346,0.07081280719608068,1.8623063791827401,0.9427073174603174,0.860571,0.955250504110439
H10,identity,"(2, 8, 9)",identity_2-8-9,472.41898156670106,1.0000000000004066,252,252,3182,OK,293.95766463686533,0.5643467347777683,0.24554656907499048,0.3930745534684346,0.09801858468154628,1.989010610088181,0.9360137261904762,0.8463295,0.9744931760964621
H10,identity,"(3, 4, 7)",identity_3-4-7,541.5446224819824,1.000000000000397,248,244,3232,OK,458.6996615694874,0.470193930372267,0.19884959044231576,0.3930745534684346,0.004624627416196836,1.2241589025152642,0.9723903548387097,0.953175,0.750712927756654
H10,identity,"(3, 4, 8)",identity_3-4-8,565.5018429449194,1.0000000000004035,252,252,3232,OK,458.3386915538306,0.4590415324649288,0.21245247918504856,0.3930745534684346,0.03183040490166243,1.5971925867505576,0.956247996031746,0.906233,0.9854508196721311
H10,identity,"(3, 4, 9)",identity_3-4-9,500.5664767903282,1.0000000000004086,252,252,3232,OK,236.38581837080696,0.6297827813983574,0.22964767848118664,0.3930745534684346,0.06622080349393862,1.7481337915577906,0.949361992063492,0.878274,0.9254231744214572
H10,identity,"(3, 5, 7)",identity_3-5-7,540.5769523617865,1.000000000000394,246,247,3232,OK,458.6996615694874,0.470193930372267,0.19884959044231576,0.3930745534684346,0.004624627416196836,1.2191561987189559,0.9723963577235772,0.9540145,0.755581947743468
H10,identity,"(3, 5, 6)",identity_3-5-6,553.454094717849,1.0000000000004021,247,248,3232,OK,458.6996615694874,0.470193930372267,0.1979001613873779,0.3930745534684346,0.0027257693063211593,1.1927473448907089,0.974259068825911,0.9583865,0.7614721639878873
H10,identity,"(3, 5, 9)",identity_3-5-9,500.25944676279187,1.0000000000004026,252,252,3232,OK,236.38581837080696,0.6297827813983574,0.22964767848118664,0.3930745534684346,0.06622080349393862,1.7426141675311155,0.9498312857142858,0.8797375,0.8718432853434034
H10,identity,"(3, 5, 8)",identity_3-5-8,565.201136334216,1.0000000000004023,252,252,3232,OK,458.35173990481337,0.4590313394325113,0.21245247918504856,0.3930745534684346,0.03183040490166244,1.5926334807152005,0.9566033174603175,0.907499,0.9959536922558165
H10,identity,"(3, 6, 7)",identity_3-6-7,539.3711060573256,1.0000000000004055,251,249,3232,OK,458.6996615694874,0.470193930372267,0.1992467341835111,0.3930745534684346,0.005418914898587554,1.2487717558749631,0.9712958964143427,0.9499005,0.7946280009507963
H10,identity,"(3, 6, 8)",identity_3-6-8,567.1426743153676,1.0000000000004114,252,252,3232,OK,458.3452761510429,0.459059116929777,0.2128496229262439,0.3930745534684346,0.032624692384053154,1.6296775332778717,0.9546602619047619,0.9015605,0.9884871960404562
H10,identity,"(3, 6, 9)",identity_3-6-9,496.8874054361265,1.0000000000004048,252,252,3232,OK,236.38581837080696,0.6297827813983575,0.230044822222382,0.3930745534684346,0.06701509097632934,1.7627098071299288,0.9488804166666667,0.8773965,0.8404921535401164
H10,identity,"(3, 7, 8)",identity_3-7-8,561.4996559537894,1.0000000000004035,252,252,3232,OK,458.2881897578508,0.459357921052832,0.21379905198118174,0.3930745534684346,0.03452355049392883,1.6893959546864747,0.951744623015873,0.894648,0.988989990900819
H10,identity,"(4, 5, 6)",identity_4-5-6,558.0968137061868,1.0000000000004106,245,242,3232,OK,458.6996615694874,0.470193930372267,0.19750301764618253,0.3930745534684346,0.0019314818239304394,1.188882892195377,0.9746900489795919,0.9587525,0.7834319526627219
H10,identity,"(4, 5, 7)",identity_4-5-7,544.946579989209,1.0000000000003986,248,246,3232,OK,458.6996615694874,0.470193930372267,0.19845244670112036,0.3930745534684346,0.0038303399338061165,1.218364879827887,0.9727450483870967,0.9544725,0.7434456928838952
H10,identity,"(3, 7, 9)",identity_3-7-9,488.66257223161114,1.0000000000004023,252,252,3232,OK,236.38581837080696,0.6297827813983575,0.23099425127731982,0.3930745534684346,0.06891394908620502,1.7990821928475127,0.9463656984126985,0.870515,0.9869246062089004
H10,identity,"(3, 8, 9)",identity_3-8-9,483.352752545243,1.0000000000004017,252,252,3232,OK,294.8068205631822,0.5735870187954646,0.24459714002005264,0.3930745534684346,0.0961197265716706,1.9528855978057376,0.9382025317460317,0.8492535,0.9829771821803694
H10,identity,"(4, 5, 8)",identity_4-5-8,570.4812612901807,1.0000000000004068,252,252,3232,OK,458.3452761510429,0.459059116929777,0.2120553354438532,0.3930745534684346,0.031036117419271713,1.5949648378284729,0.9563732341269842,0.906494,0.9679841024508722
H10,identity,"(4, 5, 9)",identity_4-5-9,506.6369116046303,1.0000000000004023,252,252,3232,OK,236.38581837080696,0.6297827813983574,0.22925053473999124,0.3930745534684346,0.0654265160115479,1.7442535916306936,0.9495657341269841,0.8792555,0.8914066175317548
H10,identity,"(4, 6, 7)",identity_4-6-7,542.0729876263124,1.0000000000004023,250,250,3232,OK,458.6996615694874,0.470193930372267,0.19884959044231576,0.3930745534684346,0.004624627416196836,1.2373364167171566,0.972034284,0.951844,0.7703281027104137
H10,identity,"(4, 6, 8)",identity_4-6-8,570.7414890433693,1.0000000000004046,252,252,3182,OK,365.4517569539335,0.517642676055443,0.21245247918504856,0.3930745534684346,0.03183040490166243,1.6222716612821004,0.9550159047619048,0.903293,0.9135218608242448
H10,identity,"(4, 6, 9)",identity_4-6-9,501.6909540244754,1.0000000000004066,252,252,3182,OK,236.38581837080696,0.6297827813983573,0.22964767848118664,0.3930745534684346,0.06622080349393862,1.756072928423265,0.9490160793650794,0.8783965,0.8955429621687854
H10,identity,"(4, 7, 8)",identity_4-7-8,564.8098887030768,1.0000000000004075,252,252,3232,OK,365.05890760768443,0.518163284684482,0.21340190823998637,0.3930745534684346,0.033729263011538106,1.6829620498054962,0.9521872976190476,0.8967905,0.8465383039737813
H10,identity,"(4, 7, 9)",identity_4-7-9,493.12499741593376,1.0000000000004037,252,252,3232,OK,236.38581837080696,0.6297827813983574,0.23059710753612447,0.3930745534684346,0.06811966160381429,1.7919466899563246,0.9467659007936507,0.871669,0.9189881524175473
H10,identity,"(4, 8, 9)",identity_4-8-9,489.0113889032852,1.0000000000004035,252,252,3182,OK,294.5982984505724,0.5738656579728079,0.24419999627885725,0.3930745534684346,0.09532543908927989,1.9441000067283276,0.9390719087301588,0.851642,0.9854797519153593
H10,identity,"(5, 6, 7)",identity_5-6-7,541.7645566288201,1.0000000000004057,249,251,3232,OK,458.6996615694874,0.470193930372267,0.19884959044231576,0.3930745534684346,0.004624627416196836,1.2338289664519684,0.9719368232931727,0.9526905,0.7617807246033625
H10,identity,"(5, 6, 8)",identity_5-6-8,571.1225565093488,1.0000000000004066,252,252,3232,OK,365.4517569539335,0.5176426760554429,0.21245247918504856,0.3930745534684346,0.03183040490166244,1.6209711288730624,0.9551215674603175,0.9032065,0.9565938050347043
H10,identity,"(5, 6, 9)",identity_5-6-9,501.96925772790826,1.000000000000396,252,252,3232,OK,236.38581837080696,0.6297827813983574,0.22964767848118664,0.3930745534684346,0.06622080349393862,1.752049430010964,0.9494964126984127,0.879365,0.9103120648701777
H10,identity,"(5, 7, 8)",identity_5-7-8,564.1432761711078,1.0000000000004037,252,252,3232,OK,365.05890760768443,0.518163284684482,0.21340190823998637,0.3930745534684346,0.03372926301153811,1.675869310965919,0.9526185912698413,0.8971705,0.9109686609686609
H10,identity,"(5, 8, 9)",identity_5-8-9,489.0626742584745,1.0000000000004088,252,252,3232,OK,231.50270273670958,0.6306276897312906,0.24419999627885725,0.3930745534684346,0.0953254390892799,1.9422425362111688,0.9390846706349206,0.8518955,0.9891988555078683
H10,identity,"(5, 7, 9)",identity_5-7-9,492.4005382871979,1.0000000000004088,252,252,3232,OK,236.38581837080696,0.6297827813983574,0.23059710753612447,0.3930745534684346,0.06811966160381429,1.7857985236925933,0.9471372817460317,0.8732585,0.850964891885608
H10,identity,"(6, 7, 8)",identity_6-7-8,566.5868313190527,1.000000000000397,252,252,3232,OK,365.05890760768443,0.5181632846844821,0.21379905198118174,0.3930745534684346,0.03452355049392884,1.7114166487342415,0.9506402777777778,0.8931925,0.8617265714754636
H10,identity,"(6, 7, 9)",identity_6-7-9,489.737505837744,1.000000000000403,252,252,3232,OK,236.38581837080696,0.6297827813983574,0.23099425127731982,0.3930745534684346,0.06891394908620502,1.8032012586759412,0.9463636944444445,0.871276,0.8874110007041702
H10,identity,"(6, 8, 9)",identity_6-8-9,489.91002699465633,1.000000000000402,252,252,3182,OK,230.86586030434563,0.6258450900157321,0.24459714002005264,0.3930745534684346,0.09611972657167062,1.9675966829283567,0.9376586944444445,0.848869,0.9912336968141972
H10,identity,"(7, 8, 9)",identity_7-8-9,486.8114958338241,1.0000000000004086,252,252,3232,OK,230.2839613082117,0.6230070889245248,0.24554656907499048,0.3930745534684346,0.09801858468154628,2.0295169054943987,0.9338759325396825,0.8388365,0.9940221452346988
H10,physical,"(1, 4, 7)",physical_1-4-7,573.5291565729196,1.0000000000003997,252,251,3282,OK,268.87516285398937,0.5780884770024218,0.1761779371310149,0.3186266112504917,0.03372926301153811,0.9373997322421135,0.9725963650793651,0.9367335,0.9669445242885887
H10,physical,"(2, 4, 6)",physical_2-4-6,543.5469793089061,1.000000000000403,245,245,3232,OK,297.572227797807,0.5516742832724483,0.16162561933334427,0.3186266112504917,0.004624627416196836,0.6238367450933137,0.9798905142857143,0.9590295,0.8794326241134752
H10,physical,"(1, 6, 8)",physical_1-6-8,627.8038481413378,1.000000000000402,252,252,3282,OK,183.58452992042817,0.6894747491861564,0.19017796961494304,0.3186266112504917,0.061729327979394434,1.4375705751877492,0.9580615912698413,0.895968,0.9646236116824353
H10,physical,"(0, 2, 7)",physical_0-2-7,569.2231987578032,1.0000000000004026,252,252,3232,OK,221.6289189077152,0.65710199899811,0.19471970922328616,0.3186266112504917,0.07081280719608063,1.3610630717967453,0.9622105515873016,0.909575,0.9716900444748546
H10,physical,"(1, 2, 6)",physical_1-2-6,571.9299272141676,1.0000000000004006,251,252,3282,OK,220.4397209424638,0.6397214424179712,0.17657508087221027,0.3186266112504917,0.03452355049392884,0.9722741128069351,0.9720398446215139,0.936233,0.9732194557035322
H10,physical,"(1, 6, 7)",physical_1-6-7,572.0075332408144,1.000000000000404,251,252,3282,OK,270.74337446453,0.578889164121683,0.17657508087221027,0.3186266112504917,0.03452355049392884,0.9624425569029758,0.9718008844621514,0.9351115,0.9772027972027972
H10,physical,"(3, 6, 9)",physical_3-6-9,547.2182783110471,1.0000000000004017,251,251,3280,OK,269.1237568078595,0.5923666542545941,0.19282085111341052,0.3186266112504917,0.06701509097632934,1.1301088668719463,0.9681714701195219,0.9198885,0.9308485139022051
H10,physical,"(1, 5, 7)",physical_1-5-7,570.3142466378042,1.0000000000004052,252,251,3282,OK,226.48491392501313,0.6203579204161187,0.1761779371310149,0.3186266112504917,0.03372926301153811,0.9259943838635742,0.9728332896825397,0.9377635,0.9054131874460121
H10,physical,"(5, 7, 9)",physical_5-7-9,549.2362237674264,1.0000000000004092,250,251,3268,OK,219.32371513488567,0.6583515136233303,0.19337313642715298,0.3186266112504917,0.06811966160381429,1.1609417853668655,0.96667212,0.915596,0.855210664590834
H10,physical,"(2, 3, 5)",physical_2-3-5,532.6775449619952,1.0000000000004021,243,244,3280,OK,304.7670319220908,0.5322891496125512,0.16162561933334427,0.3186266112504917,0.0046246274161968375,0.5708001552148804,0.9809327160493827,0.9619735,0.9852427184466019
H10,physical,"(0, 2, 9)",physical_0-2-9,602.4733056805492,1.0000000000003997,252,252,3268,OK,268.5719206638488,0.5933187615824217,0.22551779726215707,0.3186266112504917,0.13240898327382242,2.2038888831940904,0.9362624761904762,0.836564,0.986448424297178
H10,physical,"(0, 5, 7)",physical_0-5-7,577.3358597889278,1.0000000000003972,251,251,3232,OK,220.94528600747142,0.6586595808195449,0.19337313642715295,0.3186266112504917,0.06811966160381425,1.298276221865561,0.9646251792828685,0.915458,0.9532053299758683
H10,physical,"(5, 6, 7)",physical_5-6-7,548.1555388011898,1.0000000000003988,242,246,3232,OK,269.86705160719634,0.5721703343610745,0.16162561933334427,0.3186266112504917,0.004624627416196836,0.6490045525793309,0.9790625537190083,0.95765,0.987323433538573
H10,physical,"(0, 2, 6)",physical_0-2-6,569.8481240247384,1.0000000000004132,252,252,3232,OK,218.63787417716551,0.6615930986901128,0.19377028016834832,0.3186266112504917,0.06891394908620496,1.2978952638024195,0.9646361825396825,0.917604,0.9798444517471793
H10,physical,"(1, 5, 6)",physical_1-5-6,576.4553827275219,1.0000000000004001,251,252,3282,OK,210.0243033866711,0.6511451413497085,0.17522850807607704,0.3186266112504917,0.03183040490166244,0.8792153594201011,0.9740762310756972,0.941266,0.9570793433652531
H10,physical,"(2, 6, 9)",physical_2-6-9,541.864767463621,1.000000000000402,252,252,3268,OK,268.3478007147997,0.59629229067241,0.19377028016834835,0.3186266112504917,0.068913949086205,1.168461513662336,0.96647725,0.915044,0.9935875415092179
H10,physical,"(4, 6, 8)",physical_4-6-8,591.3582465847495,1.0000000000003992,249,251,3232,OK,301.16552450996005,0.5457347834575439,0.17522850807607704,0.3186266112504917,0.03183040490166243,1.0323364664826087,0.9713448072289157,0.9348925,0.9819373634377276
H10,physical,"(1, 3, 5)",physical_1-3-5,572.0086899395964,1.0000000000004035,251,252,3282,OK,264.65016424447094,0.5687982412580788,0.17522850807607704,0.3186266112504917,0.03183040490166244,0.8604384790790539,0.9744356494023905,0.9419645,0.9377247466492318
H10,physical,"(0, 6, 7)",physical_0-6-7,577.0673355190486,1.000000000000404,251,251,3232,OK,218.63787417716551,0.6615930986901126,0.19377028016834832,0.3186266112504917,0.06891394908620498,1.3267801050110701,0.9638685099601594,0.9144315,0.9868533561351005
H10,physical,"(2, 4, 7)",physical_2-4-7,541.6021254577306,1.000000000000406,251,246,3232,OK,172.14939218691416,0.6955385362149424,0.1625750483882821,0.3186266112504917,0.006523485526072513,0.7006674092558449,0.9785931673306772,0.954186,0.9807556911523116
H10,physical,"(3, 4, 6)",physical_3-4-6,551.1723763754235,1.0000000000003926,243,245,3280,OK,386.40080313468684,0.4530670348135028,0.1606761902784064,0.3186266112504917,0.0027257693063211575,0.5853465961666331,0.9808719094650206,0.9621965,0.9661855670103093
H10,physical,"(0, 3, 4)",physical_0-3-4,575.4256702109072,1.0000000000003968,252,251,3280,OK,220.94528600747142,0.658659580819545,0.19242370737221512,0.3186266112504917,0.06622080349393857,1.2302809336096827,0.9673374206349207,0.923399,0.9759732008779023
H10,physical,"(0, 1, 9)",physical_0-1-9,588.6505862537001,1.0000000000004052,252,252,3282,OK,219.9049260850092,0.6547827697182128,0.23912068600488987,0.3186266112504917,0.15961476075928802,2.190985689736177,0.9348961388888889,0.8399695,0.9599605829573155
H10,physical,"(3, 8, 9)",physical_3-8-9,542.4601412591485,1.0000000000003966,251,251,3280,OK,225.71215968089663,0.6386663352819468,0.20737316891108112,0.3186266112504917,0.0961197265716706,1.3401246030687766,0.9617371593625498,0.903185,0.9653388515261252
H10,physical,"(5, 6, 8)",physical_5-6-8,586.7050880757167,1.0000000000003881,251,252,3232,OK,251.1205221539532,0.6067004880571014,0.17522850807607704,0.3186266112504917,0.03183040490166244,1.0180536847510704,0.9718415418326694,0.935404,0.9846780766096169
H10,physical,"(0, 5, 6)",physical_0-5-6,581.3216555606004,1.0000000000003983,251,252,3232,OK,218.63787417716551,0.6615930986901126,0.19242370737221512,0.3186266112504917,0.06622080349393857,1.258016554955931,0.9661543705179283,0.9217065,0.9723429474516001
H10,physical,"(0, 4, 8)",physical_0-4-8,584.3114706836543,1.0000000000003963,251,251,3232,OK,214.50849171642173,0.6532612127357948,0.20697602516988575,0.3186266112504917,0.09532543908927983,1.4970170944978851,0.9587867888446215,0.9018705,0.8901371074745688
H10,physical,"(2, 3, 9)",physical_2-3-9,536.1828114809128,1.000000000000412,252,251,3280,OK,268.6432425764611,0.5924755498458512,0.19377028016834835,0.3186266112504917,0.068913949086205,1.1389268659644476,0.967655623015873,0.917133,0.8875532728663534
H10,physical,"(1, 2, 7)",physical_1-2-7,569.2755825430825,1.000000000000405,252,252,3282,OK,189.39782400814752,0.6726222492452094,0.1775245099271481,0.3186266112504917,0.03642240860380452,1.042523603289237,0.9701088015873016,0.9332435,0.8266439909297052
H10,physical,"(4, 5, 6)",physical_4-5-6,557.8550583595004,1.0000000000004072,243,237,3232,OK,373.109132816376,0.4788693343078371,0.16027904653721106,0.3186266112504917,0.0019314818239304394,0.5829578636211163,0.9813712098765432,0.9629945,0.9588414634146342
H10,physical,"(0, 4, 9)",physical_0-4-9,616.7529241134977,1.00000000000041,251,252,3268,OK,266.64047918834746,0.6003501654672635,0.22417122446602386,0.3186266112504917,0.129715837681556,2.1705693052530584,0.939106828685259,0.843664,0.9947481749908093
H10,physical,"(0, 2, 3)",physical_0-2-3,560.4989837213,1.0000000000004028,252,252,3280,OK,218.63787417716551,0.6615930986901126,0.19377028016834832,0.3186266112504917,0.06891394908620496,1.2620615384265754,0.9656996388888889,0.9186545,0.8192338387869114
H10,physical,"(0, 2, 4)",physical_0-2-4,570.5565317509222,1.000000000000402,252,251,3232,OK,218.63787417716551,0.6615930986901126,0.19337313642715295,0.3186266112504917,0.06811966160381425,1.2674390546407253,0.965544376984127,0.919513,0.8147153043298543
H10,physical,"(2, 6, 7)",physical_2-6-7,540.5871002427523,1.0000000000004072,251,249,3232,OK,218.56940597565887,0.63653624917405,0.16297219212947744,0.3186266112504917,0.007317773008463233,0.7301626085079815,0.9776751593625498,0.9524265,0.9901918976545843
H10,physical,"(4, 6, 9)",physical_4-6-9,557.0298184490117,1.0000000000003912,250,251,3268,OK,219.74517877720334,0.6570911626581302,0.19242370737221515,0.3186266112504917,0.06622080349393862,1.1340867794377378,0.967917732,0.919968,0.9264603211542937
H10,physical,"(0, 1, 3)",physical_0-1-3,573.8335472198175,1.0000000000004063,251,251,3282,OK,181.4337155473007,0.6994102249597494,0.20737316891108112,0.3186266112504917,0.09611972657167056,1.351716405815688,0.9619735179282869,0.9120395,0.9329212686189077
H10,physical,"(1, 7, 9)",physical_1-7-9,550.3153263048679,1.0000000000004001,251,250,3282,OK,229.400497251123,0.63192635520319,0.20832259796601899,0.3186266112504917,0.09801858468154628,1.316926281891191,0.9612908725099601,0.9056975,0.9572832886505809
H10,physical,"(2, 3, 7)",physical_2-3-7,533.7249878811612,1.0000000000003928,248,248,3280,OK,175.17356732665235,0.6890443543524386,0.16297219212947744,0.3186266112504917,0.007317773008463233,0.694957164860992,0.9784623508064516,0.9554635,0.841385395984999
H10,physical,"(0, 1, 5)",physical_0-1-5,579.6544079375669,1.0000000000004083,252,252,3282,OK,181.4337155473007,0.6994102249597492,0.20697602516988578,0.3186266112504917,0.09532543908927986,1.342288506843688,0.9623319126984127,0.912502,0.9276530612244898
H10,physical,"(3, 5, 9)",physical_3-5-9,548.0263981572922,1.0000000000004012,251,252,3280,OK,256.18934824031305,0.6028366049528782,0.19242370737221515,0.3186266112504917,0.06622080349393862,1.092568096138384,0.9693960876494024,0.922513,0.9939337992878808
H10,rand007,"(2, 4, 6)",rand007_2-4-6,571.8489957778932,1.0000000000004075,237,231,3332,OK,372.8896294803494,0.4511884049703825,0.21419164416736286,0.4237586609185288,0.004624627416196836,0.7451266208460839,0.9836131223628692,0.970218,0.9792998477929985
H10,rand007,"(1, 6, 8)",rand007_1-6-8,640.7952061771507,1.0000000000004052,251,251,3382,OK,221.6377001311667,0.6293327259725365,0.24274399444896166,0.4237586609185288,0.061729327979394434,1.452880896480281,0.962460219123506,0.9001395,0.9712624247751708
H10,rand007,"(1, 4, 7)",rand007_1-4-7,586.4094777366757,1.0000000000004083,245,242,3382,OK,260.87977530669895,0.5737332499436106,0.22874396196503347,0.4237586609185288,0.03372926301153811,1.0027291097502125,0.9763166,0.942599,0.9944065484311051
H10,rand007,"(1, 6, 7)",rand007_1-6-7,593.3144755243073,1.0000000000004083,247,247,3382,OK,310.1122018089564,0.5128302772233498,0.22914110570622884,0.4237586609185288,0.03452355049392884,1.054635446777808,0.9753330607287449,0.940213,0.9851917478800152
H10,rand007,"(0, 2, 7)",rand007_0-2-7,578.6990209780561,1.0000000000004075,250,251,3332,OK,215.39947887265853,0.6695513834559433,0.24728573405730472,0.4237586609185288,0.07081280719608063,1.3839917788092522,0.96589288,0.9187785,0.9913565644618324
H10,rand007,"(3, 6, 9)",rand007_3-6-9,550.2798409134613,1.0000000000004035,251,249,3332,OK,269.1237568080016,0.5923666542545103,0.24538687594742906,0.4237586609185288,0.06701509097632934,1.1760557151609925,0.9710485577689243,0.926557,0.9753255030501684
H10,rand007,"(1, 2, 6)",rand007_1-2-6,630.4643858124912,1.0000000000003957,247,248,3382,OK,309.62763259623307,0.5163581200713618,0.22914110570622884,0.4237586609185288,0.03452355049392884,1.2098887281421435,0.9724753805668016,0.9359375,0.9878021486123545
H10,rand007,"(1, 5, 7)",rand007_1-5-7,593.478239136008,1.0000000000003972,247,248,3382,OK,307.4320742311212,0.5185250822422232,0.22874396196503347,0.4237586609185288,0.03372926301153811,1.0261039142094246,0.9760612834008097,0.941839,0.9931133056133056
H10,rand007,"(0, 2, 9)",rand007_0-2-9,619.881838816041,1.000000000000409,252,252,3332,OK,217.85019032460883,0.6609392640751481,0.2780838220961756,0.4237586609185288,0.13240898327382242,2.3190113536164927,0.9317344404761905,0.8293845,0.9006148826703476
H10,rand007,"(2, 3, 5)",rand007_2-3-5,565.3726442896741,1.0000000000004086,243,229,3332,OK,371.58477217940344,0.45800235163472564,0.21419164416736286,0.4237586609185288,0.0046246274161968375,0.7092173799665754,0.9845498477366255,0.9729845,0.973142345568487
H10,rand007,"(5, 7, 9)",rand007_5-7-9,539.8716358734497,1.0000000000003997,249,245,3332,OK,219.67120761325543,0.6562824502450649,0.24593916126117155,0.4237586609185288,0.06811966160381429,1.1430568183524303,0.9710199598393574,0.927093,0.9581357812972864
H10,rand007,"(0, 5, 7)",rand007_0-5-7,571.1073022356867,1.000000000000404,250,247,3332,OK,212.1238972681727,0.6763101581038712,0.24593916126117155,0.4237586609185288,0.06811966160381425,1.2599565178329726,0.970090052,0.930399,0.7241780883275105
H10,rand007,"(1, 5, 6)",rand007_1-5-6,620.6896403413848,1.0000000000004021,246,244,3382,OK,303.04575867559345,0.5273514390385423,0.22779453291009566,0.4237586609185288,0.03183040490166244,1.0726698197914954,0.9761630772357723,0.9462815,0.9425365062195782
H10,rand007,"(5, 6, 7)",rand007_5-6-7,547.8985542715407,1.0000000000003963,236,234,3332,OK,255.9476032054704,0.5642934866836116,0.21419164416736286,0.4237586609185288,0.004624627416196836,0.620746163653178,0.9852445381355932,0.9741055,0.8841463414634146
H10,rand007,"(0, 2, 6)",rand007_0-2-6,600.221839158726,1.0000000000004012,251,250,3332,OK,212.1238972681727,0.6763101581038711,0.2463363050023669,0.4237586609185288,0.06891394908620496,1.3954542082380919,0.9669685498007968,0.922519,0.8112604568098506
H10,rand007,"(2, 6, 9)",rand007_2-6-9,566.9524848961834,1.0000000000003983,248,249,3332,OK,232.94094787676656,0.6199018458143988,0.24633630500236692,0.4237586609185288,0.068913949086205,1.2949954630703948,0.9669152096774194,0.9160935,0.9109905886106237
H10,rand007,"(4, 6, 8)",rand007_4-6-8,571.5766673100973,1.0000000000004046,248,244,3332,OK,340.71379782044266,0.4974898002373317,0.22779453291009566,0.4237586609185288,0.03183040490166243,0.8924813945267326,0.9791562943548388,0.953381,0.9317995069843878
H10,rand007,"(1, 3, 5)",rand007_1-3-5,610.483710384786,1.0000000000004015,248,244,3382,OK,304.07945309189887,0.5237414350028798,0.22779453291009566,0.4237586609185288,0.03183040490166244,1.032683562859018,0.9769005887096774,0.946019,0.9543841198895754
H10,rand007,"(0, 6, 7)",rand007_0-6-7,569.9319744330733,1.0000000000004,249,252,3332,OK,212.1238972681727,0.6763101581038711,0.24633630500236692,0.4237586609185288,0.06891394908620498,1.2869430170332468,0.9692031084337349,0.928591,0.7205284552845529
H10,rand007,"(2, 4, 7)",rand007_2-4-7,548.605735314136,1.000000000000398,238,243,3332,OK,256.01746921348314,0.5638144127688542,0.21514107322230067,0.4237586609185288,0.006523485526072513,0.7180996875719518,0.9828241722689076,0.9656635,0.959355131698456
H10,rand007,"(3, 4, 6)",rand007_3-4-6,555.6080508162156,1.0000000000003972,230,232,3332,OK,372.8896294803494,0.4511884049703825,0.213242215112425,0.4237586609185288,0.0027257693063211575,0.6039587811542151,0.9856591826086957,0.9771325,0.9215304798962386
H10,rand007,"(0, 3, 4)",rand007_0-3-4,574.6602098111682,1.0000000000003944,249,249,3332,OK,212.1238972681727,0.6763101581038711,0.24498973220623368,0.4237586609185288,0.06622080349393857,1.2289731989884751,0.9713936224899599,0.935057,0.7703919250704737
H10,rand007,"(0, 1, 9)",rand007_0-1-9,610.6545536919912,1.000000000000409,252,252,3382,OK,218.6538135657612,0.6572112097363891,0.2916867108389084,0.4237586609185288,0.15961476075928802,2.332606600143825,0.9301486785714286,0.825869,0.9715166461159063
H10,rand007,"(3, 8, 9)",rand007_3-8-9,517.1359068355548,1.0000000000004057,251,252,3332,OK,225.4373425633629,0.6378104746488928,0.2599391937450997,0.4237586609185288,0.0961197265716706,1.216754878318342,0.9697918446215139,0.924094,0.9821806973608168
H10,rand007,"(5, 6, 8)",rand007_5-6-8,577.0418283725531,1.0000000000004026,245,244,3332,OK,340.52337391812057,0.4990303611132524,0.22779453291009566,0.4237586609185288,0.03183040490166244,0.9109147051184432,0.9786226857142857,0.9531505,0.9836366672232426
H10,rand007,"(0, 5, 6)",rand007_0-5-6,596.1984734030024,1.0000000000004041,248,250,3332,OK,212.1238972681727,0.6763101581038711,0.24498973220623368,0.4237586609185288,0.06622080349393857,1.298949458792722,0.9699266370967742,0.932147,0.8047169811320755
H10,rand007,"(2, 3, 9)",rand007_2-3-9,556.2863065787295,1.0000000000003935,250,249,3332,OK,181.36166671463272,0.7002444637381979,0.24633630500236692,0.4237586609185288,0.068913949086205,1.2476746128469296,0.968599388,0.920817,0.946053328624404
H10,rand007,"(0, 4, 8)",rand007_0-4-8,558.477385648139,1.0000000000004001,251,250,3332,OK,219.0999715854449,0.6581663914550515,0.25954205000390435,0.4237586609185288,0.09532543908927983,1.3601088065495348,0.9671503187250996,0.9207415,0.8868630649649746
H10,rand007,"(4, 5, 6)",rand007_4-5-6,570.4920969332896,1.000000000000401,226,228,3332,OK,372.8896294803494,0.4511884049703825,0.21284507137122965,0.4237586609185288,0.0019314818239304394,0.634704467947622,0.9852161327433628,0.976925,0.9152095018145826
H10,rand007,"(1, 2, 7)",rand007_1-2-7,606.874029806578,1.0000000000004097,247,247,3382,OK,260.76595742499273,0.5720882373340894,0.23009053476116664,0.4237586609185288,0.03642240860380452,1.191863106933015,0.9714122024291498,0.9296245,0.9286816389507971
H10,rand007,"(0, 4, 9)",rand007_0-4-9,611.0240526626294,1.0000000000004134,252,252,3332,OK,268.2063642335324,0.5955224169443551,0.27673724930004245,0.4237586609185288,0.129715837681556,2.221732452149114,0.9379931984126985,0.84281,0.9832779143173823
H10,rand007,"(0, 2, 3)",rand007_0-2-3,584.6110129594306,1.000000000000406,251,250,3332,OK,212.1238972681727,0.6763101581038711,0.2463363050023669,0.4237586609185288,0.06891394908620496,1.3434645550153286,0.9681773784860558,0.9257205,0.857023333643209
H10,rand007,"(2, 6, 7)",rand007_2-6-7,555.9238799791792,1.000000000000399,239,242,3332,OK,256.01746921348314,0.5638144127688542,0.21553821696349604,0.4237586609185288,0.007317773008463233,0.7753515805182425,0.9819197154811715,0.9629055,0.9662525879917184
H10,rand007,"(0, 2, 4)",rand007_0-2-4,593.0928121861418,1.0000000000004055,252,250,3332,OK,212.1238972681727,0.6763101581038711,0.24593916126117155,0.4237586609185288,0.06811966160381425,1.3455548547446496,0.9683994563492063,0.9257515,0.8015499584832549
H10,rand007,"(4, 6, 9)",rand007_4-6-9,556.9470430086776,1.0000000000004088,246,247,3332,OK,269.1237568080016,0.5923666542545104,0.24498973220623374,0.4237586609185288,0.06622080349393862,1.174055829030676,0.9706194268292683,0.9273645,0.9477083146470535
H10,rand007,"(0, 1, 3)",rand007_0-1-3,602.8339159197919,1.0000000000004061,252,251,3382,OK,261.59552953727336,0.5995156824584572,0.25993919374509966,0.4237586609185288,0.09611972657167056,1.4777392221378114,0.963810873015873,0.911801,0.9279482785480604
H10,rand007,"(2, 3, 7)",rand007_2-3-7,542.8482985182139,1.0000000000004048,244,238,3332,OK,255.84588985183922,0.5655187337498514,0.21553821696349604,0.4237586609185288,0.007317773008463233,0.7182522071176801,0.9830941270491803,0.965963,0.9936642027455121
H10,rand007,"(1, 7, 9)",rand007_1-7-9,560.7915036614744,1.000000000000408,251,251,3382,OK,189.72591267387796,0.6759621879798738,0.26088862280003755,0.4237586609185288,0.09801858468154628,1.3960758073688249,0.9638688964143426,0.9096655,0.9492195629552549
H10,rand007,"(0, 1, 5)",rand007_0-1-5,615.9617054260549,1.000000000000406,251,252,3382,OK,261.59552953727336,0.5995156824584572,0.25954205000390435,0.4237586609185288,0.09532543908927986,1.4924629655467063,0.9634413864541833,0.9123205,0.882190445238869
H10,rand007,"(3, 5, 9)",rand007_3-5-9,553.6716401042474,1.0000000000004035,247,248,3332,OK,175.54212629681308,0.719213463812387,0.24498973220623374,0.4237586609185288,0.06622080349393862,1.1455123095742574,0.9713008906882591,0.929248,0.9538780120481928
N2,identity,"(0, 1, 2)",identity_0-1-2,196.99025271097526,1.0000000000001303,39,41,2672,OK,28.84444850734269,0.9806563594670196,0.2883321499011539,0.46557389435310936,0.11109040544919842,0.1112341532663929,0.9717229230769231,0.999521,0.9915966386554622
N2,identity,"(0, 1, 3)",identity_0-1-3,199.73821783479195,1.0000000000001286,43,42,2688,OK,31.870454303643214,0.9788639618129478,0.28735360813796657,0.46557389435310936,0.1091333219228238,0.10846458112141877,0.9744810697674419,0.999591,0.4251968503937008
N2,identity,"(0, 1, 4)",identity_0-1-4,199.73821783479195,1.0000000000001286,43,42,2672,OK,31.870454303643214,0.9788639618129478,0.28735360813796657,0.46557389435310936,0.1091333219228238,0.10846458112141877,0.9744810697674419,0.999591,0.4251968503937008
N2,identity,"(0, 1, 5)",identity_0-1-5,199.73821783479195,1.0000000000001286,43,42,2696,OK,31.870454303643214,0.9788639618129478,0.28735360813796657,0.46557389435310936,0.1091333219228238,0.10846458112141877,0.9744810697674419,0.999591,0.4251968503937008
N2,identity,"(0, 1, 6)",identity_0-1-6,199.73821783479195,1.0000000000001286,43,42,2672,OK,31.870454303643214,0.9788639618129478,0.28735360813796657,0.46557389435310936,0.1091333219228238,0.10846458112141877,0.9744810697674419,0.999591,0.4251968503937008
N2,identity,"(0, 1, 7)",identity_0-1-7,195.56600417168113,1.0000000000001308,41,42,2696,OK,24.289052413038803,0.9831338991515087,0.2883321499011539,0.46557389435310936,0.11109040544919842,0.11335154387823348,0.973002,0.999457,0.9739130434782609
N2,identity,"(0, 1, 8)",identity_0-1-8,178.78282184649663,1.0000000000001275,47,47,2672,OK,31.870454303643214,0.9788639618129477,0.3130620797915397,0.46557389435310936,0.1605502652299701,0.16221335988121102,0.9757796170212766,0.999413,0.8059701492537313
N2,identity,"(0, 1, 9)",identity_0-1-9,171.6496972727839,1.0000000000001263,46,45,2672,OK,24.267038653349005,0.9831497139805823,0.31621179744580524,0.46557389435310936,0.1668497005385012,0.16896439110077452,0.9748666086956522,0.999458,0.832258064516129
N2,identity,"(0, 2, 3)",identity_0-2-3,219.48523498463146,1.0000000000001297,38,39,2686,OK,46.56101398974499,0.9659792814594121,0.2626236782475807,0.46557389435310936,0.05967346214205206,0.06871607047526261,0.971809,0.999626,0.9801980198019802
N2,identity,"(0, 2, 4)",identity_0-2-4,219.48523498463146,1.0000000000001297,38,39,2654,OK,46.56101398974499,0.9659792814594121,0.2626236782475807,0.46557389435310936,0.05967346214205206,0.06871607047526261,0.971809,0.999626,0.9801980198019802
N2,identity,"(0, 2, 5)",identity_0-2-5,219.48523498463146,1.0000000000001297,38,39,2696,OK,46.56101398974499,0.9659792814594121,0.2626236782475807,0.46557389435310936,0.05967346214205206,0.06871607047526261,0.971809,0.999626,0.9801980198019802
N2,identity,"(0, 2, 6)",identity_0-2-6,219.48523498463146,1.0000000000001297,38,39,2654,OK,46.56101398974499,0.9659792814594121,0.2626236782475807,0.46557389435310936,0.05967346214205206,0.06871607047526261,0.971809,0.999626,0.9801980198019802
N2,identity,"(0, 2, 7)",identity_0-2-7,215.57680901892695,1.0000000000001306,38,41,2696,OK,51.57122019664939,0.9394902763932316,0.263602220010768,0.46557389435310936,0.0616305456684267,0.07475435624095864,0.9715912105263158,0.99959,0.7433628318584071
N2,identity,"(0, 2, 8)",identity_0-2-8,196.2401214284455,1.000000000000125,40,44,2654,OK,31.870454303643214,0.9788639618129477,0.28833214990115386,0.46557389435310936,0.11109040544919838,0.11170991156386985,0.97237185,0.999509,0.9
N2,identity,"(0, 2, 9)",identity_0-2-9,190.9296843770676,1.0000000000001323,45,45,2654,OK,46.56101398974499,0.9659792814594121,0.2914818675554194,0.46557389435310936,0.11738984075772951,0.1226410868551515,0.9749684,0.999586,0.7985611510791367
N2,identity,"(0, 3, 4)",identity_0-3-4,222.44706873203768,1.0000000000001306,37,39,2686,OK,31.870454303643214,0.9788639618129475,0.26164513648439336,0.46557389435310936,0.05771637861567742,0.06572303906339755,0.9711884864864865,0.999662,0.7311827956989247
N2,identity,"(0, 3, 5)",identity_0-3-5,222.44706873203768,1.0000000000001306,37,39,2696,OK,31.870454303643214,0.9788639618129475,0.26164513648439336,0.46557389435310936,0.05771637861567742,0.06572303906339755,0.9711884864864865,0.999662,0.7311827956989247
N2,identity,"(0, 3, 6)",identity_0-3-6,222.44706873203768,1.0000000000001306,37,39,2686,OK,31.870454303643214,0.9788639618129475,0.26164513648439336,0.46557389435310936,0.05771637861567742,0.06572303906339755,0.9711884864864865,0.999662,0.7311827956989247
N2,identity,"(0, 3, 7)",identity_0-3-7,218.46622406026484,1.00000000000013,36,40,2696,OK,51.57122019664939,0.9394902763932313,0.2626236782475807,0.46557389435310936,0.05967346214205206,0.07051626852706863,0.9701557222222222,0.999593,0.9158878504672897
N2,identity,"(0, 3, 8)",identity_0-3-8,199.48932575398715,1.0000000000001286,41,43,2686,OK,31.870454303643214,0.9788639618129475,0.28735360813796657,0.46557389435310936,0.10913332192282374,0.10873521182680751,0.9731529268292682,0.99957,0.4796747967479675
N2,identity,"(0, 3, 9)",identity_0-3-9,194.1210960501678,1.0000000000001315,43,49,2686,OK,46.56101398974499,0.965979281459412,0.2905033257922321,0.46557389435310936,0.11543275723135486,0.11679860922683183,0.9739960465116279,0.999532,0.9716312056737588
N2,identity,"(0, 4, 5)",identity_0-4-5,222.44706873203768,1.0000000000001306,37,39,2696,OK,31.870454303643214,0.9788639618129475,0.26164513648439336,0.46557389435310936,0.05771637861567742,0.06572303906339755,0.9711884864864865,0.999662,0.7311827956989247
N2,identity,"(0, 4, 6)",identity_0-4-6,222.44706873203768,1.0000000000001306,37,39,2654,OK,31.870454303643214,0.9788639618129475,0.26164513648439336,0.46557389435310936,0.05771637861567742,0.06572303906339755,0.9711884864864865,0.999662,0.7311827956989247
N2,identity,"(0, 4, 7)",identity_0-4-7,218.46622406026484,1.00000000000013,36,40,2696,OK,51.57122019664939,0.9394902763932313,0.2626236782475807,0.46557389435310936,0.05967346214205206,0.07051626852706863,0.9701557222222222,0.999593,0.9158878504672897
N2,identity,"(0, 4, 8)",identity_0-4-8,199.48932575398715,1.0000000000001286,41,43,2654,OK,31.870454303643214,0.9788639618129475,0.28735360813796657,0.46557389435310936,0.10913332192282374,0.10873521182680751,0.9731529268292682,0.99957,0.4796747967479675
N2,identity,"(0, 4, 9)",identity_0-4-9,194.1210960501678,1.0000000000001315,43,49,2654,OK,46.56101398974499,0.965979281459412,0.2905033257922321,0.46557389435310936,0.11543275723135486,0.11679860922683183,0.9739960465116279,0.999532,0.9716312056737588
N2,identity,"(0, 5, 6)",identity_0-5-6,222.44706873203768,1.0000000000001306,37,39,2696,OK,31.870454303643214,0.9788639618129475,0.26164513648439336,0.46557389435310936,0.05771637861567742,0.06572303906339755,0.9711884864864865,0.999662,0.7311827956989247
N2,identity,"(0, 5, 7)",identity_0-5-7,218.46622406026484,1.00000000000013,36,40,2696,OK,51.57122019664939,0.9394902763932313,0.2626236782475807,0.46557389435310936,0.05967346214205206,0.07051626852706863,0.9701557222222222,0.999593,0.9158878504672897
N2,identity,"(0, 5, 8)",identity_0-5-8,199.48932575398715,1.0000000000001286,41,43,2696,OK,31.870454303643214,0.9788639618129475,0.28735360813796657,0.46557389435310936,0.10913332192282374,0.10873521182680751,0.9731529268292682,0.99957,0.4796747967479675
N2,identity,"(0, 5, 9)",identity_0-5-9,194.1210960501678,1.0000000000001315,43,49,2696,OK,46.56101398974499,0.965979281459412,0.2905033257922321,0.46557389435310936,0.11543275723135486,0.11679860922683183,0.9739960465116279,0.999532,0.9716312056737588
N2,identity,"(0, 6, 7)",identity_0-6-7,218.46622406026484,1.00000000000013,36,40,2696,OK,51.57122019664939,0.9394902763932313,0.2626236782475807,0.46557389435310936,0.05967346214205206,0.07051626852706863,0.9701557222222222,0.999593,0.9158878504672897
N2,identity,"(0, 6, 8)",identity_0-6-8,199.48932575398715,1.0000000000001286,41,43,2654,OK,31.870454303643214,0.9788639618129475,0.28735360813796657,0.46557389435310936,0.10913332192282374,0.10873521182680751,0.9731529268292682,0.99957,0.4796747967479675
N2,identity,"(0, 6, 9)",identity_0-6-9,194.1210960501678,1.0000000000001315,43,49,2654,OK,46.56101398974499,0.965979281459412,0.2905033257922321,0.46557389435310936,0.11543275723135486,0.11679860922683183,0.9739960465116279,0.999532,0.9716312056737588
N2,identity,"(0, 7, 8)",identity_0-7-8,195.82076334684473,1.0000000000001272,41,41,2696,OK,28.615051437640204,0.9790483593664855,0.28833214990115386,0.46557389435310936,0.11109040544919838,0.1143926245379432,0.9728848292682927,0.99943,0.8260869565217391
N2,identity,"(0, 7, 9)",identity_0-7-9,191.13416703146413,1.0000000000001312,44,47,2696,OK,46.56101398974499,0.965979281459412,0.2914818675554194,0.46557389435310936,0.11738984075772951,0.12306100242443299,0.9743286818181818,0.999476,0.8881118881118881
N2,identity,"(0, 8, 9)",identity_0-8-9,173.93339520938866,1.000000000000128,46,46,2654,OK,31.307073886935655,0.9762021976868116,0.3162117974458052,0.46557389435310936,0.16684970053850112,0.16830609857886047,0.9748206086956521,0.999453,0.9727891156462585
N2,identity,"(1, 2, 4)",identity_1-2-4,222.46989511181425,1.0000000000001308,40,34,2672,OK,29.068263305447317,0.9781335524780966,0.2594739605933152,0.46557389435310936,0.05337402683352101,0.061603582654968826,0.9735376,0.999766,0.6666666666666666
N2,identity,"(1, 2, 3)",identity_1-2-3,222.46989511181425,1.0000000000001308,40,34,2688,OK,29.068263305447317,0.9781335524780966,0.2594739605933152,0.46557389435310936,0.05337402683352101,0.061603582654968826,0.9735376,0.999766,0.6666666666666666
N2,identity,"(1, 2, 5)",identity_1-2-5,222.46989511181425,1.0000000000001308,40,34,2696,OK,29.068263305447317,0.9781335524780966,0.2594739605933152,0.46557389435310936,0.05337402683352101,0.061603582654968826,0.9735376,0.999766,0.6666666666666666
N2,identity,"(1, 2, 6)",identity_1-2-6,222.46989511181425,1.0000000000001308,40,34,2672,OK,29.068263305447317,0.9781335524780966,0.2594739605933152,0.46557389435310936,0.05337402683352101,0.061603582654968826,0.9735376,0.999766,0.6666666666666666
N2,identity,"(1, 2, 7)",identity_1-2-7,218.63625060402114,1.0000000000001326,35,35,2696,OK,27.133941327647904,0.9788648172146902,0.26045250235650247,0.46557389435310936,0.055331110359895644,0.06476665723866351,0.9695716571428571,0.99972,0.9333333333333333
N2,identity,"(1, 2, 8)",identity_1-2-8,201.60100754070243,1.0000000000001337,38,38,2672,OK,32.43364529834025,0.9770425035292898,0.28518243224688833,0.46557389435310936,0.10479097014066731,0.10786024898037481,0.9712114736842106,0.99966,0.8888888888888888
N2,identity,"(1, 2, 9)",identity_1-2-9,195.77003062991594,1.00000000000013,40,38,2672,OK,31.870454303643214,0.9788639618129475,0.2883321499011539,0.46557389435310936,0.11109040544919843,0.11519708490717961,0.97220975,0.999476,0.9440559440559441
N2,identity,"(1, 3, 4)",identity_1-3-4,226.24324468826273,1.000000000000131,34,32,2688,OK,46.02280850293994,0.9581210331383865,0.25849541883012783,0.46557389435310936,0.05141694330714636,0.060126098154348356,0.968992,0.99982,0.9473684210526315
N2,identity,"(1, 3, 5)",identity_1-3-5,226.24324468826273,1.000000000000131,34,32,2696,OK,46.02280850293994,0.9581210331383865,0.25849541883012783,0.46557389435310936,0.05141694330714636,0.060126098154348356,0.968992,0.99982,0.9473684210526315
N2,identity,"(1, 3, 6)",identity_1-3-6,226.24324468826273,1.000000000000131,34,32,2688,OK,46.02280850293994,0.9581210331383865,0.25849541883012783,0.46557389435310936,0.05141694330714636,0.060126098154348356,0.968992,0.99982,0.9473684210526315
N2,identity,"(1, 3, 7)",identity_1-3-7,222.34307368525208,1.0000000000001275,35,38,2696,OK,27.934429967942265,0.9784605395115765,0.2594739605933152,0.46557389435310936,0.053374026833521,0.0626773460228781,0.9696966285714286,0.999761,0.8225806451612904
N2,identity,"(1, 3, 8)",identity_1-3-8,205.66206399405473,1.0000000000001321,36,33,2688,OK,51.781914492949,0.9562949301626548,0.284203890483701,0.46557389435310936,0.10283388661429267,0.10589175051531464,0.9697818888888889,0.999757,0.9180327868852459
N2,identity,"(1, 3, 9)",identity_1-3-9,199.76319712480972,1.000000000000132,45,42,2688,OK,31.870454303643214,0.9788639618129475,0.28735360813796657,0.46557389435310936,0.1091333219228238,0.11072812683646066,0.9754864,0.99955,0.4838709677419355
N2,identity,"(1, 4, 5)",identity_1-4-5,226.24324468826273,1.000000000000131,34,32,2696,OK,46.02280850293994,0.9581210331383865,0.25849541883012783,0.46557389435310936,0.05141694330714636,0.060126098154348356,0.968992,0.99982,0.9473684210526315
N2,identity,"(1, 4, 6)",identity_1-4-6,226.24324468826273,1.000000000000131,34,32,2672,OK,46.02280850293994,0.9581210331383865,0.25849541883012783,0.46557389435310936,0.05141694330714636,0.060126098154348356,0.968992,0.99982,0.9473684210526315
N2,identity,"(1, 4, 7)",identity_1-4-7,222.34307368525208,1.0000000000001275,35,38,2696,OK,27.934429967942265,0.9784605395115765,0.2594739605933152,0.46557389435310936,0.053374026833521,0.0626773460228781,0.9696966285714286,0.999761,0.8225806451612904
N2,identity,"(1, 4, 8)",identity_1-4-8,205.66206399405473,1.0000000000001321,36,33,2672,OK,51.781914492949,0.9562949301626548,0.284203890483701,0.46557389435310936,0.10283388661429267,0.10589175051531464,0.9697818888888889,0.999757,0.9180327868852459
N2,identity,"(1, 4, 9)",identity_1-4-9,199.76319712480972,1.000000000000132,45,42,2672,OK,31.870454303643214,0.9788639618129475,0.28735360813796657,0.46557389435310936,0.1091333219228238,0.11072812683646066,0.9754864,0.99955,0.4838709677419355
N2,identity,"(1, 5, 6)",identity_1-5-6,226.24324468826273,1.000000000000131,34,32,2696,OK,46.02280850293994,0.9581210331383865,0.25849541883012783,0.46557389435310936,0.05141694330714636,0.060126098154348356,0.968992,0.99982,0.9473684210526315
N2,identity,"(1, 5, 7)",identity_1-5-7,222.34307368525208,1.0000000000001275,35,38,2696,OK,27.934429967942265,0.9784605395115765,0.2594739605933152,0.46557389435310936,0.053374026833521,0.0626773460228781,0.9696966285714286,0.999761,0.8225806451612904
N2,identity,"(1, 5, 9)",identity_1-5-9,199.76319712480972,1.000000000000132,45,42,2696,OK,31.870454303643214,0.9788639618129475,0.28735360813796657,0.46557389435310936,0.1091333219228238,0.11072812683646066,0.9754864,0.99955,0.4838709677419355
N2,identity,"(1, 5, 8)",identity_1-5-8,205.66206399405473,1.0000000000001321,36,33,2696,OK,51.781914492949,0.9562949301626548,0.284203890483701,0.46557389435310936,0.10283388661429267,0.10589175051531464,0.9697818888888889,0.999757,0.9180327868852459
N2,identity,"(1, 6, 7)",identity_1-6-7,222.34307368525208,1.0000000000001275,35,38,2696,OK,27.934429967942265,0.9784605395115765,0.2594739605933152,0.46557389435310936,0.053374026833521,0.0626773460228781,0.9696966285714286,0.999761,0.8225806451612904
N2,identity,"(1, 6, 8)",identity_1-6-8,205.66206399405473,1.0000000000001321,36,33,2672,OK,51.781914492949,0.9562949301626548,0.284203890483701,0.46557389435310936,0.10283388661429267,0.10589175051531464,0.9697818888888889,0.999757,0.9180327868852459
N2,identity,"(1, 6, 9)",identity_1-6-9,199.76319712480972,1.000000000000132,45,42,2672,OK,31.870454303643214,0.9788639618129475,0.28735360813796657,0.46557389435310936,0.1091333219228238,0.11072812683646066,0.9754864,0.99955,0.4838709677419355
N2,identity,"(1, 7, 8)",identity_1-7-8,202.06666723062483,1.0000000000001328,37,40,2696,OK,29.53252499214898,0.9779408261104371,0.28518243224688833,0.46557389435310936,0.10479097014066731,0.10860566048953563,0.9703783243243244,0.99963,0.9178082191780822
N2,identity,"(1, 7, 9)",identity_1-7-9,196.84342888216122,1.0000000000001306,40,45,2696,OK,31.220052190747083,0.9781007032403896,0.2883321499011539,0.46557389435310936,0.11109040544919843,0.11450397167499568,0.9722095,0.999415,0.9924812030075187
N2,identity,"(1, 8, 9)",identity_1-8-9,181.75380398555774,1.0000000000001297,49,46,2672,OK,31.870454303643214,0.9788639618129477,0.31306207979153977,0.46557389435310936,0.16055026522997012,0.16393573583825188,0.9766864897959183,0.999462,0.7096774193548387
N2,identity,"(2, 3, 4)",identity_2-3-4,247.85509242479975,1.0000000000001315,26,26,2686,OK,106.66698534174657,0.8020183055023274,0.233765488939742,0.46557389435310936,0.0019570835263746453,0.031236745441712913,0.9605973846153846,0.99995,0.9130434782608695
N2,identity,"(2, 3, 5)",identity_2-3-5,247.85509242479975,1.0000000000001315,26,26,2696,OK,106.66698534174657,0.8020183055023274,0.233765488939742,0.46557389435310936,0.0019570835263746453,0.031236745441712913,0.9605973846153846,0.99995,0.9130434782608695
N2,identity,"(2, 3, 6)",identity_2-3-6,247.85509242479975,1.0000000000001315,26,26,2686,OK,106.66698534174657,0.8020183055023274,0.233765488939742,0.46557389435310936,0.0019570835263746453,0.031236745441712913,0.9605973846153846,0.99995,0.9130434782608695
N2,identity,"(2, 3, 7)",identity_2-3-7,244.24523114676333,1.0000000000001323,26,23,2696,OK,104.01992929894277,0.8030626249760254,0.23474403070292932,0.46557389435310936,0.003914167052749291,0.034230093240753504,0.9604332307692308,0.999948,0.8148148148148148
N2,identity,"(2, 3, 8)",identity_2-3-8,224.9537484457278,1.0000000000001275,36,36,2686,OK,29.068263305447317,0.9781335524780966,0.2594739605933151,0.46557389435310936,0.05337402683352096,0.06403191929376113,0.9705613333333334,0.999763,0.7254901960784313
N2,identity,"(2, 3, 9)",identity_2-3-9,221.09361992492893,1.0000000000001286,38,36,2686,OK,33.0299463829391,0.9558504132451004,0.2626236782475807,0.46557389435310936,0.059673462142052075,0.07330922124692207,0.9716835263157895,0.999621,0.9489795918367347
N2,identity,"(2, 4, 5)",identity_2-4-5,247.85509242479975,1.0000000000001315,26,26,2696,OK,106.66698534174657,0.8020183055023274,0.233765488939742,0.46557389435310936,0.0019570835263746453,0.031236745441712913,0.9605973846153846,0.99995,0.9130434782608695
N2,identity,"(2, 4, 6)",identity_2-4-6,247.85509242479975,1.0000000000001315,26,26,2654,OK,106.66698534174657,0.8020183055023274,0.233765488939742,0.46557389435310936,0.0019570835263746453,0.031236745441712913,0.9605973846153846,0.99995,0.9130434782608695
N2,identity,"(2, 4, 7)",identity_2-4-7,244.24523114676333,1.0000000000001323,26,23,2696,OK,104.01992929894277,0.8030626249760254,0.23474403070292932,0.46557389435310936,0.003914167052749291,0.034230093240753504,0.9604332307692308,0.999948,0.8148148148148148
N2,identity,"(2, 4, 8)",identity_2-4-8,224.9537484457278,1.0000000000001275,36,36,2654,OK,29.068263305447317,0.9781335524780966,0.2594739605933151,0.46557389435310936,0.05337402683352096,0.06403191929376113,0.9705613333333334,0.999763,0.7254901960784313
N2,identity,"(2, 4, 9)",identity_2-4-9,221.09361992492893,1.0000000000001286,38,36,2654,OK,33.0299463829391,0.9558504132451004,0.2626236782475807,0.46557389435310936,0.059673462142052075,0.07330922124692207,0.9716835263157895,0.999621,0.9489795918367347
N2,identity,"(2, 5, 6)",identity_2-5-6,247.85509242479975,1.0000000000001315,26,26,2696,OK,106.66698534174657,0.8020183055023274,0.233765488939742,0.46557389435310936,0.0019570835263746453,0.031236745441712913,0.9605973846153846,0.99995,0.9130434782608695
N2,identity,"(2, 5, 7)",identity_2-5-7,244.24523114676333,1.0000000000001323,26,23,2696,OK,104.01992929894277,0.8030626249760254,0.23474403070292932,0.46557389435310936,0.003914167052749291,0.034230093240753504,0.9604332307692308,0.999948,0.8148148148148148
N2,identity,"(2, 5, 8)",identity_2-5-8,224.9537484457278,1.0000000000001275,36,36,2696,OK,29.068263305447317,0.9781335524780966,0.2594739605933151,0.46557389435310936,0.05337402683352096,0.06403191929376113,0.9705613333333334,0.999763,0.7254901960784313
N2,identity,"(2, 5, 9)",identity_2-5-9,221.09361992492893,1.0000000000001286,38,36,2696,OK,33.0299463829391,0.9558504132451004,0.2626236782475807,0.46557389435310936,0.059673462142052075,0.07330922124692207,0.9716835263157895,0.999621,0.9489795918367347
N2,identity,"(2, 6, 7)",identity_2-6-7,244.24523114676333,1.0000000000001323,26,23,2696,OK,104.01992929894277,0.8030626249760254,0.23474403070292932,0.46557389435310936,0.003914167052749291,0.034230093240753504,0.9604332307692308,0.999948,0.8148148148148148
N2,identity,"(2, 6, 8)",identity_2-6-8,224.9537484457278,1.0000000000001275,36,36,2654,OK,29.068263305447317,0.9781335524780966,0.2594739605933151,0.46557389435310936,0.05337402683352096,0.06403191929376113,0.9705613333333334,0.999763,0.7254901960784313
N2,identity,"(2, 6, 9)",identity_2-6-9,221.09361992492893,1.0000000000001286,38,36,2654,OK,33.0299463829391,0.9558504132451004,0.2626236782475807,0.46557389435310936,0.059673462142052075,0.07330922124692207,0.9716835263157895,0.999621,0.9489795918367347
N2,identity,"(2, 7, 8)",identity_2-7-8,221.64850201534136,1.000000000000129,36,37,2696,OK,25.222162771839862,0.9802140099837235,0.26045250235650247,0.46557389435310936,0.0553311103598956,0.0673401194296164,0.9703621111111111,0.999709,0.8793103448275862
N2,identity,"(2, 7, 9)",identity_2-7-9,218.4791036838476,1.0000000000001248,40,40,2696,OK,51.57122019664939,0.9394902763932315,0.26360222001076805,0.46557389435310936,0.061630545668426726,0.07795005675342091,0.97288635,0.99956,0.7428571428571429
N2,identity,"(2, 8, 9)",identity_2-8-9,200.8592187391116,1.0000000000001308,39,40,2654,OK,33.36606662193731,0.9765678292215162,0.28833214990115386,0.46557389435310936,0.11109040544919838,0.11594477989429769,0.9715410769230769,0.99953,0.9421487603305785
N2,identity,"(3, 4, 6)",identity_3-4-6,251.87747738830524,1.0000000000001328,21,20,2686,OK,113.99971569494483,0.7962485851786193,0.23278694717655468,0.46557389435310936,2.2505177040249822e-66,0.029882404551291167,0.9513706666666667,0.999987,0.8
N2,identity,"(3, 4, 5)",identity_3-4-5,251.87747738830524,1.0000000000001328,21,20,2696,OK,113.99971569494483,0.7962485851786193,0.23278694717655468,0.46557389435310936,4.1123931627165904e-67,0.029882404551291167,0.9513706666666667,0.999987,0.8
N2,identity,"(3, 4, 7)",identity_3-4-7,248.20147582488516,1.000000000000134,26,27,2696,OK,106.66698534184604,0.8020183055023276,0.233765488939742,0.46557389435310936,0.0019570835263746453,0.03170832313726849,0.9605743076923077,0.999958,0.8076923076923077
N2,identity,"(3, 4, 8)",identity_3-4-8,229.2616047512297,1.0000000000001297,32,31,2686,OK,46.02280850293994,0.9581210331383865,0.25849541883012783,0.46557389435310936,0.05141694330714631,0.06207975357417153,0.96705075,0.999826,0.8636363636363636
N2,identity,"(3, 5, 6)",identity_3-5-6,251.87747738830524,1.0000000000001328,21,20,2696,OK,113.99971569494483,0.7962485851786193,0.23278694717655468,0.46557389435310936,2.607619655227535e-66,0.029882404551291167,0.9513706666666667,0.999987,0.8
N2,identity,"(3, 4, 9)",identity_3-4-9,225.35157528905359,1.0000000000001275,38,34,2686,OK,31.870454303643214,0.9788639618129475,0.26164513648439336,0.46557389435310936,0.057716378615677424,0.06875238069128492,0.9718568421052631,0.999648,0.7474747474747475
N2,identity,"(3, 5, 7)",identity_3-5-7,248.20147582488516,1.000000000000134,26,27,2696,OK,106.66698534184604,0.8020183055023276,0.233765488939742,0.46557389435310936,0.0019570835263746453,0.03170832313726849,0.9605743076923077,0.999958,0.8076923076923077
N2,identity,"(3, 5, 8)",identity_3-5-8,229.2616047512297,1.0000000000001297,32,31,2696,OK,46.02280850293994,0.9581210331383865,0.25849541883012783,0.46557389435310936,0.05141694330714631,0.06207975357417153,0.96705075,0.999826,0.8636363636363636
N2,identity,"(3, 5, 9)",identity_3-5-9,225.35157528905359,1.0000000000001275,38,34,2696,OK,31.870454303643214,0.9788639618129475,0.26164513648439336,0.46557389435310936,0.057716378615677424,0.06875238069128492,0.9718568421052631,0.999648,0.7474747474747475
N2,identity,"(3, 6, 7)",identity_3-6-7,248.20147582488516,1.000000000000134,26,27,2696,OK,106.66698534184604,0.8020183055023276,0.233765488939742,0.46557389435310936,0.0019570835263746453,0.03170832313726849,0.9605743076923077,0.999958,0.8076923076923077
N2,identity,"(3, 6, 8)",identity_3-6-8,229.2616047512297,1.0000000000001297,32,31,2686,OK,46.02280850293994,0.9581210331383865,0.25849541883012783,0.46557389435310936,0.05141694330714631,0.06207975357417153,0.96705075,0.999826,0.8636363636363636
N2,identity,"(3, 6, 9)",identity_3-6-9,225.35157528905359,1.0000000000001275,38,34,2686,OK,31.870454303643214,0.9788639618129475,0.26164513648439336,0.46557389435310936,0.057716378615677424,0.06875238069128492,0.9718568421052631,0.999648,0.7474747474747475
N2,identity,"(3, 7, 8)",identity_3-7-8,225.89050181281323,1.0000000000001301,38,34,2696,OK,27.133941327647904,0.9788648172146903,0.2594739605933151,0.46557389435310936,0.05337402683352096,0.06438401963591033,0.9720863157894737,0.999763,0.9245283018867925
N2,identity,"(3, 7, 9)",identity_3-7-9,222.66688074347485,1.0000000000001257,40,38,2696,OK,51.57122019664939,0.9394902763932315,0.2626236782475807,0.46557389435310936,0.059673462142052075,0.07222434435770357,0.97312885,0.999596,0.8828828828828829
N2,identity,"(3, 8, 9)",identity_3-8-9,205.37821239115317,1.0000000000001283,44,43,2686,OK,31.870454303643214,0.9788639618129477,0.28735360813796657,0.46557389435310936,0.10913332192282374,0.11122811032261092,0.9749136363636364,0.999527,0.562962962962963
N2,identity,"(4, 5, 6)",identity_4-5-6,251.87747738830524,1.0000000000001328,21,20,2696,OK,113.99971569494483,0.7962485851786193,0.23278694717655468,0.46557389435310936,2.562814274592062e-66,0.029882404551291167,0.9513706666666667,0.999987,0.8
N2,identity,"(4, 5, 7)",identity_4-5-7,248.20147582488516,1.000000000000134,26,27,2696,OK,106.66698534184604,0.8020183055023276,0.233765488939742,0.46557389435310936,0.0019570835263746453,0.03170832313726849,0.9605743076923077,0.999958,0.8076923076923077
N2,identity,"(4, 5, 8)",identity_4-5-8,229.2616047512297,1.0000000000001297,32,31,2696,OK,46.02280850293994,0.9581210331383865,0.25849541883012783,0.46557389435310936,0.05141694330714631,0.06207975357417153,0.96705075,0.999826,0.8636363636363636
N2,identity,"(4, 5, 9)",identity_4-5-9,225.35157528905359,1.0000000000001275,38,34,2696,OK,31.870454303643214,0.9788639618129475,0.26164513648439336,0.46557389435310936,0.057716378615677424,0.06875238069128492,0.9718568421052631,0.999648,0.7474747474747475
N2,identity,"(4, 6, 7)",identity_4-6-7,248.20147582488516,1.000000000000134,26,27,2696,OK,106.66698534184604,0.8020183055023276,0.233765488939742,0.46557389435310936,0.0019570835263746453,0.03170832313726849,0.9605743076923077,0.999958,0.8076923076923077
N2,identity,"(4, 6, 8)",identity_4-6-8,229.2616047512297,1.0000000000001297,32,31,2654,OK,46.02280850293994,0.9581210331383865,0.25849541883012783,0.46557389435310936,0.05141694330714631,0.06207975357417153,0.96705075,0.999826,0.8636363636363636
N2,identity,"(4, 6, 9)",identity_4-6-9,225.35157528905359,1.0000000000001275,38,34,2654,OK,31.870454303643214,0.9788639618129475,0.26164513648439336,0.46557389435310936,0.057716378615677424,0.06875238069128492,0.9718568421052631,0.999648,0.7474747474747475
N2,identity,"(4, 7, 8)",identity_4-7-8,225.89050181281323,1.0000000000001301,38,34,2696,OK,27.133941327647904,0.9788648172146903,0.2594739605933151,0.46557389435310936,0.05337402683352096,0.06438401963591033,0.9720863157894737,0.999763,0.9245283018867925
N2,identity,"(4, 7, 9)",identity_4-7-9,222.66688074347485,1.0000000000001257,40,38,2696,OK,51.57122019664939,0.9394902763932315,0.2626236782475807,0.46557389435310936,0.059673462142052075,0.07222434435770357,0.97312885,0.999596,0.8828828828828829
N2,identity,"(4, 8, 9)",identity_4-8-9,205.37821239115317,1.0000000000001283,44,43,2654,OK,31.870454303643214,0.9788639618129477,0.28735360813796657,0.46557389435310936,0.10913332192282374,0.11122811032261092,0.9749136363636364,0.999527,0.562962962962963
N2,identity,"(5, 6, 7)",identity_5-6-7,248.20147582488516,1.000000000000134,26,27,2696,OK,106.66698534184604,0.8020183055023276,0.233765488939742,0.46557389435310936,0.0019570835263746453,0.03170832313726849,0.9605743076923077,0.999958,0.8076923076923077
N2,identity,"(5, 6, 8)",identity_5-6-8,229.2616047512297,1.0000000000001297,32,31,2696,OK,46.02280850293994,0.9581210331383865,0.25849541883012783,0.46557389435310936,0.05141694330714631,0.06207975357417153,0.96705075,0.999826,0.8636363636363636
N2,identity,"(5, 6, 9)",identity_5-6-9,225.35157528905359,1.0000000000001275,38,34,2696,OK,31.870454303643214,0.9788639618129475,0.26164513648439336,0.46557389435310936,0.057716378615677424,0.06875238069128492,0.9718568421052631,0.999648,0.7474747474747475
N2,identity,"(5, 7, 8)",identity_5-7-8,225.89050181281323,1.0000000000001301,38,34,2696,OK,27.133941327647904,0.9788648172146903,0.2594739605933151,0.46557389435310936,0.05337402683352096,0.06438401963591033,0.9720863157894737,0.999763,0.9245283018867925
N2,identity,"(5, 7, 9)",identity_5-7-9,222.66688074347485,1.0000000000001257,40,38,2696,OK,51.57122019664939,0.9394902763932315,0.2626236782475807,0.46557389435310936,0.059673462142052075,0.07222434435770357,0.97312885,0.999596,0.8828828828828829
N2,identity,"(5, 8, 9)",identity_5-8-9,205.37821239115317,1.0000000000001283,44,43,2696,OK,31.870454303643214,0.9788639618129477,0.28735360813796657,0.46557389435310936,0.10913332192282374,0.11122811032261092,0.9749136363636364,0.999527,0.562962962962963
N2,identity,"(6, 7, 8)",identity_6-7-8,225.89050181281323,1.0000000000001301,38,34,2696,OK,27.133941327647904,0.9788648172146903,0.2594739605933151,0.46557389435310936,0.05337402683352096,0.06438401963591033,0.9720863157894737,0.999763,0.9245283018867925
N2,identity,"(6, 7, 9)",identity_6-7-9,222.66688074347485,1.0000000000001257,40,38,2696,OK,51.57122019664939,0.9394902763932315,0.2626236782475807,0.46557389435310936,0.059673462142052075,0.07222434435770357,0.97312885,0.999596,0.8828828828828829
N2,identity,"(6, 8, 9)",identity_6-8-9,205.37821239115317,1.0000000000001283,44,43,2654,OK,31.870454303643214,0.9788639618129477,0.28735360813796657,0.46557389435310936,0.10913332192282374,0.11122811032261092,0.9749136363636364,0.999527,0.562962962962963
N2,identity,"(7, 8, 9)",identity_7-8-9,202.97158975022,1.0000000000001308,43,42,2696,OK,29.259903314340363,0.9788515552522662,0.28833214990115386,0.46557389435310936,0.11109040544919838,0.11505460243174119,0.9741733023255814,0.999465,0.9426229508196722
N2,reverse,"(2, 4, 6)",reverse_2-4-6,247.85509242479975,1.0000000000001315,26,26,2654,OK,106.66698534174657,0.8020183055023274,0.233765488939742,0.46557389435310936,0.0019570835263746453,0.031236745441712913,0.9605973846153846,0.99995,0.9130434782608695
N2,reverse,"(2, 4, 5)",reverse_2-4-5,247.85509242479975,1.0000000000001315,26,26,2696,OK,106.66698534174657,0.8020183055023274,0.233765488939742,0.46557389435310936,0.0019570835263746453,0.031236745441712913,0.9605973846153846,0.99995,0.9130434782608695
N2,reverse,"(2, 5, 8)",reverse_2-5-8,224.9537484457278,1.0000000000001275,36,36,2696,OK,29.068263305447317,0.9781335524780966,0.2594739605933151,0.46557389435310936,0.05337402683352096,0.06403191929376113,0.9705613333333334,0.999763,0.7254901960784313
N2,reverse,"(3, 5, 7)",reverse_3-5-7,248.20147582488516,1.000000000000134,26,27,2696,OK,106.66698534184604,0.8020183055023276,0.233765488939742,0.46557389435310936,0.0019570835263746453,0.03170832313726849,0.9605743076923077,0.999958,0.8076923076923077
N2,reverse,"(0, 3, 9)",reverse_0-3-9,194.1210960501678,1.0000000000001315,43,49,2686,OK,46.56101398974499,0.965979281459412,0.2905033257922321,0.46557389435310936,0.11543275723135486,0.11679860922683183,0.9739960465116279,0.999532,0.9716312056737588
N2,reverse,"(2, 5, 9)",reverse_2-5-9,221.09361992492893,1.0000000000001286,38,36,2696,OK,33.0299463829391,0.9558504132451004,0.2626236782475807,0.46557389435310936,0.059673462142052075,0.07330922124692207,0.9716835263157895,0.999621,0.9489795918367347
N2,reverse,"(0, 2, 3)",reverse_0-2-3,219.48523498463146,1.0000000000001297,38,39,2686,OK,46.56101398974499,0.9659792814594121,0.2626236782475807,0.46557389435310936,0.05967346214205206,0.06871607047526261,0.971809,0.999626,0.9801980198019802
N2,reverse,"(0, 3, 5)",reverse_0-3-5,222.44706873203768,1.0000000000001306,37,39,2696,OK,31.870454303643214,0.9788639618129475,0.26164513648439336,0.46557389435310936,0.05771637861567742,0.06572303906339755,0.9711884864864865,0.999662,0.7311827956989247
N2,reverse,"(0, 1, 4)",reverse_0-1-4,199.73821783479195,1.0000000000001286,43,42,2672,OK,31.870454303643214,0.9788639618129478,0.28735360813796657,0.46557389435310936,0.1091333219228238,0.10846458112141877,0.9744810697674419,0.999591,0.4251968503937008
N2,reverse,"(0, 6, 9)",reverse_0-6-9,194.1210960501678,1.0000000000001315,43,49,2654,OK,46.56101398974499,0.965979281459412,0.2905033257922321,0.46557389435310936,0.11543275723135486,0.11679860922683183,0.9739960465116279,0.999532,0.9716312056737588
N2,reverse,"(2, 3, 5)",reverse_2-3-5,247.85509242479975,1.0000000000001315,26,26,2696,OK,106.66698534174657,0.8020183055023274,0.233765488939742,0.46557389435310936,0.0019570835263746453,0.031236745441712913,0.9605973846153846,0.99995,0.9130434782608695
N2,reverse,"(2, 4, 9)",reverse_2-4-9,221.09361992492893,1.0000000000001286,38,36,2654,OK,33.0299463829391,0.9558504132451004,0.2626236782475807,0.46557389435310936,0.059673462142052075,0.07330922124692207,0.9716835263157895,0.999621,0.9489795918367347
N2,reverse,"(0, 6, 8)",reverse_0-6-8,199.48932575398715,1.0000000000001286,41,43,2654,OK,31.870454303643214,0.9788639618129475,0.28735360813796657,0.46557389435310936,0.10913332192282374,0.10873521182680751,0.9731529268292682,0.99957,0.4796747967479675
N2,reverse,"(3, 6, 8)",reverse_3-6-8,229.2616047512297,1.0000000000001297,32,31,2686,OK,46.02280850293994,0.9581210331383865,0.25849541883012783,0.46557389435310936,0.05141694330714631,0.06207975357417153,0.96705075,0.999826,0.8636363636363636
N2,reverse,"(2, 3, 7)",reverse_2-3-7,244.24523114676333,1.0000000000001323,26,23,2696,OK,104.01992929894277,0.8030626249760254,0.23474403070292932,0.46557389435310936,0.003914167052749291,0.034230093240753504,0.9604332307692308,0.999948,0.8148148148148148
N2,reverse,"(3, 6, 9)",reverse_3-6-9,225.35157528905359,1.0000000000001275,38,34,2686,OK,31.870454303643214,0.9788639618129475,0.26164513648439336,0.46557389435310936,0.057716378615677424,0.06875238069128492,0.9718568421052631,0.999648,0.7474747474747475
N2,reverse,"(7, 8, 9)",reverse_7-8-9,202.97158975022,1.0000000000001308,43,42,2696,OK,29.259903314340363,0.9788515552522662,0.28833214990115386,0.46557389435310936,0.11109040544919838,0.11505460243174119,0.9741733023255814,0.999465,0.9426229508196722
N2,reverse,"(1, 5, 6)",reverse_1-5-6,226.24324468826273,1.000000000000131,34,32,2696,OK,46.02280850293994,0.9581210331383865,0.25849541883012783,0.46557389435310936,0.05141694330714636,0.060126098154348356,0.968992,0.99982,0.9473684210526315
N2,reverse,"(1, 2, 7)",reverse_1-2-7,218.63625060402114,1.0000000000001326,35,35,2696,OK,27.133941327647904,0.9788648172146902,0.26045250235650247,0.46557389435310936,0.055331110359895644,0.06476665723866351,0.9695716571428571,0.99972,0.9333333333333333
N2,reverse,"(0, 5, 8)",reverse_0-5-8,199.48932575398715,1.0000000000001286,41,43,2696,OK,31.870454303643214,0.9788639618129475,0.28735360813796657,0.46557389435310936,0.10913332192282374,0.10873521182680751,0.9731529268292682,0.99957,0.4796747967479675
N2,reverse,"(1, 2, 9)",reverse_1-2-9,195.77003062991594,1.00000000000013,40,38,2672,OK,31.870454303643214,0.9788639618129475,0.2883321499011539,0.46557389435310936,0.11109040544919843,0.11519708490717961,0.97220975,0.999476,0.9440559440559441
N2,reverse,"(0, 1, 9)",reverse_0-1-9,171.6496972727839,1.0000000000001263,46,45,2672,OK,24.267038653349005,0.9831497139805823,0.31621179744580524,0.46557389435310936,0.1668497005385012,0.16896439110077452,0.9748666086956522,0.999458,0.832258064516129
N2,reverse,"(3, 8, 9)",reverse_3-8-9,205.37821239115317,1.0000000000001283,44,43,2686,OK,31.870454303643214,0.9788639618129477,0.28735360813796657,0.46557389435310936,0.10913332192282374,0.11122811032261092,0.9749136363636364,0.999527,0.562962962962963
N2,reverse,"(2, 3, 4)",reverse_2-3-4,247.85509242479975,1.0000000000001315,26,26,2686,OK,106.66698534174657,0.8020183055023274,0.233765488939742,0.46557389435310936,0.0019570835263746453,0.031236745441712913,0.9605973846153846,0.99995,0.9130434782608695
N2,reverse,"(2, 6, 7)",reverse_2-6-7,244.24523114676333,1.0000000000001323,26,23,2696,OK,104.01992929894277,0.8030626249760254,0.23474403070292932,0.46557389435310936,0.003914167052749291,0.034230093240753504,0.9604332307692308,0.999948,0.8148148148148148
N2,reverse,"(0, 3, 6)",reverse_0-3-6,222.44706873203768,1.0000000000001306,37,39,2686,OK,31.870454303643214,0.9788639618129475,0.26164513648439336,0.46557389435310936,0.05771637861567742,0.06572303906339755,0.9711884864864865,0.999662,0.7311827956989247
N2,reverse,"(0, 1, 3)",reverse_0-1-3,199.73821783479195,1.0000000000001286,43,42,2688,OK,31.870454303643214,0.9788639618129478,0.28735360813796657,0.46557389435310936,0.1091333219228238,0.10846458112141877,0.9744810697674419,0.999591,0.4251968503937008
N2,reverse,"(3, 5, 6)",reverse_3-5-6,251.87747738830524,1.0000000000001328,21,20,2696,OK,113.99971569494483,0.7962485851786193,0.23278694717655468,0.46557389435310936,2.607619655227535e-66,0.029882404551291167,0.9513706666666667,0.999987,0.8
N2,reverse,"(0, 3, 8)",reverse_0-3-8,199.48932575398715,1.0000000000001286,41,43,2686,OK,31.870454303643214,0.9788639618129475,0.28735360813796657,0.46557389435310936,0.10913332192282374,0.10873521182680751,0.9731529268292682,0.99957,0.4796747967479675
N2,reverse,"(1, 3, 8)",reverse_1-3-8,205.66206399405473,1.0000000000001321,36,33,2688,OK,51.781914492949,0.9562949301626548,0.284203890483701,0.46557389435310936,0.10283388661429267,0.10589175051531464,0.9697818888888889,0.999757,0.9180327868852459
N2,reverse,"(1, 3, 9)",reverse_1-3-9,199.76319712480972,1.000000000000132,45,42,2688,OK,31.870454303643214,0.9788639618129475,0.28735360813796657,0.46557389435310936,0.1091333219228238,0.11072812683646066,0.9754864,0.99955,0.4838709677419355
N2,reverse,"(0, 1, 2)",reverse_0-1-2,196.99025271097526,1.0000000000001303,39,41,2672,OK,28.84444850734269,0.9806563594670196,0.2883321499011539,0.46557389435310936,0.11109040544919842,0.1112341532663929,0.9717229230769231,0.999521,0.9915966386554622
N2,reverse,"(5, 8, 9)",reverse_5-8-9,205.37821239115317,1.0000000000001283,44,43,2696,OK,31.870454303643214,0.9788639618129477,0.28735360813796657,0.46557389435310936,0.10913332192282374,0.11122811032261092,0.9749136363636364,0.999527,0.562962962962963
N2,reverse,"(3, 4, 5)",reverse_3-4-5,251.87747738830524,1.0000000000001328,21,20,2696,OK,113.99971569494483,0.7962485851786193,0.23278694717655468,0.46557389435310936,4.1123931627165904e-67,0.029882404551291167,0.9513706666666667,0.999987,0.8
N2,reverse,"(2, 3, 6)",reverse_2-3-6,247.85509242479975,1.0000000000001315,26,26,2686,OK,106.66698534174657,0.8020183055023274,0.233765488939742,0.46557389435310936,0.0019570835263746453,0.031236745441712913,0.9605973846153846,0.99995,0.9130434782608695
N2,reverse,"(0, 8, 9)",reverse_0-8-9,173.93339520938866,1.000000000000128,46,46,2654,OK,31.307073886935655,0.9762021976868116,0.3162117974458052,0.46557389435310936,0.16684970053850112,0.16830609857886047,0.9748206086956521,0.999453,0.9727891156462585
N2,reverse,"(4, 5, 9)",reverse_4-5-9,225.35157528905359,1.0000000000001275,38,34,2696,OK,31.870454303643214,0.9788639618129475,0.26164513648439336,0.46557389435310936,0.057716378615677424,0.06875238069128492,0.9718568421052631,0.999648,0.7474747474747475
N2,reverse,"(1, 5, 9)",reverse_1-5-9,199.76319712480972,1.000000000000132,45,42,2696,OK,31.870454303643214,0.9788639618129475,0.28735360813796657,0.46557389435310936,0.1091333219228238,0.11072812683646066,0.9754864,0.99955,0.4838709677419355
N2,reverse,"(3, 5, 8)",reverse_3-5-8,229.2616047512297,1.0000000000001297,32,31,2696,OK,46.02280850293994,0.9581210331383865,0.25849541883012783,0.46557389435310936,0.05141694330714631,0.06207975357417153,0.96705075,0.999826,0.8636363636363636
N2,reverse,"(5, 6, 9)",reverse_5-6-9,225.35157528905359,1.0000000000001275,38,34,2696,OK,31.870454303643214,0.9788639618129475,0.26164513648439336,0.46557389435310936,0.057716378615677424,0.06875238069128492,0.9718568421052631,0.999648,0.7474747474747475
N2,r039,"(2, 4, 6)",r039_2-4-6,267.07652547921157,1.000000000000128,31,32,2724,OK,45.75080481754412,0.9643927567155179,0.22415892421684902,0.44636076490732335,0.0019570835263746453,0.04550963456426936,0.9666372258064516,0.99989,0.9545454545454546
N2,r039,"(2, 4, 5)",r039_2-4-5,267.07652547921157,1.000000000000128,31,32,2726,OK,45.75080481754412,0.9643927567155179,0.22415892421684902,0.44636076490732335,0.0019570835263746453,0.04550963456426936,0.9666372258064516,0.99989,0.9545454545454546
N2,r039,"(2, 5, 8)",r039_2-5-8,241.54385177331505,1.000000000000127,34,36,2726,OK,37.2598280890486,0.973211483030115,0.24986739587042214,0.44636076490732335,0.05337402683352096,0.09408252297315746,0.9683222352941177,0.999818,0.967741935483871
N2,r039,"(3, 5, 7)",r039_3-5-7,266.5205507887407,1.0000000000001261,35,32,2726,OK,41.59491381363978,0.9645794364322233,0.22415892421684902,0.44636076490732335,0.0019570835263746453,0.04605261514880919,0.9703760571428571,0.999864,1.0
N2,r039,"(0, 3, 9)",r039_0-3-9,212.15498198834837,1.0000000000001312,47,43,2766,OK,48.084568788738125,0.9629211927822986,0.28089676106933914,0.44636076490732335,0.11543275723135486,0.12446605476741424,0.9764182127659574,0.999769,0.98
N2,r039,"(2, 5, 9)",r039_2-5-9,236.57601352491042,1.0000000000001297,35,37,2756,OK,49.22033479513743,0.9620023579000732,0.2530171135246877,0.44636076490732335,0.059673462142052075,0.06654427453585215,0.9696190285714286,0.99984,0.8974358974358975
N2,r039,"(0, 2, 3)",r039_0-2-3,241.1634771947604,1.0000000000001308,39,38,2736,OK,50.33715381054549,0.9632309741275616,0.2530171135246877,0.44636076490732335,0.05967346214205206,0.09353783322310927,0.9725003076923077,0.999829,0.6037735849056604
N2,r039,"(0, 3, 5)",r039_0-3-5,243.87458946036134,1.000000000000132,37,39,2736,OK,51.71034096474614,0.9620186330560143,0.2520385717615004,0.44636076490732335,0.05771637861567742,0.09015707042850095,0.971169945945946,0.999833,0.9705882352941176
N2,r039,"(0, 1, 4)",r039_0-1-4,220.95275308090834,1.0000000000001295,36,42,2734,OK,31.307073886935655,0.9762021976868118,0.27774704341507356,0.44636076490732335,0.1091333219228238,0.11537884036950707,0.9698182777777777,0.999809,0.6875
N2,r039,"(0, 6, 9)",r039_0-6-9,212.15498198834837,1.0000000000001312,47,43,2764,OK,48.084568788738125,0.9629211927822986,0.28089676106933914,0.44636076490732335,0.11543275723135486,0.12446605476741424,0.9764182127659574,0.999769,0.98
N2,r039,"(2, 3, 5)",r039_2-3-5,267.07652547921157,1.000000000000128,31,32,2726,OK,45.75080481754412,0.9643927567155179,0.22415892421684902,0.44636076490732335,0.0019570835263746453,0.04550963456426936,0.9666372258064516,0.99989,0.9545454545454546
N2,r039,"(2, 4, 9)",r039_2-4-9,236.57601352491042,1.0000000000001297,35,37,2754,OK,49.22033479513743,0.9620023579000732,0.2530171135246877,0.44636076490732335,0.059673462142052075,0.06654427453585215,0.9696190285714286,0.99984,0.8974358974358975
N2,r039,"(0, 6, 8)",r039_0-6-8,218.7170897838655,1.0000000000001283,42,42,2734,OK,39.53086646883719,0.972737887074901,0.27774704341507356,0.44636076490732335,0.10913332192282374,0.14512698666134255,0.973469380952381,0.999723,0.7530864197530864
N2,r039,"(3, 6, 8)",r039_3-6-8,245.56959412902302,1.0000000000001226,35,32,2726,OK,49.74748074573654,0.9570155385460307,0.24888885410723482,0.44636076490732335,0.05141694330714631,0.09242305228158122,0.9693184,0.999851,0.8846153846153846
N2,r039,"(2, 3, 7)",r039_2-3-7,262.84131698631086,1.0000000000001288,35,33,2726,OK,38.688189150647645,0.9674939870277988,0.22513746598003634,0.44636076490732335,0.003914167052749291,0.048390749213529156,0.9702779428571429,0.999862,0.9428571428571428
N2,r039,"(3, 6, 9)",r039_3-6-9,240.55128666454095,1.0000000000001281,32,37,2756,OK,49.22033479513743,0.9620023579000732,0.2520385717615004,0.44636076490732335,0.057716378615677424,0.06211726492415163,0.9669620625,0.999838,0.7872340425531915
N2,r039,"(7, 8, 9)",r039_7-8-9,215.16282453404756,1.00000000000013,44,44,2756,OK,53.32064297364525,0.9586843253266693,0.27872558517826085,0.44636076490732335,0.11109040544919838,0.1223474140713543,0.9749167727272727,0.999637,0.9354838709677419
N2,r039,"(1, 5, 6)",r039_1-5-6,245.24401080779512,1.0000000000001303,32,33,2736,OK,68.95021345904695,0.9423934605786739,0.24888885410723485,0.44636076490732335,0.05141694330714636,0.052847496601318204,0.9674899375,0.999897,1.0
N2,r039,"(1, 2, 7)",r039_1-2-7,237.29449294354765,1.0000000000001266,38,40,2736,OK,44.664896552149,0.9647967029331338,0.2508459376336095,0.44636076490732335,0.055331110359895644,0.057589765982600925,0.9723918421052632,0.99986,0.8518518518518519
N2,r039,"(0, 5, 8)",r039_0-5-8,218.7170897838655,1.0000000000001283,42,42,2736,OK,39.53086646883719,0.972737887074901,0.27774704341507356,0.44636076490732335,0.10913332192282374,0.14512698666134255,0.973469380952381,0.999723,0.7530864197530864
N2,r039,"(1, 2, 9)",r039_1-2-9,211.2020897824749,1.000000000000126,38,41,2764,OK,31.307073886935655,0.9762021976868118,0.2787255851782609,0.44636076490732335,0.11109040544919843,0.09147104918397017,0.9716547894736842,0.999788,0.9777777777777777
N2,r039,"(0, 1, 9)",r039_0-1-9,189.29863894774712,1.0000000000001272,35,46,2764,OK,31.307073886935655,0.9762021976868117,0.3066052327229123,0.44636076490732335,0.1668497005385012,0.1610932100457181,0.9676793714285714,0.999748,0.5679012345679012
N2,r039,"(3, 8, 9)",r039_3-8-9,218.1819586831466,1.0000000000001308,40,39,2756,OK,44.76206515614933,0.9692307391254825,0.27774704341507356,0.44636076490732335,0.10913332192282374,0.1194860021973211,0.97258825,0.999712,0.8028169014084507
N2,r039,"(2, 3, 4)",r039_2-3-4,267.07652547921157,1.000000000000128,31,32,2726,OK,45.75080481754412,0.9643927567155179,0.22415892421684902,0.44636076490732335,0.0019570835263746453,0.04550963456426936,0.9666372258064516,0.99989,0.9545454545454546
N2,r039,"(2, 6, 7)",r039_2-6-7,262.84131698631086,1.0000000000001288,35,33,2726,OK,38.688189150647645,0.9674939870277988,0.22513746598003634,0.44636076490732335,0.003914167052749291,0.048390749213529156,0.9702779428571429,0.999862,0.9428571428571428
N2,r039,"(0, 3, 6)",r039_0-3-6,243.87458946036134,1.000000000000132,37,39,2736,OK,51.71034096474614,0.9620186330560143,0.2520385717615004,0.44636076490732335,0.05771637861567742,0.09015707042850095,0.971169945945946,0.999833,0.9705882352941176
N2,r039,"(0, 1, 3)",r039_0-1-3,220.95275308090834,1.0000000000001295,36,42,2736,OK,31.307073886935655,0.9762021976868118,0.27774704341507356,0.44636076490732335,0.1091333219228238,0.11537884036950707,0.9698182777777777,0.999809,0.6875
N2,r039,"(3, 5, 6)",r039_3-5-6,270.8228584398995,1.0000000000001261,29,33,2726,OK,49.68586330053881,0.9571792171749969,0.22318038245366167,0.44636076490732335,2.607619655227535e-66,0.0441301182372991,0.9644346896551724,0.999932,0.6666666666666666
N2,r039,"(0, 3, 8)",r039_0-3-8,218.7170897838655,1.0000000000001283,42,42,2736,OK,39.53086646883719,0.972737887074901,0.27774704341507356,0.44636076490732335,0.10913332192282374,0.14512698666134255,0.973469380952381,0.999723,0.7530864197530864
N2,r039,"(1, 3, 8)",r039_1-3-8,222.1292335695466,1.000000000000128,36,34,2736,OK,49.74748074573654,0.9570155385460307,0.27459732576080803,0.44636076490732335,0.10283388661429267,0.115016229682781,0.9698760555555556,0.999854,0.9487179487179487
N2,r039,"(1, 3, 9)",r039_1-3-9,214.89981511282963,1.0000000000001281,39,38,2766,OK,47.068027818241376,0.9629024200878443,0.27774704341507356,0.44636076490732335,0.1091333219228238,0.08671414060654509,0.9725687179487179,0.999827,0.9444444444444444
N2,r039,"(0, 1, 2)",r039_0-1-2,218.47619688747955,1.000000000000128,43,37,2734,OK,31.307073886935655,0.9762021976868117,0.2787255851782609,0.44636076490732335,0.11109040544919842,0.11865780204521596,0.9746013953488372,0.999785,0.6440677966101694
N2,r039,"(5, 8, 9)",r039_5-8-9,218.1819586831466,1.0000000000001308,40,39,2756,OK,44.76206515614933,0.9692307391254825,0.27774704341507356,0.44636076490732335,0.10913332192282374,0.1194860021973211,0.97258825,0.999712,0.8028169014084507
N2,r039,"(3, 4, 5)",r039_3-4-5,270.8228584398995,1.0000000000001261,29,33,2726,OK,49.68586330053881,0.9571792171749969,0.22318038245366167,0.44636076490732335,4.1123931627165904e-67,0.0441301182372991,0.9644346896551724,0.999932,0.6666666666666666
N2,r039,"(2, 3, 6)",r039_2-3-6,267.07652547921157,1.000000000000128,31,32,2726,OK,45.75080481754412,0.9643927567155179,0.22415892421684902,0.44636076490732335,0.0019570835263746453,0.04550963456426936,0.9666372258064516,0.99989,0.9545454545454546
N2,r039,"(0, 8, 9)",r039_0-8-9,190.02895637210315,1.0000000000001334,47,48,2764,OK,38.886291139135665,0.9707238680482776,0.30660523272291224,0.44636076490732335,0.16684970053850112,0.18810172129847913,0.9753111914893617,0.999658,0.6507936507936508
N2,r039,"(4, 5, 9)",r039_4-5-9,240.55128666454095,1.0000000000001281,32,37,2756,OK,49.22033479513743,0.9620023579000732,0.2520385717615004,0.44636076490732335,0.057716378615677424,0.06211726492415163,0.9669620625,0.999838,0.7872340425531915
N2,r039,"(1, 5, 9)",r039_1-5-9,214.89981511282963,1.0000000000001281,39,38,2766,OK,47.068027818241376,0.9629024200878443,0.27774704341507356,0.44636076490732335,0.1091333219228238,0.08671414060654509,0.9725687179487179,0.999827,0.9444444444444444
N2,r039,"(3, 5, 8)",r039_3-5-8,245.56959412902302,1.0000000000001226,35,32,2726,OK,49.74748074573654,0.9570155385460307,0.24888885410723482,0.44636076490732335,0.05141694330714631,0.09242305228158122,0.9693184,0.999851,0.8846153846153846
N2,r039,"(5, 6, 9)",r039_5-6-9,240.55128666454095,1.0000000000001281,32,37,2756,OK,49.22033479513743,0.9620023579000732,0.2520385717615004,0.44636076490732335,0.057716378615677424,0.06211726492415163,0.9669620625,0.999838,0.7872340425531915
